ISO-10303-21;
HEADER;
FILE_DESCRIPTION (( 'STEP AP214' ),
    '1' );
FILE_NAME ('7701.STEP',
    '2022-08-23T14:58:11',
    ( '' ),
    ( '' ),
    'SwSTEP 2.0',
    'SolidWorks 2013',
    '' );
FILE_SCHEMA (( 'AUTOMOTIVE_DESIGN' ));
ENDSEC;

DATA;
#1 = CARTESIAN_POINT ( 'NONE',  ( 0.2379402892192384900, 0.1205097155769567100, 0.1463669779158498500 ) ) ;
#2 = PRESENTATION_LAYER_ASSIGNMENT (  '', '', ( #17 ) ) ;
#3 = CARTESIAN_POINT ( 'NONE',  ( 0.1171379296976421700, -0.04215695108970995300, 0.04886697791584979100 ) ) ;
#4 =( GEOMETRIC_REPRESENTATION_CONTEXT ( 3 ) GLOBAL_UNCERTAINTY_ASSIGNED_CONTEXT ( ( #2685 ) ) GLOBAL_UNIT_ASSIGNED_CONTEXT ( ( #1087, #1071, #1053 ) ) REPRESENTATION_CONTEXT ( 'NONE', 'WORKASPACE' ) );
#5 = CARTESIAN_POINT ( 'NONE',  ( -0.05088184525507220800, 0.2233697673216185600, 0.01286697791584984000 ) ) ;
#6 = CARTESIAN_POINT ( 'NONE',  ( 0.2379402892192384900, 0.1205097155769567100, 0.1197921747662435300 ) ) ;
#7 = AXIS2_PLACEMENT_3D ( 'NONE', #3959, #3919, #3904 ) ;
#8 = MECHANICAL_DESIGN_GEOMETRIC_PRESENTATION_REPRESENTATION (  '', ( #64 ), #4 ) ;
#9 =( CONVERSION_BASED_UNIT ( 'INCH', #4385 ) LENGTH_UNIT ( ) NAMED_UNIT ( #1641 ) );
#10 = DIRECTION ( 'NONE',  ( 0.0000000000000000000, 0.0000000000000000000, 1.000000000000000000 ) ) ;
#11 = CARTESIAN_POINT ( 'NONE',  ( 0.05074264874083504000, 0.01584304891028987700, -0.06613302208415011700 ) ) ;
#12 = ORIENTED_EDGE ( 'NONE', *, *, #2072, .T. ) ;
#13 = CARTESIAN_POINT ( 'NONE',  ( 0.1609402892192387000, 0.1885097155769567500, 0.01286697791584983200 ) ) ;
#14 =( GEOMETRIC_REPRESENTATION_CONTEXT ( 3 ) GLOBAL_UNCERTAINTY_ASSIGNED_CONTEXT ( ( #4282 ) ) GLOBAL_UNIT_ASSIGNED_CONTEXT ( ( #1909, #3053, #2740 ) ) REPRESENTATION_CONTEXT ( 'NONE', 'WORKASPACE' ) );
#15 = CARTESIAN_POINT ( 'NONE',  ( 0.1337367499368438700, -0.04482361775637661700, 0.02011697791584974800 ) ) ;
#16 = DIRECTION ( 'NONE',  ( 1.000000000000000000, 2.449212707644754500E-016, 0.0000000000000000000 ) ) ;
#17 = STYLED_ITEM ( 'NONE', ( #392 ), #511 ) ;
#18 = ORIENTED_EDGE ( 'NONE', *, *, #1359, .T. ) ;
#19 = CARTESIAN_POINT ( 'NONE',  ( 0.1909402892192384200, 0.1205097155769567100, 0.1463669779158498500 ) ) ;
#20 = PLANE ( 'NONE',  #2370 ) ;
#21 = DIMENSIONAL_EXPONENTS ( 1.000000000000000000, 0.0000000000000000000, 0.0000000000000000000, 0.0000000000000000000, 0.0000000000000000000, 0.0000000000000000000, 0.0000000000000000000 ) ;
#22 = CARTESIAN_POINT ( 'NONE',  ( 0.1503355701760455400, -0.04749028442304327500, -0.008633022084150241200 ) ) ;
#23 = DIRECTION ( 'NONE',  ( -1.000000000000000000, 0.0000000000000000000, 0.0000000000000000000 ) ) ;
#24 = AXIS2_PLACEMENT_3D ( 'NONE', #3670, #4578, #4210 ) ;
#25 = DIRECTION ( 'NONE',  ( 0.0000000000000000000, -1.000000000000000000, 1.707404996040165000E-016 ) ) ;
#26 =( GEOMETRIC_REPRESENTATION_CONTEXT ( 3 ) GLOBAL_UNCERTAINTY_ASSIGNED_CONTEXT ( ( #3428 ) ) GLOBAL_UNIT_ASSIGNED_CONTEXT ( ( #2935, #2930, #2926 ) ) REPRESENTATION_CONTEXT ( 'NONE', 'WORKASPACE' ) );
#27 = CARTESIAN_POINT ( 'NONE',  ( -0.02305971078076154600, 0.1355097155769566800, 0.1463669779158498500 ) ) ;
#28 = CARTESIAN_POINT ( 'NONE',  ( 0.1409350552327683100, 0.1518842916109778600, 0.03025909340296348600 ) ) ;
#29 = EDGE_LOOP ( 'NONE', ( #441, #1553, #2499, #4354 ) ) ;
#30 = PLANE ( 'NONE',  #2407 ) ;
#31 = DIRECTION ( 'NONE',  ( 2.449212707644754500E-016, -1.000000000000000000, -0.0000000000000000000 ) ) ;
#32 = PRESENTATION_LAYER_ASSIGNMENT (  '', '', ( #64 ) ) ;
#33 = DIMENSIONAL_EXPONENTS ( 1.000000000000000000, 0.0000000000000000000, 0.0000000000000000000, 0.0000000000000000000, 0.0000000000000000000, 0.0000000000000000000, 0.0000000000000000000 ) ;
#34 = AXIS2_PLACEMENT_3D ( 'NONE', #4444, #4542, #4409 ) ;
#35 = FACE_OUTER_BOUND ( 'NONE', #136, .T. ) ;
#36 = CARTESIAN_POINT ( 'NONE',  ( 0.1337367499368437600, -0.05015695108970993900, -0.03738302208415023700 ) ) ;
#37 = ORIENTED_EDGE ( 'NONE', *, *, #634, .T. ) ;
#38 = CARTESIAN_POINT ( 'NONE',  ( -0.03747714191735300500, 0.2287703940298121100, 0.01286697791584985600 ) ) ;
#39 = EDGE_CURVE ( 'NONE', #4342, #1484, #3140, .T. ) ;
#40 = AXIS2_PLACEMENT_3D ( 'NONE', #1647, #1123, #1514 ) ;
#41 = LINE ( 'NONE', #216, #518 ) ;
#42 = CARTESIAN_POINT ( 'NONE',  ( 0.02158646014675904400, 0.1148430489102896800, 0.02736697791584989700 ) ) ;
#43 = EDGE_CURVE ( 'NONE', #4239, #2735, #3034, .T. ) ;
#44 = ADVANCED_FACE ( 'NONE', ( #1936 ), #2211, .T. ) ;
#45 = CARTESIAN_POINT ( 'NONE',  ( 0.03414382850163347900, 0.1258430489102896900, 0.02011697791585002500 ) ) ;
#46 = LENGTH_MEASURE_WITH_UNIT ( LENGTH_MEASURE( 0.02539999999999999900 ), #1325 );
#47 = CARTESIAN_POINT ( 'NONE',  ( 0.2379402892192384900, -0.07549028442304323000, 0.1463669779158498500 ) ) ;
#48 = SURFACE_STYLE_FILL_AREA ( #1400 ) ;
#49 =( BOUNDED_SURFACE ( )  B_SPLINE_SURFACE ( 1, 2, ( 
 ( #3129, #2768, #2748, #2742, #2719, #2705, #2700, #2684, #2680, #2665, #2651, #2635, #2609, #2592, #2573, #2558, #2525, #2510, #2498, #2480, #2464, #1961, #2397, #2357, #1560, #2342, #2312, #2298, #2294, #1217, #2259, #2235, #2219, #2199, #2178, #922, #2136, #2115, #2099, #2078, #2060, #2002, #1973, #1967, #1949, #1946, #1933, #1911, #1898, #1880, #1862, #1845, #1831, #1817, #1795, #1780, #1730, #1711, #1674, #1656, #1604, #1591, #1577, #1574, #1556, #1539, #1527, #1521, #1511, #1469, #1381, #1351, #117, #103, #42, #1338, #1320, #1303, #1289, #1208, #1201, #1189, #1184, #1169, #1164, #1152, #1133, #1129, #1120, #1115, #1095, #1084, #1047, #1032, #1014, #993, #977, #963, #942, #905, #890, #807, #798, #793, #782, #777, #764, #758, #741 ),
 ( #730, #725, #709, #704, #690, #677, #659, #2386, #2380, #2364, #647, #628, #608, #579, #558, #542, #527, #507, #490, #419, #407, #402, #385, #379, #364, #358, #343, #331, #326, #318, #314, #300, #285, #266, #244, #227, #214, #194, #180, #165, #147, #11, #4850, #4530, #4443, #4346, #4161, #4148, #4461, #3992, #3778, #3650, #3429, #3037, #3005, #2913, #2850, #2069, #1851, #1480, #635, #277, #306, #96, #123, #157, #4894, #4882, #4868, #4836, #4823, #4809, #4724, #4708, #4696, #4677, #4665, #4541, #4510, #4494, #4479, #4364, #4327, #4314, #4301, #4281, #4188, #4172, #4138, #4117, #4100, #4085, #4004, #3981, #3961, #3943, #3839, #3823, #3812, #3795, #3766, #3754, #3736, #3635, #3616, #3603, #3586, #3479, #3461 ) ),
 .UNSPECIFIED., .F., .F., .T. ) 
 B_SPLINE_SURFACE_WITH_KNOTS ( ( 2, 2 ),
 ( 3, 2, 2, 2, 2, 2, 2, 2, 2, 2, 2, 2, 2, 2, 2, 2, 2, 2, 2, 2, 2, 2, 2, 2, 2, 2, 2, 2, 2, 2, 2, 2, 2, 2, 2, 2, 2, 2, 2, 2, 2, 2, 2, 2, 2, 2, 2, 2, 2, 2, 2, 2, 2, 2, 3 ),
 ( 0.0000000000000000000, 1.000000000000000000 ),
 ( 0.0000000000000000000, 0.01851851851851851700, 0.03703703703703703500, 0.05555555555555555200, 0.07407407407407407000, 0.09259259259259258700, 0.1111111111111111000, 0.1296296296296296200, 0.1481481481481481400, 0.1666666666666666600, 0.1851851851851851700, 0.2037037037037036900, 0.2222222222222222100, 0.2407407407407407300, 0.2592592592592592400, 0.2777777777777777900, 0.2962962962962962800, 0.3148148148148148300, 0.3333333333333333100, 0.3518518518518518600, 0.3703703703703703500, 0.3888888888888889000, 0.4074074074074073800, 0.4259259259259259300, 0.4444444444444444200, 0.4629629629629629700, 0.4814814814814814500, 0.5000000000000000000, 0.5185185185185184900, 0.5370370370370370900, 0.5555555555555555800, 0.5740740740740740700, 0.5925925925925925600, 0.6111111111111111600, 0.6296296296296296500, 0.6481481481481481400, 0.6666666666666666300, 0.6851851851851852300, 0.7037037037037037200, 0.7222222222222222100, 0.7407407407407407000, 0.7592592592592593000, 0.7777777777777777900, 0.7962962962962962800, 0.8148148148148147700, 0.8333333333333333700, 0.8518518518518518600, 0.8703703703703703500, 0.8888888888888888400, 0.9074074074074074400, 0.9259259259259259300, 0.9444444444444444200, 0.9629629629629629100, 0.9814814814814815100, 1.000000000000000000 ),
 .UNSPECIFIED. ) 
 GEOMETRIC_REPRESENTATION_ITEM ( )  RATIONAL_B_SPLINE_SURFACE ( (
 ( 1.000000000000000000, 0.8660254037844387100, 1.000000000000000000, 0.8660254037844387100, 1.000000000000000000, 0.8660254037844387100, 1.000000000000000000, 0.8660254037844387100, 1.000000000000000000, 0.8660254037844387100, 1.000000000000000000, 0.8660254037844387100, 1.000000000000000000, 0.8660254037844387100, 1.000000000000000000, 0.8660254037844387100, 1.000000000000000000, 0.8660254037844387100, 1.000000000000000000, 0.8660254037844387100, 1.000000000000000000, 0.8660254037844387100, 1.000000000000000000, 0.8660254037844387100, 1.000000000000000000, 0.8660254037844387100, 1.000000000000000000, 0.8660254037844387100, 1.000000000000000000, 0.8660254037844387100, 1.000000000000000000, 0.8660254037844387100, 1.000000000000000000, 0.8660254037844387100, 1.000000000000000000, 0.8660254037844387100, 1.000000000000000000, 0.8660254037844387100, 1.000000000000000000, 0.8660254037844387100, 1.000000000000000000, 0.8660254037844387100, 1.000000000000000000, 0.8660254037844387100, 1.000000000000000000, 0.8660254037844387100, 1.000000000000000000, 0.8660254037844387100, 1.000000000000000000, 0.8660254037844387100, 1.000000000000000000, 0.8660254037844387100, 1.000000000000000000, 0.8660254037844387100, 1.000000000000000000, 0.8660254037844387100, 1.000000000000000000, 0.8660254037844387100, 1.000000000000000000, 0.8660254037844387100, 1.000000000000000000, 0.8660254037844387100, 1.000000000000000000, 0.8660254037844387100, 1.000000000000000000, 0.8660254037844387100, 1.000000000000000000, 0.8660254037844387100, 1.000000000000000000, 0.8660254037844387100, 1.000000000000000000, 0.8660254037844387100, 1.000000000000000000, 0.8660254037844387100, 1.000000000000000000, 0.8660254037844387100, 1.000000000000000000, 0.8660254037844387100, 1.000000000000000000, 0.8660254037844387100, 1.000000000000000000, 0.8660254037844387100, 1.000000000000000000, 0.8660254037844387100, 1.000000000000000000, 0.8660254037844387100, 1.000000000000000000, 0.8660254037844387100, 1.000000000000000000, 0.8660254037844387100, 1.000000000000000000, 0.8660254037844387100, 1.000000000000000000, 0.8660254037844387100, 1.000000000000000000, 0.8660254037844387100, 1.000000000000000000, 0.8660254037844387100, 1.000000000000000000, 0.8660254037844387100, 1.000000000000000000, 0.8660254037844387100, 1.000000000000000000, 0.8660254037844387100, 1.000000000000000000, 0.8660254037844387100, 1.000000000000000000, 0.8660254037844387100, 1.000000000000000000),
 ( 1.000000000000000000, 0.8660254037844387100, 1.000000000000000000, 0.8660254037844387100, 1.000000000000000000, 0.8660254037844387100, 1.000000000000000000, 0.8660254037844387100, 1.000000000000000000, 0.8660254037844387100, 1.000000000000000000, 0.8660254037844387100, 1.000000000000000000, 0.8660254037844387100, 1.000000000000000000, 0.8660254037844387100, 1.000000000000000000, 0.8660254037844387100, 1.000000000000000000, 0.8660254037844387100, 1.000000000000000000, 0.8660254037844387100, 1.000000000000000000, 0.8660254037844387100, 1.000000000000000000, 0.8660254037844387100, 1.000000000000000000, 0.8660254037844387100, 1.000000000000000000, 0.8660254037844387100, 1.000000000000000000, 0.8660254037844387100, 1.000000000000000000, 0.8660254037844387100, 1.000000000000000000, 0.8660254037844387100, 1.000000000000000000, 0.8660254037844387100, 1.000000000000000000, 0.8660254037844387100, 1.000000000000000000, 0.8660254037844387100, 1.000000000000000000, 0.8660254037844387100, 1.000000000000000000, 0.8660254037844387100, 1.000000000000000000, 0.8660254037844387100, 1.000000000000000000, 0.8660254037844387100, 1.000000000000000000, 0.8660254037844387100, 1.000000000000000000, 0.8660254037844387100, 1.000000000000000000, 0.8660254037844387100, 1.000000000000000000, 0.8660254037844387100, 1.000000000000000000, 0.8660254037844387100, 1.000000000000000000, 0.8660254037844387100, 1.000000000000000000, 0.8660254037844387100, 1.000000000000000000, 0.8660254037844387100, 1.000000000000000000, 0.8660254037844387100, 1.000000000000000000, 0.8660254037844387100, 1.000000000000000000, 0.8660254037844387100, 1.000000000000000000, 0.8660254037844387100, 1.000000000000000000, 0.8660254037844387100, 1.000000000000000000, 0.8660254037844387100, 1.000000000000000000, 0.8660254037844387100, 1.000000000000000000, 0.8660254037844387100, 1.000000000000000000, 0.8660254037844387100, 1.000000000000000000, 0.8660254037844387100, 1.000000000000000000, 0.8660254037844387100, 1.000000000000000000, 0.8660254037844387100, 1.000000000000000000, 0.8660254037844387100, 1.000000000000000000, 0.8660254037844387100, 1.000000000000000000, 0.8660254037844387100, 1.000000000000000000, 0.8660254037844387100, 1.000000000000000000, 0.8660254037844387100, 1.000000000000000000, 0.8660254037844387100, 1.000000000000000000, 0.8660254037844387100, 1.000000000000000000, 0.8660254037844387100, 1.000000000000000000, 0.8660254037844387100, 1.000000000000000000) ) ) 
 REPRESENTATION_ITEM ( '' )  SURFACE ( )  );
#50 = CARTESIAN_POINT ( 'NONE',  ( 0.08394028921923851700, -0.05549028442304325400, -0.06613302208415015900 ) ) ;
#51 = PLANE ( 'NONE',  #143 ) ;
#52 = CARTESIAN_POINT ( 'NONE',  ( 0.2059402892192384900, 0.1205097155769567100, 0.05979217476624348900 ) ) ;
#53 = UNCERTAINTY_MEASURE_WITH_UNIT (LENGTH_MEASURE( 1.000000000000000100E-005 ), #2694, 'distance_accuracy_value', 'NONE');
#54 = CARTESIAN_POINT ( 'NONE',  ( 0.05074264874083504000, -0.05815695108970992500, -0.06613302208415011700 ) ) ;
#55 =( GEOMETRIC_REPRESENTATION_CONTEXT ( 3 ) GLOBAL_UNCERTAINTY_ASSIGNED_CONTEXT ( ( #2920 ) ) GLOBAL_UNIT_ASSIGNED_CONTEXT ( ( #4187, #4133, #4112 ) ) REPRESENTATION_CONTEXT ( 'NONE', 'WORKASPACE' ) );
#56 = CARTESIAN_POINT ( 'NONE',  ( 0.1609402892192387000, 0.1885097155769567500, -0.03013302208415016800 ) ) ;
#57 = CARTESIAN_POINT ( 'NONE',  ( 0.06244028921923864400, 0.2109334006014888200, -0.03013302208415017500 ) ) ;
#58 =( GEOMETRIC_REPRESENTATION_CONTEXT ( 3 ) GLOBAL_UNCERTAINTY_ASSIGNED_CONTEXT ( ( #3666 ) ) GLOBAL_UNIT_ASSIGNED_CONTEXT ( ( #3305, #3299, #3292 ) ) REPRESENTATION_CONTEXT ( 'NONE', 'WORKASPACE' ) );
#59 = DIMENSIONAL_EXPONENTS ( 1.000000000000000000, 0.0000000000000000000, 0.0000000000000000000, 0.0000000000000000000, 0.0000000000000000000, 0.0000000000000000000, 0.0000000000000000000 ) ;
#60 = DIRECTION ( 'NONE',  ( -1.000000000000000000, 0.0000000000000000000, 0.0000000000000000000 ) ) ;
#61 = FACE_OUTER_BOUND ( 'NONE', #87, .T. ) ;
#62 = MECHANICAL_DESIGN_GEOMETRIC_PRESENTATION_REPRESENTATION (  '', ( #95 ), #55 ) ;
#63 = CARTESIAN_POINT ( 'NONE',  ( 0.03414382850163333300, -0.06082361775637657600, -0.03738302208415009800 ) ) ;
#64 = STYLED_ITEM ( 'NONE', ( #3556 ), #4376 ) ;
#65 = ADVANCED_FACE ( 'NONE', ( #768 ), #3080, .T. ) ;
#66 = LINE ( 'NONE', #1292, #4779 ) ;
#67 = VECTOR ( 'NONE', #596, 39.37007874015748100 ) ;
#68 = CARTESIAN_POINT ( 'NONE',  ( 0.01754500826243164000, -0.06349028442304324700, -0.008633022084150085100 ) ) ;
#69 = CARTESIAN_POINT ( 'NONE',  ( 0.01754500826243164000, -0.06349028442304324700, -0.008633022084150083300 ) ) ;
#70 = ORIENTED_EDGE ( 'NONE', *, *, #2387, .T. ) ;
#71 = PRESENTATION_LAYER_ASSIGNMENT (  '', '', ( #95 ) ) ;
#72 = SURFACE_STYLE_FILL_AREA ( #4931 ) ;
#73 = CARTESIAN_POINT ( 'NONE',  ( 0.05074264874083550500, 0.1231763822436230000, 0.04886697791585006100 ) ) ;
#74 = STYLED_ITEM ( 'NONE', ( #2544 ), #2250 ) ;
#75 = DIRECTION ( 'NONE',  ( -7.691013495676421200E-017, 0.0000000000000000000, -1.000000000000000000 ) ) ;
#76 = CARTESIAN_POINT ( 'NONE',  ( 0.03414382850163340300, -0.06615695108970989800, 0.02011697791584989700 ) ) ;
#77 = DIRECTION ( 'NONE',  ( -6.213024729846984300E-017, 1.000000000000000000, 0.0000000000000000000 ) ) ;
#78 = ORIENTED_EDGE ( 'NONE', *, *, #3885, .T. ) ;
#79 = DIRECTION ( 'NONE',  ( 1.912538216230207100E-014, 0.7288100870211221500, -0.6847158951391915100 ) ) ;
#80 = COLOUR_RGB ( '',0.8000000000000000400, 0.8039215686274510100, 0.8000000000000000400 ) ;
#81 = ORIENTED_EDGE ( 'NONE', *, *, #2271, .F. ) ;
#82 = AXIS2_PLACEMENT_3D ( 'NONE', #2455, #2438, #2423 ) ;
#83 = PRESENTATION_STYLE_ASSIGNMENT (( #1368 ) ) ;
#84 = DIRECTION ( 'NONE',  ( 1.000000000000000000, 0.0000000000000000000, -7.691013495676421200E-017 ) ) ;
#85 = AXIS2_PLACEMENT_3D ( 'NONE', #1178, #1160, #1141 ) ;
#86 = AXIS2_PLACEMENT_3D ( 'NONE', #1004, #998, #990 ) ;
#87 = EDGE_LOOP ( 'NONE', ( #4107, #4504, #4270, #1870 ) ) ;
#88 = CARTESIAN_POINT ( 'NONE',  ( 0.08394028921923843400, 0.1518842916109778000, -0.008633022084150142300 ) ) ;
#89 = FACE_OUTER_BOUND ( 'NONE', #2696, .T. ) ;
#90 = LENGTH_MEASURE_WITH_UNIT ( LENGTH_MEASURE( 0.02539999999999999900 ), #3597 );
#91 = STYLED_ITEM ( 'NONE', ( #1538 ), #614 ) ;
#92 = DIRECTION ( 'NONE',  ( 0.0000000000000000000, -1.000000000000000000, 0.0000000000000000000 ) ) ;
#93 = CARTESIAN_POINT ( 'NONE',  ( 0.1054402892192386600, 0.1885097155769567500, 0.06836697791584983600 ) ) ;
#94 = DIRECTION ( 'NONE',  ( 0.0000000000000000000, 0.0000000000000000000, -1.000000000000000000 ) ) ;
#95 = STYLED_ITEM ( 'NONE', ( #468 ), #462 ) ;
#96 = CARTESIAN_POINT ( 'NONE',  ( 0.01754500826243164000, 0.07450971557695639000, -0.008633022084150085100 ) ) ;
#97 = CARTESIAN_POINT ( 'NONE',  ( 0.08394028921923650500, 0.1392454742345473600, 0.06036697791584985700 ) ) ;
#98 = EDGE_LOOP ( 'NONE', ( #2948, #2952, #3165, #1137, #1091, #3274, #655 ) ) ;
#99 = EDGE_CURVE ( 'NONE', #4394, #2735, #4181, .T. ) ;
#100 = DIRECTION ( 'NONE',  ( -0.0000000000000000000, -1.000000000000000000, 0.0000000000000000000 ) ) ;
#101 = VERTEX_POINT ( 'NONE', #3328 ) ;
#102 = PRESENTATION_STYLE_ASSIGNMENT (( #2981 ) ) ;
#103 = CARTESIAN_POINT ( 'NONE',  ( 0.04237106983758561600, 0.1121763822436230200, 0.06336697791584985900 ) ) ;
#104 = CARTESIAN_POINT ( 'NONE',  ( 0.1054402892192386500, 0.2109334006014889600, -0.03013302208415016800 ) ) ;
#105 = ORIENTED_EDGE ( 'NONE', *, *, #1958, .F. ) ;
#106 = CARTESIAN_POINT ( 'NONE',  ( -0.03805971078076162600, -0.07549028442304323000, 0.1463669779158498500 ) ) ;
#107 = COLOUR_RGB ( '',0.8000000000000000400, 0.8039215686274510100, 0.8000000000000000400 ) ;
#108 = CARTESIAN_POINT ( 'NONE',  ( 0.1171379296976421800, 0.2138430489102894900, 0.04886697791584979100 ) ) ;
#109 = DIRECTION ( 'NONE',  ( 0.0000000000000000000, 0.0000000000000000000, -1.000000000000000000 ) ) ;
#110 = VECTOR ( 'NONE', #3191, 39.37007874015748100 ) ;
#111 = CARTESIAN_POINT ( 'NONE',  ( 0.1255095086008919700, 0.01084304891028990500, 0.06336697791584965100 ) ) ;
#112 = LINE ( 'NONE', #630, #3733 ) ;
#113 = AXIS2_PLACEMENT_3D ( 'NONE', #2615, #2603, #2595 ) ;
#114 = DIRECTION ( 'NONE',  ( 0.0000000000000000000, 1.000000000000000000, 0.0000000000000000000 ) ) ;
#115 = LINE ( 'NONE', #551, #67 ) ;
#116 = ORIENTED_EDGE ( 'NONE', *, *, #1391, .T. ) ;
#117 = CARTESIAN_POINT ( 'NONE',  ( 0.08394028921923865600, 0.1095097155769563700, 0.06336697791584983100 ) ) ;
#118 =( GEOMETRIC_REPRESENTATION_CONTEXT ( 3 ) GLOBAL_UNCERTAINTY_ASSIGNED_CONTEXT ( ( #2618 ) ) GLOBAL_UNIT_ASSIGNED_CONTEXT ( ( #2849, #4572, #2619 ) ) REPRESENTATION_CONTEXT ( 'NONE', 'WORKASPACE' ) );
#119 = CARTESIAN_POINT ( 'NONE',  ( 0.1171379296976420000, -0.05282361775637659000, -0.06613302208415021400 ) ) ;
#120 = MECHANICAL_DESIGN_GEOMETRIC_PRESENTATION_REPRESENTATION (  '', ( #4448 ), #3060 ) ;
#121 = CARTESIAN_POINT ( 'NONE',  ( -0.03805971078076162600, 0.1205097155769567100, 0.1463669779158498500 ) ) ;
#122 = CARTESIAN_POINT ( 'NONE',  ( 0.2379402892192384900, -0.07549028442304323000, 0.1463669779158498500 ) ) ;
#123 = CARTESIAN_POINT ( 'NONE',  ( 0.03414382850163333300, 0.07717638224362308200, -0.03738302208415009800 ) ) ;
#124 = CARTESIAN_POINT ( 'NONE',  ( 0.04880603537412576300, -0.06811234090028127400, 0.03688438345205295000 ) ) ;
#125 = MECHANICAL_DESIGN_GEOMETRIC_PRESENTATION_REPRESENTATION (  '', ( #155 ), #118 ) ;
#126 = FACE_OUTER_BOUND ( 'NONE', #565, .T. ) ;
#127 = VERTEX_POINT ( 'NONE', #3209 ) ;
#128 = CARTESIAN_POINT ( 'NONE',  ( 0.08394028921923846200, 0.07750971557695671100, 0.07036697791585003200 ) ) ;
#129 = ADVANCED_FACE ( 'NONE', ( #1623 ), #4111, .F. ) ;
#130 =( GEOMETRIC_REPRESENTATION_CONTEXT ( 3 ) GLOBAL_UNCERTAINTY_ASSIGNED_CONTEXT ( ( #4605 ) ) GLOBAL_UNIT_ASSIGNED_CONTEXT ( ( #3573, #838, #689 ) ) REPRESENTATION_CONTEXT ( 'NONE', 'WORKASPACE' ) );
#131 = ORIENTED_EDGE ( 'NONE', *, *, #1235, .F. ) ;
#132 = ORIENTED_EDGE ( 'NONE', *, *, #1296, .F. ) ;
#133 = DIRECTION ( 'NONE',  ( 1.000000000000000000, 0.0000000000000000000, 0.0000000000000000000 ) ) ;
#134 = DIRECTION ( 'NONE',  ( 0.0000000000000000000, 0.0000000000000000000, 1.000000000000000000 ) ) ;
#135 =( LENGTH_UNIT ( ) NAMED_UNIT ( * ) SI_UNIT ( $, .METRE. ) );
#136 = EDGE_LOOP ( 'NONE', ( #2427, #3776, #3719, #3436, #1088, #2676, #3963 ) ) ;
#137 = PRESENTATION_LAYER_ASSIGNMENT (  '', '', ( #155 ) ) ;
#138 = SURFACE_SIDE_STYLE ('',( #3661 ) ) ;
#139 = ORIENTED_EDGE ( 'NONE', *, *, #2587, .F. ) ;
#140 = DIRECTION ( 'NONE',  ( 2.449212707644754500E-016, -1.000000000000000000, -0.0000000000000000000 ) ) ;
#141 = COLOUR_RGB ( '',0.8000000000000000400, 0.8039215686274510100, 0.8000000000000000400 ) ;
#142 = LINE ( 'NONE', #2722, #4691 ) ;
#143 = AXIS2_PLACEMENT_3D ( 'NONE', #4440, #4343, #4326 ) ;
#144 = ORIENTED_EDGE ( 'NONE', *, *, #907, .T. ) ;
#145 =( GEOMETRIC_REPRESENTATION_CONTEXT ( 3 ) GLOBAL_UNCERTAINTY_ASSIGNED_CONTEXT ( ( #3364 ) ) GLOBAL_UNIT_ASSIGNED_CONTEXT ( ( #1697, #1681, #1662 ) ) REPRESENTATION_CONTEXT ( 'NONE', 'WORKASPACE' ) );
#146 = DIRECTION ( 'NONE',  ( 1.000000000000000000, 0.0000000000000000000, 0.0000000000000000000 ) ) ;
#147 = CARTESIAN_POINT ( 'NONE',  ( 0.03414382850163333300, 0.01317638224362322600, -0.03738302208415009800 ) ) ;
#148 = LINE ( 'NONE', #2718, #642 ) ;
#149 = CARTESIAN_POINT ( 'NONE',  ( 0.1462941182917182300, 0.07217638224362309100, 0.02736697791584973400 ) ) ;
#150 = CARTESIAN_POINT ( 'NONE',  ( 0.08394028921923549200, 0.1625097155769564800, 0.04886697791584983900 ) ) ;
#151 = COLOUR_RGB ( '',0.9882352941176471000, 1.000000000000000000, 0.9882352941176471000 ) ;
#152 = LINE ( 'NONE', #2557, #953 ) ;
#153 = CARTESIAN_POINT ( 'NONE',  ( 0.08394028921923857300, 0.2460724400868460300, -0.008633022084150159700 ) ) ;
#154 =( NAMED_UNIT ( * ) SI_UNIT ( $, .STERADIAN. ) SOLID_ANGLE_UNIT ( ) );
#155 = STYLED_ITEM ( 'NONE', ( #2942 ), #431 ) ;
#157 = CARTESIAN_POINT ( 'NONE',  ( 0.05074264874083504000, 0.07984304891028974600, -0.06613302208415011700 ) ) ;
#156 = MECHANICAL_DESIGN_GEOMETRIC_PRESENTATION_REPRESENTATION (  '', ( #184 ), #145 ) ;
#158 = CARTESIAN_POINT ( 'NONE',  ( 0.1171379296976409500, 0.1598430489102897800, 0.04886697791585221200 ) ) ;
#159 = LINE ( 'NONE', #3131, #166 ) ;
#160 = LENGTH_MEASURE_WITH_UNIT ( LENGTH_MEASURE( 0.02539999999999999900 ), #3522 );
#161 = CARTESIAN_POINT ( 'NONE',  ( -0.05705971078076128900, 0.2165097155769567800, -0.03013302208415016100 ) ) ;
#162 = DIMENSIONAL_EXPONENTS ( 1.000000000000000000, 0.0000000000000000000, 0.0000000000000000000, 0.0000000000000000000, 0.0000000000000000000, 0.0000000000000000000, 0.0000000000000000000 ) ;
#163 = DIRECTION ( 'NONE',  ( -0.0000000000000000000, -0.0000000000000000000, -1.000000000000000000 ) ) ;
#164 = MECHANICAL_DESIGN_GEOMETRIC_PRESENTATION_REPRESENTATION (  '', ( #254 ), #130 ) ;
#165 = CARTESIAN_POINT ( 'NONE',  ( 0.01754500826243164000, 0.01050971557695654300, -0.008633022084150085100 ) ) ;
#166 = VECTOR ( 'NONE', #3124, 39.37007874015748100 ) ;
#167 = CARTESIAN_POINT ( 'NONE',  ( 0.1337367499368440600, 0.1571763822436229000, 0.02011697791584940100 ) ) ;
#168 =( NAMED_UNIT ( * ) PLANE_ANGLE_UNIT ( ) SI_UNIT ( $, .RADIAN. ) );
#169 =( GEOMETRIC_REPRESENTATION_CONTEXT ( 3 ) GLOBAL_UNCERTAINTY_ASSIGNED_CONTEXT ( ( #4333 ) ) GLOBAL_UNIT_ASSIGNED_CONTEXT ( ( #2983, #2912, #2898 ) ) REPRESENTATION_CONTEXT ( 'NONE', 'WORKASPACE' ) );
#170 = EDGE_LOOP ( 'NONE', ( #540 ) ) ;
#171 = PRESENTATION_STYLE_ASSIGNMENT (( #1206 ) ) ;
#172 = EDGE_CURVE ( 'NONE', #4394, #4650, #3001, .T. ) ;
#173 = AXIS2_PLACEMENT_3D ( 'NONE', #2208, #2266, #1901 ) ;
#174 = ORIENTED_EDGE ( 'NONE', *, *, #1572, .F. ) ;
#175 = CARTESIAN_POINT ( 'NONE',  ( -0.07005971078076161900, 0.1205097155769567100, 0.1197921747662435300 ) ) ;
#176 = ADVANCED_FACE ( 'NONE', ( #1448 ), #2712, .T. ) ;
#177 = CARTESIAN_POINT ( 'NONE',  ( 0.1503355701760455400, 0.1545097155769562200, -0.008633022084150473700 ) ) ;
#178 = COLOUR_RGB ( '',0.8000000000000000400, 0.8039215686274510100, 0.8000000000000000400 ) ;
#179 = CARTESIAN_POINT ( 'NONE',  ( -0.07005971078076157800, 0.1205097155769567100, -0.1636330220841501200 ) ) ;
#180 = CARTESIAN_POINT ( 'NONE',  ( 0.03414382850163340300, 0.007843048910289893800, 0.02011697791584989700 ) ) ;
#181 = EDGE_LOOP ( 'NONE', ( #4509, #1867, #116, #174 ) ) ;
#182 =( GEOMETRIC_REPRESENTATION_CONTEXT ( 3 ) GLOBAL_UNCERTAINTY_ASSIGNED_CONTEXT ( ( #2409 ) ) GLOBAL_UNIT_ASSIGNED_CONTEXT ( ( #4587, #4559, #4478 ) ) REPRESENTATION_CONTEXT ( 'NONE', 'WORKASPACE' ) );
#183 = CARTESIAN_POINT ( 'NONE',  ( 0.1337367499368435900, 0.1518430489102896000, -0.03738302208415054300 ) ) ;
#184 = STYLED_ITEM ( 'NONE', ( #1678 ), #4153 ) ;
#185 =( CONVERSION_BASED_UNIT ( 'INCH', #3385 ) LENGTH_UNIT ( ) NAMED_UNIT ( #1161 ) );
#186 = ORIENTED_EDGE ( 'NONE', *, *, #2224, .F. ) ;
#187 = CARTESIAN_POINT ( 'NONE',  ( 0.1171379296976423900, 0.1278430489102896100, 0.04886697791584964500 ) ) ;
#188 = CARTESIAN_POINT ( 'NONE',  ( 0.08394028921923874000, 0.1205097155769563700, 0.04886697791584983900 ) ) ;
#189 = MECHANICAL_DESIGN_GEOMETRIC_PRESENTATION_REPRESENTATION (  '', ( #211 ), #182 ) ;
#190 = UNCERTAINTY_MEASURE_WITH_UNIT (LENGTH_MEASURE( 1.000000000000000100E-005 ), #4926, 'distance_accuracy_value', 'NONE');
#191 = DIRECTION ( 'NONE',  ( -0.0000000000000000000, 1.000000000000000000, -0.0000000000000000000 ) ) ;
#192 = PRESENTATION_LAYER_ASSIGNMENT (  '', '', ( #254 ) ) ;
#193 = EDGE_LOOP ( 'NONE', ( #3753, #3207, #1367, #3545 ) ) ;
#194 = CARTESIAN_POINT ( 'NONE',  ( 0.05074264874083517900, 0.005176382243623237200, 0.04886697791584988100 ) ) ;
#195 = VECTOR ( 'NONE', #3857, 39.37007874015748100 ) ;
#196 = CARTESIAN_POINT ( 'NONE',  ( 0.1171379296976418800, 0.1491763822436229000, -0.06613302208415027000 ) ) ;
#197 = CARTESIAN_POINT ( 'NONE',  ( 0.1337367499368440600, 0.1151763822436230600, 0.02011697791584942200 ) ) ;
#198 =( LENGTH_UNIT ( ) NAMED_UNIT ( * ) SI_UNIT ( $, .METRE. ) );
#199 = ADVANCED_FACE ( 'NONE', ( #1210 ), #2353, .F. ) ;
#200 = ORIENTED_EDGE ( 'NONE', *, *, #1385, .T. ) ;
#201 = ADVANCED_FACE ( 'NONE', ( #952 ), #2993, .F. ) ;
#202 = FACE_OUTER_BOUND ( 'NONE', #4223, .T. ) ;
#203 = SURFACE_STYLE_FILL_AREA ( #2340 ) ;
#204 = DIMENSIONAL_EXPONENTS ( 1.000000000000000000, 0.0000000000000000000, 0.0000000000000000000, 0.0000000000000000000, 0.0000000000000000000, 0.0000000000000000000, 0.0000000000000000000 ) ;
#205 = PRESENTATION_LAYER_ASSIGNMENT (  '', '', ( #211 ) ) ;
#206 = CARTESIAN_POINT ( 'NONE',  ( 0.08394028921923822600, 0.1465097155769562500, -0.06613302208415015900 ) ) ;
#207 = PRESENTATION_STYLE_ASSIGNMENT (( #1551 ) ) ;
#208 = PRESENTATION_LAYER_ASSIGNMENT (  '', '', ( #2780 ) ) ;
#209 = ORIENTED_EDGE ( 'NONE', *, *, #1010, .F. ) ;
#210 = DIRECTION ( 'NONE',  ( -1.000000000000000000, -0.0000000000000000000, -0.0000000000000000000 ) ) ;
#211 = STYLED_ITEM ( 'NONE', ( #810 ), #413 ) ;
#212 = VERTEX_POINT ( 'NONE', #586 ) ;
#213 = PRESENTATION_LAYER_ASSIGNMENT (  '', '', ( #184 ) ) ;
#214 = CARTESIAN_POINT ( 'NONE',  ( 0.08394028921923865600, 0.002509715576956578900, 0.04886697791584983900 ) ) ;
#215 = CARTESIAN_POINT ( 'NONE',  ( 0.05074264874083457600, 0.1438430489102896200, -0.06613302208414984000 ) ) ;
#216 = CARTESIAN_POINT ( 'NONE',  ( 0.1609402892192387000, 0.1885097155769567500, -0.03013302208415016800 ) ) ;
#217 = SURFACE_STYLE_USAGE ( .BOTH. , #270 ) ;
#218 = VERTEX_POINT ( 'NONE', #261 ) ;
#219 = VECTOR ( 'NONE', #3553, 39.37007874015748100 ) ;
#220 = AXIS2_PLACEMENT_3D ( 'NONE', #3279, #2897, #1082 ) ;
#221 = UNCERTAINTY_MEASURE_WITH_UNIT (LENGTH_MEASURE( 1.000000000000000100E-005 ), #4329, 'distance_accuracy_value', 'NONE');
#222 = CARTESIAN_POINT ( 'NONE',  ( 0.03414382850163321500, 0.1411763822436229200, -0.03738302208414989700 ) ) ;
#223 = VECTOR ( 'NONE', #3462, 39.37007874015748100 ) ;
#224 = AXIS2_PLACEMENT_3D ( 'NONE', #2036, #1408, #1590 ) ;
#225 = CARTESIAN_POINT ( 'NONE',  ( 0.1171379296976423900, 0.1178430489102897100, 0.04886697791584967300 ) ) ;
#226 = DIRECTION ( 'NONE',  ( 0.0000000000000000000, 1.000000000000000000, -1.707404996040165000E-016 ) ) ;
#227 = CARTESIAN_POINT ( 'NONE',  ( 0.1171379296976421800, -0.0001569510897100777000, 0.04886697791584979100 ) ) ;
#228 = CARTESIAN_POINT ( 'NONE',  ( 0.1670787279825446900, 0.06950971557695644100, -0.008633022084150246400 ) ) ;
#229 = CARTESIAN_POINT ( 'NONE',  ( 0.01754500826243164000, 0.1385097155769562900, -0.008633022084149616700 ) ) ;
#230 = CARTESIAN_POINT ( 'NONE',  ( 0.1609402892192387000, 0.1885097155769567500, -0.03013302208415016800 ) ) ;
#231 = DIRECTION ( 'NONE',  ( -0.0000000000000000000, 1.000000000000000000, -0.0000000000000000000 ) ) ;
#232 =( GEOMETRIC_REPRESENTATION_CONTEXT ( 3 ) GLOBAL_UNCERTAINTY_ASSIGNED_CONTEXT ( ( #2310 ) ) GLOBAL_UNIT_ASSIGNED_CONTEXT ( ( #1483, #1390, #1386 ) ) REPRESENTATION_CONTEXT ( 'NONE', 'WORKASPACE' ) );
#233 = ORIENTED_EDGE ( 'NONE', *, *, #172, .T. ) ;
#234 = CARTESIAN_POINT ( 'NONE',  ( 0.2059402892192384900, 0.1205097155769567800, -0.07705821893454377300 ) ) ;
#235 = CARTESIAN_POINT ( 'NONE',  ( 0.1337367499368438700, 0.2111763822436228400, 0.02011697791584974800 ) ) ;
#236 = LINE ( 'NONE', #4666, #3495 ) ;
#237 = AXIS2_PLACEMENT_3D ( 'NONE', #2701, #2691, #2681 ) ;
#238 = FILL_AREA_STYLE_COLOUR ( '', #4523 ) ;
#239 = CARTESIAN_POINT ( 'NONE',  ( 0.03414382850163347900, 0.1358430489102896200, 0.02011697791585003900 ) ) ;
#240 = MECHANICAL_DESIGN_GEOMETRIC_PRESENTATION_REPRESENTATION (  '', ( #275 ), #232 ) ;
#241 = LINE ( 'NONE', #4495, #2144 ) ;
#242 = AXIS2_PLACEMENT_3D ( 'NONE', #1873, #1852, #1839 ) ;
#243 = CARTESIAN_POINT ( 'NONE',  ( -0.03805971078076162600, 0.1205097155769567100, 0.1197921747662435300 ) ) ;
#244 = CARTESIAN_POINT ( 'NONE',  ( 0.1337367499368438700, -0.002823617756376753400, 0.02011697791584974800 ) ) ;
#245 = PRESENTATION_LAYER_ASSIGNMENT (  '', '', ( #275 ) ) ;
#246 = CARTESIAN_POINT ( 'NONE',  ( 0.05074264874083551200, 0.1331763822436229400, 0.04886697791585006100 ) ) ;
#247 =( GEOMETRIC_REPRESENTATION_CONTEXT ( 3 ) GLOBAL_UNCERTAINTY_ASSIGNED_CONTEXT ( ( #1051 ) ) GLOBAL_UNIT_ASSIGNED_CONTEXT ( ( #2047, #2030, #4648 ) ) REPRESENTATION_CONTEXT ( 'NONE', 'WORKASPACE' ) );
#248 =( BOUNDED_SURFACE ( )  B_SPLINE_SURFACE ( 1, 2, ( 
 ( #4783, #4600, #4595, #4579, #4562, #4549, #4435, #4534, #4518, #4501, #4488, #4473, #4452, #4416, #4397, #4384, #4371, #4308, #4294, #4276, #4262, #4257, #4249, #4242, #4233 ),
 ( #4211, #4194, #4167, #4158, #4142, #4124, #4093, #4029, #4013, #3999, #3988, #3973, #3953, #3936, #3926, #3916, #3911, #3900, #3894, #3884, #3867, #3833, #3029, #3785, #3771 ) ),
 .UNSPECIFIED., .F., .F., .F. ) 
 B_SPLINE_SURFACE_WITH_KNOTS ( ( 2, 2 ),
 ( 3, 2, 2, 2, 2, 2, 2, 2, 2, 2, 2, 2, 3 ),
 ( 0.0000000000000000000, 1.000000000000000000 ),
 ( 0.0000000000000000000, 0.08333333333333332900, 0.1666666666666666600, 0.2500000000000000000, 0.3333333333333333100, 0.4166666666666666900, 0.5000000000000000000, 0.5833333333333333700, 0.6666666666666666300, 0.7500000000000000000, 0.8333333333333333700, 0.9166666666666666300, 1.000000000000000000 ),
 .UNSPECIFIED. ) 
 GEOMETRIC_REPRESENTATION_ITEM ( )  RATIONAL_B_SPLINE_SURFACE ( (
 ( 1.000000000000000000, 0.8660254037844387100, 1.000000000000000000, 0.8660254037844387100, 1.000000000000000000, 0.8660254037844387100, 1.000000000000000000, 0.8660254037844387100, 1.000000000000000000, 0.8660254037844387100, 1.000000000000000000, 0.8660254037844387100, 1.000000000000000000, 0.8660254037844387100, 1.000000000000000000, 0.8660254037844387100, 1.000000000000000000, 0.8660254037844387100, 1.000000000000000000, 0.8660254037844387100, 1.000000000000000000, 0.8660254037844387100, 1.000000000000000000, 0.8660254037844387100, 1.000000000000000000),
 ( 1.000000000000000000, 0.8660254037844387100, 1.000000000000000000, 0.8660254037844387100, 1.000000000000000000, 0.8660254037844387100, 1.000000000000000000, 0.8660254037844387100, 1.000000000000000000, 0.8660254037844387100, 1.000000000000000000, 0.8660254037844387100, 1.000000000000000000, 0.8660254037844387100, 1.000000000000000000, 0.8660254037844387100, 1.000000000000000000, 0.8660254037844387100, 1.000000000000000000, 0.8660254037844387100, 1.000000000000000000, 0.8660254037844387100, 1.000000000000000000, 0.8660254037844387100, 1.000000000000000000) ) ) 
 REPRESENTATION_ITEM ( '' )  SURFACE ( )  );
#249 = VERTEX_POINT ( 'NONE', #1829 ) ;
#250 = CARTESIAN_POINT ( 'NONE',  ( 0.1054402892192386500, 0.2412628073238476900, -0.08563302208415014800 ) ) ;
#251 = CARTESIAN_POINT ( 'NONE',  ( 0.08394028921923843400, 0.1355097155769566800, -0.008633022084150142300 ) ) ;
#252 = DIRECTION ( 'NONE',  ( -1.000000000000000000, 0.0000000000000000000, 0.0000000000000000000 ) ) ;
#253 = PRESENTATION_STYLE_ASSIGNMENT (( #1578 ) ) ;
#254 = STYLED_ITEM ( 'NONE', ( #3219 ), #4780 ) ;
#255 = CARTESIAN_POINT ( 'NONE',  ( 0.1503355701760455700, 0.2085097155769561600, -0.008633022084150241200 ) ) ;
#256 = DIMENSIONAL_EXPONENTS ( 1.000000000000000000, 0.0000000000000000000, 0.0000000000000000000, 0.0000000000000000000, 0.0000000000000000000, 0.0000000000000000000, 0.0000000000000000000 ) ;
#257 = DIRECTION ( 'NONE',  ( 0.0000000000000000000, 0.0000000000000000000, -1.000000000000000000 ) ) ;
#258 =( BOUNDED_SURFACE ( )  B_SPLINE_SURFACE ( 1, 2, ( 
 ( #1957, #1846, #1844, #1841, #1835, #1825, #1818, #1812, #1806, #1791, #1787, #1782, #1776, #1760, #1724, #1713, #1705, #1695, #1686, #1679, #1671, #1657, #1651, #1645, #3608 ),
 ( #3599, #3592, #1637, #1631, #1620, #1597, #1592, #1584, #1568, #1547, #1531, #1523, #1516, #1506, #1490, #1482, #1475, #1465, #1462, #1456, #1449, #1439, #1420, #1410, #1405 ) ),
 .UNSPECIFIED., .F., .F., .T. ) 
 B_SPLINE_SURFACE_WITH_KNOTS ( ( 2, 2 ),
 ( 3, 2, 2, 2, 2, 2, 2, 2, 2, 2, 2, 2, 3 ),
 ( 0.0000000000000000000, 1.000000000000000000 ),
 ( 0.0000000000000000000, 0.08333333333333332900, 0.1666666666666666600, 0.2500000000000000000, 0.3333333333333333100, 0.4166666666666666900, 0.5000000000000000000, 0.5833333333333333700, 0.6666666666666666300, 0.7500000000000000000, 0.8333333333333333700, 0.9166666666666666300, 1.000000000000000000 ),
 .UNSPECIFIED. ) 
 GEOMETRIC_REPRESENTATION_ITEM ( )  RATIONAL_B_SPLINE_SURFACE ( (
 ( 1.000000000000000000, 0.8660254037844387100, 1.000000000000000000, 0.8660254037844387100, 1.000000000000000000, 0.8660254037844387100, 1.000000000000000000, 0.8660254037844387100, 1.000000000000000000, 0.8660254037844387100, 1.000000000000000000, 0.8660254037844387100, 1.000000000000000000, 0.8660254037844387100, 1.000000000000000000, 0.8660254037844387100, 1.000000000000000000, 0.8660254037844387100, 1.000000000000000000, 0.8660254037844387100, 1.000000000000000000, 0.8660254037844387100, 1.000000000000000000, 0.8660254037844387100, 1.000000000000000000),
 ( 1.000000000000000000, 0.8660254037844387100, 1.000000000000000000, 0.8660254037844387100, 1.000000000000000000, 0.8660254037844387100, 1.000000000000000000, 0.8660254037844387100, 1.000000000000000000, 0.8660254037844387100, 1.000000000000000000, 0.8660254037844387100, 1.000000000000000000, 0.8660254037844387100, 1.000000000000000000, 0.8660254037844387100, 1.000000000000000000, 0.8660254037844387100, 1.000000000000000000, 0.8660254037844387100, 1.000000000000000000, 0.8660254037844387100, 1.000000000000000000, 0.8660254037844387100, 1.000000000000000000) ) ) 
 REPRESENTATION_ITEM ( '' )  SURFACE ( )  );
#259 = CARTESIAN_POINT ( 'NONE',  ( 0.1054402892192386500, 0.2422244973084720100, -0.08127472948284367200 ) ) ;
#260 = AXIS2_PLACEMENT_3D ( 'NONE', #2189, #2088, #2073 ) ;
#261 = CARTESIAN_POINT ( 'NONE',  ( 0.2059402892192384900, -0.07549028442304323000, -0.1370582189345438100 ) ) ;
#262 = CARTESIAN_POINT ( 'NONE',  ( 0.1054402892192386500, 0.2431063697793949800, -0.07689851445218345800 ) ) ;
#263 =( GEOMETRIC_REPRESENTATION_CONTEXT ( 3 ) GLOBAL_UNCERTAINTY_ASSIGNED_CONTEXT ( ( #2448 ) ) GLOBAL_UNIT_ASSIGNED_CONTEXT ( ( #2947, #2474, #3921 ) ) REPRESENTATION_CONTEXT ( 'NONE', 'WORKASPACE' ) );
#264 = ORIENTED_EDGE ( 'NONE', *, *, #1396, .T. ) ;
#265 = DIRECTION ( 'NONE',  ( -0.0000000000000000000, -1.000000000000000000, 0.0000000000000000000 ) ) ;
#266 = CARTESIAN_POINT ( 'NONE',  ( 0.1503355701760455700, -0.005490284423043412600, -0.008633022084150241200 ) ) ;
#267 = CARTESIAN_POINT ( 'NONE',  ( 0.1462941182917181200, 0.06684304891028977600, -0.04463302208415023000 ) ) ;
#268 = SURFACE_STYLE_FILL_AREA ( #2223 ) ;
#269 = CARTESIAN_POINT ( 'NONE',  ( 0.1054402892192386600, 0.2447099120809268200, -0.06811011207889623700 ) ) ;
#270 = SURFACE_SIDE_STYLE ('',( #3501 ) ) ;
#271 = AXIS2_PLACEMENT_3D ( 'NONE', #4710, #4674, #4601 ) ;
#272 = DIRECTION ( 'NONE',  ( -0.0000000000000000000, 0.0000000000000000000, -1.000000000000000000 ) ) ;
#273 = PRESENTATION_STYLE_ASSIGNMENT (( #3526 ) ) ;
#274 = FACE_OUTER_BOUND ( 'NONE', #1197, .T. ) ;
#275 = STYLED_ITEM ( 'NONE', ( #207 ), #201 ) ;
#276 = COLOUR_RGB ( '',0.9882352941176471000, 1.000000000000000000, 0.9882352941176471000 ) ;
#277 = CARTESIAN_POINT ( 'NONE',  ( 0.05074264874083517900, 0.06917638224362308900, 0.04886697791584988100 ) ) ;
#278 = CARTESIAN_POINT ( 'NONE',  ( 0.08394028921923875300, 0.1305097155769562900, 0.04886697791584983900 ) ) ;
#279 = MECHANICAL_DESIGN_GEOMETRIC_PRESENTATION_REPRESENTATION (  '', ( #340 ), #247 ) ;
#280 = SURFACE_STYLE_FILL_AREA ( #3883 ) ;
#281 = DIRECTION ( 'NONE',  ( -0.0000000000000000000, 1.000000000000000000, -0.0000000000000000000 ) ) ;
#282 = VECTOR ( 'NONE', #3256, 39.37007874015748100 ) ;
#283 = DIMENSIONAL_EXPONENTS ( 1.000000000000000000, 0.0000000000000000000, 0.0000000000000000000, 0.0000000000000000000, 0.0000000000000000000, 0.0000000000000000000, 0.0000000000000000000 ) ;
#284 = FACE_OUTER_BOUND ( 'NONE', #553, .T. ) ;
#285 = CARTESIAN_POINT ( 'NONE',  ( 0.1337367499368437600, -0.008156951089710077000, -0.03738302208415023700 ) ) ;
#286 = CARTESIAN_POINT ( 'NONE',  ( 0.1255095086008915800, 0.06417638224362311200, -0.08063302208415019900 ) ) ;
#287 = CARTESIAN_POINT ( 'NONE',  ( 0.1054402892192386900, 0.2454319400310774600, -0.06369548448882436700 ) ) ;
#288 = FILL_AREA_STYLE ('',( #348 ) ) ;
#289 = FACE_BOUND ( 'NONE', #1617, .T. ) ;
#290 =( GEOMETRIC_REPRESENTATION_CONTEXT ( 3 ) GLOBAL_UNCERTAINTY_ASSIGNED_CONTEXT ( ( #1447 ) ) GLOBAL_UNIT_ASSIGNED_CONTEXT ( ( #2270, #2233, #2217 ) ) REPRESENTATION_CONTEXT ( 'NONE', 'WORKASPACE' ) );
#291 = VECTOR ( 'NONE', #4597, 39.37007874015748900 ) ;
#292 = DIRECTION ( 'NONE',  ( 0.0000000000000000000, -1.000000000000000000, -0.0000000000000000000 ) ) ;
#293 = CARTESIAN_POINT ( 'NONE',  ( 0.1337367499368440600, 0.1251763822436229900, 0.02011697791584941100 ) ) ;
#294 = CARTESIAN_POINT ( 'NONE',  ( 0.1054402892192386500, 0.2460724400868460300, -0.05926772773093255000 ) ) ;
#295 = MECHANICAL_DESIGN_GEOMETRIC_PRESENTATION_REPRESENTATION (  '', ( #353 ), #263 ) ;
#296 = SURFACE_STYLE_FILL_AREA ( #1314 ) ;
#297 = CARTESIAN_POINT ( 'NONE',  ( 0.1337367499368437600, 0.2058430489102895100, -0.03738302208415023700 ) ) ;
#298 = EDGE_LOOP ( 'NONE', ( #3339, #549, #4610, #3153 ) ) ;
#299 = CARTESIAN_POINT ( 'NONE',  ( -0.07005971078076161900, 0.1205097155769567100, 0.05979217476624348900 ) ) ;
#300 = CARTESIAN_POINT ( 'NONE',  ( 0.1171379296976420000, -0.01082361775637673800, -0.06613302208415021400 ) ) ;
#301 = CARTESIAN_POINT ( 'NONE',  ( 0.1503355701760455400, 0.1125097155769563800, -0.008633022084150440700 ) ) ;
#302 = CARTESIAN_POINT ( 'NONE',  ( -0.07005971078076161900, -0.07549028442304323000, 0.1463669779158498500 ) ) ;
#303 = VECTOR ( 'NONE', #3315, 39.37007874015748100 ) ;
#304 = MECHANICAL_DESIGN_GEOMETRIC_PRESENTATION_REPRESENTATION (  '', ( #332 ), #290 ) ;
#305 =( GEOMETRIC_REPRESENTATION_CONTEXT ( 3 ) GLOBAL_UNCERTAINTY_ASSIGNED_CONTEXT ( ( #563 ) ) GLOBAL_UNIT_ASSIGNED_CONTEXT ( ( #4638, #4628, #4617 ) ) REPRESENTATION_CONTEXT ( 'NONE', 'WORKASPACE' ) );
#306 = CARTESIAN_POINT ( 'NONE',  ( 0.03414382850163340300, 0.07184304891028976700, 0.02011697791584989700 ) ) ;
#307 = CARTESIAN_POINT ( 'NONE',  ( 0.1503355701760455400, 0.1225097155769563100, -0.008633022084150456300 ) ) ;
#308 = ORIENTED_EDGE ( 'NONE', *, *, #678, .T. ) ;
#309 = EDGE_CURVE ( 'NONE', #1969, #3216, #2414, .T. ) ;
#310 = PRESENTATION_LAYER_ASSIGNMENT (  '', '', ( #340 ) ) ;
#311 = SURFACE_STYLE_FILL_AREA ( #1192 ) ;
#312 = VERTEX_POINT ( 'NONE', #688 ) ;
#313 = DIRECTION ( 'NONE',  ( 0.0000000000000000000, -1.000000000000000000, 0.0000000000000000000 ) ) ;
#314 = CARTESIAN_POINT ( 'NONE',  ( 0.08394028921923851700, -0.01349028442304339200, -0.06613302208415015900 ) ) ;
#315 = FACE_OUTER_BOUND ( 'NONE', #2793, .T. ) ;
#316 = PRESENTATION_LAYER_ASSIGNMENT (  '', '', ( #332 ) ) ;
#317 = PLANE ( 'NONE',  #1853 ) ;
#318 = CARTESIAN_POINT ( 'NONE',  ( 0.05074264874083504000, -0.01615695108971006200, -0.06613302208415011700 ) ) ;
#319 = LINE ( 'NONE', #3107, #323 ) ;
#320 = PRESENTATION_LAYER_ASSIGNMENT (  '', '', ( #353 ) ) ;
#321 = CARTESIAN_POINT ( 'NONE',  ( 0.2439402892192384400, -0.07549028442304323000, -0.1370582189345438100 ) ) ;
#322 = CARTESIAN_POINT ( 'NONE',  ( 0.1337367499368436200, 0.1198430489102896700, -0.03738302208415052900 ) ) ;
#323 = VECTOR ( 'NONE', #2467, 39.37007874015748100 ) ;
#324 = AXIS2_PLACEMENT_3D ( 'NONE', #2590, #2425, #2422 ) ;
#325 = DIRECTION ( 'NONE',  ( -0.0000000000000000000, -0.0000000000000000000, -1.000000000000000000 ) ) ;
#326 = CARTESIAN_POINT ( 'NONE',  ( 0.03414382850163333300, -0.01882361775637672600, -0.03738302208415009800 ) ) ;
#327 = CARTESIAN_POINT ( 'NONE',  ( 0.1054402892192386500, 0.1885097155769567500, -0.08563302208415014800 ) ) ;
#328 = CARTESIAN_POINT ( 'NONE',  ( 0.2059402892192384600, 0.1205097155769567100, -0.1636330220841501200 ) ) ;
#329 = VECTOR ( 'NONE', #3312, 39.37007874015748100 ) ;
#330 = CARTESIAN_POINT ( 'NONE',  ( 0.1171379296976418800, 0.1171763822436229800, -0.06613302208415025600 ) ) ;
#331 = CARTESIAN_POINT ( 'NONE',  ( 0.01754500826243164000, -0.02149028442304338700, -0.008633022084150085100 ) ) ;
#332 = STYLED_ITEM ( 'NONE', ( #1204 ), #199 ) ;
#333 = PLANE ( 'NONE',  #2173 ) ;
#334 = DIRECTION ( 'NONE',  ( -1.000000000000000000, 0.0000000000000000000, 0.0000000000000000000 ) ) ;
#335 = AXIS2_PLACEMENT_3D ( 'NONE', #2483, #2470, #2456 ) ;
#336 = DIRECTION ( 'NONE',  ( 0.0000000000000000000, 0.0000000000000000000, 1.000000000000000000 ) ) ;
#337 = LINE ( 'NONE', #4332, #219 ) ;
#338 = AXIS2_PLACEMENT_3D ( 'NONE', #4455, #4418, #4400 ) ;
#339 = LINE ( 'NONE', #4630, #4413 ) ;
#340 = STYLED_ITEM ( 'NONE', ( #3993 ), #4130 ) ;
#341 = UNCERTAINTY_MEASURE_WITH_UNIT (LENGTH_MEASURE( 1.000000000000000100E-005 ), #1433, 'distance_accuracy_value', 'NONE');
#342 = DIRECTION ( 'NONE',  ( 0.0000000000000000000, 0.0000000000000000000, 1.000000000000000000 ) ) ;
#343 = CARTESIAN_POINT ( 'NONE',  ( 0.03414382850163340300, -0.02415695108971004100, 0.02011697791584989700 ) ) ;
#344 = CARTESIAN_POINT ( 'NONE',  ( 0.006940289219238612200, 0.1885097155769567500, 0.01286697791584984900 ) ) ;
#345 = FILL_AREA_STYLE_COLOUR ( '', #1904 ) ;
#346 = FILL_AREA_STYLE ('',( #4267 ) ) ;
#347 =( GEOMETRIC_REPRESENTATION_CONTEXT ( 3 ) GLOBAL_UNCERTAINTY_ASSIGNED_CONTEXT ( ( #1327 ) ) GLOBAL_UNIT_ASSIGNED_CONTEXT ( ( #2642, #2632, #2607 ) ) REPRESENTATION_CONTEXT ( 'NONE', 'WORKASPACE' ) );
#348 = FILL_AREA_STYLE_COLOUR ( '', #3506 ) ;
#349 = VECTOR ( 'NONE', #789, 39.37007874015748100 ) ;
#350 = CARTESIAN_POINT ( 'NONE',  ( 0.08394028921923824000, 0.1145097155769563100, -0.06613302208415015900 ) ) ;
#351 = DIRECTION ( 'NONE',  ( -1.000000000000000000, 0.0000000000000000000, 0.0000000000000000000 ) ) ;
#352 = ORIENTED_EDGE ( 'NONE', *, *, #2079, .T. ) ;
#353 = STYLED_ITEM ( 'NONE', ( #3196 ), #4776 ) ;
#354 = CARTESIAN_POINT ( 'NONE',  ( -0.07005971078076157800, 0.1205097155769567100, -0.1636330220841501200 ) ) ;
#355 = EDGE_LOOP ( 'NONE', ( #434, #1323, #2441, #997 ) ) ;
#356 = LINE ( 'NONE', #2560, #303 ) ;
#357 = DIRECTION ( 'NONE',  ( -0.0000000000000000000, 1.000000000000000000, -0.0000000000000000000 ) ) ;
#358 = CARTESIAN_POINT ( 'NONE',  ( 0.05074264874083517900, -0.02682361775637670200, 0.04886697791584988100 ) ) ;
#359 = ORIENTED_EDGE ( 'NONE', *, *, #1270, .T. ) ;
#360 = CARTESIAN_POINT ( 'NONE',  ( 0.2379402892192384900, 0.1205097155769567100, 0.1463669779158498500 ) ) ;
#361 = DIRECTION ( 'NONE',  ( -1.000000000000000000, 0.0000000000000000000, 0.0000000000000000000 ) ) ;
#362 = MECHANICAL_DESIGN_GEOMETRIC_PRESENTATION_REPRESENTATION (  '', ( #401 ), #347 ) ;
#363 = CARTESIAN_POINT ( 'NONE',  ( 0.05074264874083499900, 0.1118430489102896800, -0.06613302208415008900 ) ) ;
#364 = CARTESIAN_POINT ( 'NONE',  ( 0.08394028921923865600, -0.02949028442304336300, 0.04886697791584983900 ) ) ;
#365 = DIRECTION ( 'NONE',  ( 0.0000000000000000000, 0.0000000000000000000, -1.000000000000000000 ) ) ;
#366 = EDGE_LOOP ( 'NONE', ( #3379, #1550, #2284, #2447 ) ) ;
#367 = STYLED_ITEM ( 'NONE', ( #2727 ), #926 ) ;
#368 = CARTESIAN_POINT ( 'NONE',  ( 0.03414382850163322200, 0.1091763822436230000, -0.03738302208414991100 ) ) ;
#369 = CIRCLE ( 'NONE', #1589, 0.02999999999999998800 ) ;
#370 = DIRECTION ( 'NONE',  ( 0.0000000000000000000, 0.0000000000000000000, 1.000000000000000000 ) ) ;
#371 = PRESENTATION_LAYER_ASSIGNMENT (  '', '', ( #401 ) ) ;
#372 = SURFACE_STYLE_FILL_AREA ( #3336 ) ;
#373 = VERTEX_POINT ( 'NONE', #4833 ) ;
#374 = PRESENTATION_STYLE_ASSIGNMENT (( #3090 ) ) ;
#375 = SURFACE_STYLE_FILL_AREA ( #3660 ) ;
#376 = VERTEX_POINT ( 'NONE', #4822 ) ;
#377 =( NAMED_UNIT ( * ) PLANE_ANGLE_UNIT ( ) SI_UNIT ( $, .RADIAN. ) );
#378 = CARTESIAN_POINT ( 'NONE',  ( 0.08394028921923865600, -0.08249028442304320900, -0.008633022084150159700 ) ) ;
#379 = CARTESIAN_POINT ( 'NONE',  ( 0.1171379296976421800, -0.03215695108971001300, 0.04886697791584979100 ) ) ;
#380 = AXIS2_PLACEMENT_3D ( 'NONE', #2946, #2944, #2918 ) ;
#381 = COLOUR_RGB ( '',0.8000000000000000400, 0.8039215686274510100, 0.8000000000000000400 ) ;
#382 =( NAMED_UNIT ( * ) SI_UNIT ( $, .STERADIAN. ) SOLID_ANGLE_UNIT ( ) );
#383 = DIRECTION ( 'NONE',  ( 0.0000000000000000000, -1.000000000000000000, -0.0000000000000000000 ) ) ;
#384 = CARTESIAN_POINT ( 'NONE',  ( 0.01754500826243164000, 0.1065097155769563600, -0.008633022084149634100 ) ) ;
#385 = CARTESIAN_POINT ( 'NONE',  ( 0.1337367499368438700, -0.03482361775637668500, 0.02011697791584974800 ) ) ;
#387 = EDGE_LOOP ( 'NONE', ( #1741, #1239, #4012, #4867 ) ) ;
#386 =( NAMED_UNIT ( * ) SI_UNIT ( $, .STERADIAN. ) SOLID_ANGLE_UNIT ( ) );
#388 = PRESENTATION_STYLE_ASSIGNMENT (( #3610 ) ) ;
#389 = AXIS2_PLACEMENT_3D ( 'NONE', #4071, #4898, #3351 ) ;
#390 = DIRECTION ( 'NONE',  ( 0.0000000000000000000, 0.0000000000000000000, -1.000000000000000000 ) ) ;
#391 = COLOUR_RGB ( '',0.9882352941176471000, 1.000000000000000000, 0.9882352941176471000 ) ;
#392 = PRESENTATION_STYLE_ASSIGNMENT (( #3855 ) ) ;
#393 = LINE ( 'NONE', #2938, #2181 ) ;
#394 = CARTESIAN_POINT ( 'NONE',  ( 0.03414382850163347900, 0.1038430489102896800, 0.02011697791585002500 ) ) ;
#395 =( NAMED_UNIT ( * ) PLANE_ANGLE_UNIT ( ) SI_UNIT ( $, .RADIAN. ) );
#396 =( NAMED_UNIT ( * ) PLANE_ANGLE_UNIT ( ) SI_UNIT ( $, .RADIAN. ) );
#397 = VECTOR ( 'NONE', #3132, 39.37007874015748100 ) ;
#398 = VECTOR ( 'NONE', #1234, 39.37007874015748100 ) ;
#399 = EDGE_LOOP ( 'NONE', ( #1843, #2585, #412 ) ) ;
#400 =( NAMED_UNIT ( * ) PLANE_ANGLE_UNIT ( ) SI_UNIT ( $, .RADIAN. ) );
#401 = STYLED_ITEM ( 'NONE', ( #3054 ), #176 ) ;
#402 = CARTESIAN_POINT ( 'NONE',  ( 0.1503355701760455700, -0.03749028442304334200, -0.008633022084150241200 ) ) ;
#403 =( CONVERSION_BASED_UNIT ( 'INCH', #3163 ) LENGTH_UNIT ( ) NAMED_UNIT ( #3420 ) );
#404 = CARTESIAN_POINT ( 'NONE',  ( 0.2439402892192384400, -0.04249028442304322900, 0.05979217476624352400 ) ) ;
#405 = MECHANICAL_DESIGN_GEOMETRIC_PRESENTATION_REPRESENTATION (  '', ( #1491 ), #305 ) ;
#406 = CARTESIAN_POINT ( 'NONE',  ( 0.08394028921923874000, 0.09850971557695636900, 0.04886697791584983900 ) ) ;
#407 = CARTESIAN_POINT ( 'NONE',  ( 0.1337367499368437600, -0.04015695108971000000, -0.03738302208415023700 ) ) ;
#408 = CARTESIAN_POINT ( 'NONE',  ( -0.07005971078076161900, 0.1205097155769567100, 0.1463669779158498500 ) ) ;
#409 = CARTESIAN_POINT ( 'NONE',  ( 0.1171379296976423900, 0.09584304891028967700, 0.04886697791584967300 ) ) ;
#410 =( GEOMETRIC_REPRESENTATION_CONTEXT ( 3 ) GLOBAL_UNCERTAINTY_ASSIGNED_CONTEXT ( ( #2589 ) ) GLOBAL_UNIT_ASSIGNED_CONTEXT ( ( #2624, #2601, #2514 ) ) REPRESENTATION_CONTEXT ( 'NONE', 'WORKASPACE' ) );
#411 =( LENGTH_UNIT ( ) NAMED_UNIT ( * ) SI_UNIT ( $, .METRE. ) );
#412 = ORIENTED_EDGE ( 'NONE', *, *, #1894, .F. ) ;
#413 = ADVANCED_FACE ( 'NONE', ( #1676 ), #51, .T. ) ;
#414 =( CONVERSION_BASED_UNIT ( 'INCH', #785 ) LENGTH_UNIT ( ) NAMED_UNIT ( #1754 ) );
#415 = PRESENTATION_LAYER_ASSIGNMENT (  '', '', ( #1731 ) ) ;
#416 =( GEOMETRIC_REPRESENTATION_CONTEXT ( 3 ) GLOBAL_UNCERTAINTY_ASSIGNED_CONTEXT ( ( #3181 ) ) GLOBAL_UNIT_ASSIGNED_CONTEXT ( ( #3008, #2987, #2972 ) ) REPRESENTATION_CONTEXT ( 'NONE', 'WORKASPACE' ) );
#417 = MECHANICAL_DESIGN_GEOMETRIC_PRESENTATION_REPRESENTATION (  '', ( #445 ), #410 ) ;
#418 =( NAMED_UNIT ( * ) PLANE_ANGLE_UNIT ( ) SI_UNIT ( $, .RADIAN. ) );
#419 = CARTESIAN_POINT ( 'NONE',  ( 0.1171379296976420000, -0.04282361775637666400, -0.06613302208415021400 ) ) ;
#420 = VERTEX_POINT ( 'NONE', #4803 ) ;
#421 = CARTESIAN_POINT ( 'NONE',  ( 0.1337367499368436200, 0.1098430489102897000, -0.03738302208415052200 ) ) ;
#422 = MECHANICAL_DESIGN_GEOMETRIC_PRESENTATION_REPRESENTATION (  '', ( #444 ), #416 ) ;
#423 = DIMENSIONAL_EXPONENTS ( 1.000000000000000000, 0.0000000000000000000, 0.0000000000000000000, 0.0000000000000000000, 0.0000000000000000000, 0.0000000000000000000, 0.0000000000000000000 ) ;
#424 = VERTEX_POINT ( 'NONE', #4300 ) ;
#425 = CARTESIAN_POINT ( 'NONE',  ( 0.1337367499368440600, 0.09317638224362305400, 0.02011697791584942200 ) ) ;
#426 = SURFACE_STYLE_USAGE ( .BOTH. , #432 ) ;
#427 = VERTEX_POINT ( 'NONE', #4280 ) ;
#428 = FILL_AREA_STYLE ('',( #3991 ) ) ;
#429 = CARTESIAN_POINT ( 'NONE',  ( 0.1503355701760455400, 0.09050971557695637600, -0.008633022084150440700 ) ) ;
#430 = AXIS2_PLACEMENT_3D ( 'NONE', #2481, #2932, #2927 ) ;
#431 = ADVANCED_FACE ( 'NONE', ( #2887, #710 ), #2468, .T. ) ;
#432 = SURFACE_SIDE_STYLE ('',( #3331 ) ) ;
#433 =( NAMED_UNIT ( * ) SI_UNIT ( $, .STERADIAN. ) SOLID_ANGLE_UNIT ( ) );
#434 = ORIENTED_EDGE ( 'NONE', *, *, #1080, .F. ) ;
#435 = PRESENTATION_LAYER_ASSIGNMENT (  '', '', ( #444 ) ) ;
#436 = CARTESIAN_POINT ( 'NONE',  ( 0.05074264874083550500, 0.1011763822436230100, 0.04886697791585006100 ) ) ;
#437 = AXIS2_PLACEMENT_3D ( 'NONE', #3282, #3381, #2899 ) ;
#438 = CARTESIAN_POINT ( 'NONE',  ( -0.07005971078076157800, 0.1205097155769567100, 0.1463669779158498500 ) ) ;
#439 = COLOUR_RGB ( '',0.9882352941176471000, 1.000000000000000000, 0.9882352941176471000 ) ;
#440 = DIRECTION ( 'NONE',  ( 0.0000000000000000000, 0.0000000000000000000, 1.000000000000000000 ) ) ;
#441 = ORIENTED_EDGE ( 'NONE', *, *, #1985, .F. ) ;
#442 = FILL_AREA_STYLE ('',( #469 ) ) ;
#443 =( LENGTH_UNIT ( ) NAMED_UNIT ( * ) SI_UNIT ( $, .METRE. ) );
#444 = STYLED_ITEM ( 'NONE', ( #4141 ), #129 ) ;
#445 = STYLED_ITEM ( 'NONE', ( #2155 ), #4075 ) ;
#446 = FACE_OUTER_BOUND ( 'NONE', #1899, .T. ) ;
#447 = CARTESIAN_POINT ( 'NONE',  ( 0.1337367499368436200, 0.08784304891028971200, -0.03738302208415052200 ) ) ;
#448 = PRESENTATION_STYLE_ASSIGNMENT (( #1468 ) ) ;
#449 = LINE ( 'NONE', #175, #2882 ) ;
#450 = AXIS2_PLACEMENT_3D ( 'NONE', #3497, #3492, #3384 ) ;
#451 = DIRECTION ( 'NONE',  ( -7.691013495676420000E-017, -0.0000000000000000000, -1.000000000000000000 ) ) ;
#452 =( NAMED_UNIT ( * ) PLANE_ANGLE_UNIT ( ) SI_UNIT ( $, .RADIAN. ) );
#453 = PRESENTATION_STYLE_ASSIGNMENT (( #2184 ) ) ;
#454 =( GEOMETRIC_REPRESENTATION_CONTEXT ( 3 ) GLOBAL_UNCERTAINTY_ASSIGNED_CONTEXT ( ( #53 ) ) GLOBAL_UNIT_ASSIGNED_CONTEXT ( ( #2694, #483, #2919 ) ) REPRESENTATION_CONTEXT ( 'NONE', 'WORKASPACE' ) );
#455 = DIMENSIONAL_EXPONENTS ( 1.000000000000000000, 0.0000000000000000000, 0.0000000000000000000, 0.0000000000000000000, 0.0000000000000000000, 0.0000000000000000000, 0.0000000000000000000 ) ;
#456 = DIRECTION ( 'NONE',  ( -1.000000000000000000, 0.0000000000000000000, 0.0000000000000000000 ) ) ;
#457 = CARTESIAN_POINT ( 'NONE',  ( 0.1171379296976419000, 0.08517638224362306100, -0.06613302208415025600 ) ) ;
#458 = LINE ( 'NONE', #3323, #329 ) ;
#459 = VERTEX_POINT ( 'NONE', #4631 ) ;
#460 = CARTESIAN_POINT ( 'NONE',  ( 0.08394028921923893400, 0.08850971557695644400, 0.04886697791584983900 ) ) ;
#461 =( CONVERSION_BASED_UNIT ( 'INCH', #3727 ) LENGTH_UNIT ( ) NAMED_UNIT ( #3116 ) );
#462 = ADVANCED_FACE ( 'NONE', ( #582 ), #4313, .F. ) ;
#463 = SURFACE_STYLE_USAGE ( .BOTH. , #496 ) ;
#464 = ORIENTED_EDGE ( 'NONE', *, *, #1947, .T. ) ;
#465 = CARTESIAN_POINT ( 'NONE',  ( 0.08394028921923824000, 0.08250971557695639700, -0.06613302208415015900 ) ) ;
#466 = CARTESIAN_POINT ( 'NONE',  ( 0.1783577139494502400, 0.1815097155769568000, -0.008633022084150159700 ) ) ;
#467 = AXIS2_PLACEMENT_3D ( 'NONE', #3180, #3161, #3083 ) ;
#468 = PRESENTATION_STYLE_ASSIGNMENT (( #4200 ) ) ;
#469 = FILL_AREA_STYLE_COLOUR ( '', #1992 ) ;
#470 =( LENGTH_UNIT ( ) NAMED_UNIT ( * ) SI_UNIT ( $, .METRE. ) );
#471 = CARTESIAN_POINT ( 'NONE',  ( 0.05074264874083501300, 0.07984304891028974600, -0.06613302208415008900 ) ) ;
#472 = CARTESIAN_POINT ( 'NONE',  ( 0.03414382850163323600, 0.07717638224362308200, -0.03738302208414992500 ) ) ;
#473 = SURFACE_STYLE_FILL_AREA ( #2734 ) ;
#474 = PRESENTATION_LAYER_ASSIGNMENT (  '', '', ( #445 ) ) ;
#475 = PLANE ( 'NONE',  #4602 ) ;
#476 = CARTESIAN_POINT ( 'NONE',  ( 0.2059402892192384900, -0.04249028442304322900, 0.1463669779158498500 ) ) ;
#477 =( NAMED_UNIT ( * ) SI_UNIT ( $, .STERADIAN. ) SOLID_ANGLE_UNIT ( ) );
#478 = VECTOR ( 'NONE', #1052, 39.37007874015748100 ) ;
#479 = CARTESIAN_POINT ( 'NONE',  ( 0.01754500826243164000, 0.07450971557695639000, -0.008633022084149649700 ) ) ;
#480 = ORIENTED_EDGE ( 'NONE', *, *, #1627, .F. ) ;
#481 =( GEOMETRIC_REPRESENTATION_CONTEXT ( 3 ) GLOBAL_UNCERTAINTY_ASSIGNED_CONTEXT ( ( #3201 ) ) GLOBAL_UNIT_ASSIGNED_CONTEXT ( ( #2107, #3640, #3633 ) ) REPRESENTATION_CONTEXT ( 'NONE', 'WORKASPACE' ) );
#482 = PRESENTATION_STYLE_ASSIGNMENT (( #3925 ) ) ;
#483 =( NAMED_UNIT ( * ) PLANE_ANGLE_UNIT ( ) SI_UNIT ( $, .RADIAN. ) );
#484 = CARTESIAN_POINT ( 'NONE',  ( 0.1171379296976420000, 0.2031763822436228100, -0.06613302208415021400 ) ) ;
#485 = EDGE_LOOP ( 'NONE', ( #4283, #4087, #2197, #2443 ) ) ;
#486 = CARTESIAN_POINT ( 'NONE',  ( 0.1054402892192386500, 0.1885097155769567500, -0.03013302208415016800 ) ) ;
#487 = MECHANICAL_DESIGN_GEOMETRIC_PRESENTATION_REPRESENTATION (  '', ( #554 ), #454 ) ;
#488 = CARTESIAN_POINT ( 'NONE',  ( 0.03414382850163347200, 0.07184304891028976700, 0.02011697791585001200 ) ) ;
#489 =( NAMED_UNIT ( * ) SI_UNIT ( $, .STERADIAN. ) SOLID_ANGLE_UNIT ( ) );
#490 = CARTESIAN_POINT ( 'NONE',  ( 0.08394028921923851700, -0.04549028442304332800, -0.06613302208415015900 ) ) ;
#491 = EDGE_LOOP ( 'NONE', ( #512, #3772, #751, #4021 ) ) ;
#492 = CARTESIAN_POINT ( 'NONE',  ( 0.05074264874083529000, 0.06917638224362308900, 0.04886697791584994300 ) ) ;
#493 = CARTESIAN_POINT ( 'NONE',  ( 0.1255095086008920500, 0.1388430489102896200, 0.06336697791584960900 ) ) ;
#494 = SURFACE_STYLE_USAGE ( .BOTH. , #530 ) ;
#495 = COLOUR_RGB ( '',0.8000000000000000400, 0.8039215686274510100, 0.8000000000000000400 ) ;
#496 = SURFACE_SIDE_STYLE ('',( #2576 ) ) ;
#497 =( NAMED_UNIT ( * ) PLANE_ANGLE_UNIT ( ) SI_UNIT ( $, .RADIAN. ) );
#498 = ORIENTED_EDGE ( 'NONE', *, *, #1070, .F. ) ;
#499 = DIMENSIONAL_EXPONENTS ( 1.000000000000000000, 0.0000000000000000000, 0.0000000000000000000, 0.0000000000000000000, 0.0000000000000000000, 0.0000000000000000000, 0.0000000000000000000 ) ;
#500 = MECHANICAL_DESIGN_GEOMETRIC_PRESENTATION_REPRESENTATION (  '', ( #523 ), #481 ) ;
#501 = CARTESIAN_POINT ( 'NONE',  ( 0.08394028921923893400, 0.06650971557695645200, 0.04886697791584983900 ) ) ;
#502 = MECHANICAL_DESIGN_GEOMETRIC_PRESENTATION_REPRESENTATION (  '', ( #367 ), #1240 ) ;
#503 = PRESENTATION_LAYER_ASSIGNMENT (  '', '', ( #523 ) ) ;
#504 = CARTESIAN_POINT ( 'NONE',  ( 0.1171379296976423800, 0.06384304891028977400, 0.04886697791584967300 ) ) ;
#505 =( GEOMETRIC_REPRESENTATION_CONTEXT ( 3 ) GLOBAL_UNCERTAINTY_ASSIGNED_CONTEXT ( ( #3011 ) ) GLOBAL_UNIT_ASSIGNED_CONTEXT ( ( #3065, #3051, #3021 ) ) REPRESENTATION_CONTEXT ( 'NONE', 'WORKASPACE' ) );
#506 = B_SPLINE_CURVE_WITH_KNOTS ( 'NONE', 3,
 ( #3186, #3170, #3152, #3139 ),
 .UNSPECIFIED., .F., .F.,
 ( 4, 4 ),
 ( 0.0000000000000000000, 1.817012551459008500E-005 ),
 .UNSPECIFIED. ) ;
#507 = CARTESIAN_POINT ( 'NONE',  ( 0.05074264874083504000, -0.04815695108970999300, -0.06613302208415011700 ) ) ;
#508 =( GEOMETRIC_REPRESENTATION_CONTEXT ( 3 ) GLOBAL_UNCERTAINTY_ASSIGNED_CONTEXT ( ( #4328 ) ) GLOBAL_UNIT_ASSIGNED_CONTEXT ( ( #1939, #1919, #1837 ) ) REPRESENTATION_CONTEXT ( 'NONE', 'WORKASPACE' ) );
#509 = CARTESIAN_POINT ( 'NONE',  ( 0.1337367499368439200, 0.06117638224362309500, 0.02011697791584960900 ) ) ;
#510 = CARTESIAN_POINT ( 'NONE',  ( 0.06244028921923864400, 0.2412628073239102600, -0.08563302208415014800 ) ) ;
#511 = ADVANCED_FACE ( 'NONE', ( #2385 ), #3890, .T. ) ;
#512 = ORIENTED_EDGE ( 'NONE', *, *, #1109, .F. ) ;
#513 = FILL_AREA_STYLE ('',( #804 ) ) ;
#514 = AXIS2_PLACEMENT_3D ( 'NONE', #4662, #4439, #4422 ) ;
#515 = ADVANCED_FACE ( 'NONE', ( #289, #284 ), #3548, .T. ) ;
#517 = MECHANICAL_DESIGN_GEOMETRIC_PRESENTATION_REPRESENTATION (  '', ( #612 ), #505 ) ;
#516 =( CONVERSION_BASED_UNIT ( 'INCH', #3395 ) LENGTH_UNIT ( ) NAMED_UNIT ( #455 ) );
#518 = VECTOR ( 'NONE', #191, 39.37007874015748100 ) ;
#519 = CARTESIAN_POINT ( 'NONE',  ( 0.1503355701760455400, 0.05850971557695645900, -0.008633022084150425100 ) ) ;
#520 = LINE ( 'NONE', #2527, #1376 ) ;
#521 = CARTESIAN_POINT ( 'NONE',  ( 0.1989402892192385600, 0.1675097155769567900, -0.008633022084150159700 ) ) ;
#522 = SURFACE_STYLE_FILL_AREA ( #346 ) ;
#523 = STYLED_ITEM ( 'NONE', ( #1815 ), #65 ) ;
#524 = ORIENTED_EDGE ( 'NONE', *, *, #2317, .T. ) ;
#525 = AXIS2_PLACEMENT_3D ( 'NONE', #2664, #792, #2091 ) ;
#526 =( NAMED_UNIT ( * ) PLANE_ANGLE_UNIT ( ) SI_UNIT ( $, .RADIAN. ) );
#527 = CARTESIAN_POINT ( 'NONE',  ( 0.03414382850163333300, -0.05082361775637665000, -0.03738302208415009800 ) ) ;
#528 = CARTESIAN_POINT ( 'NONE',  ( 0.1337367499368437300, 0.05584304891028978000, -0.03738302208415032700 ) ) ;
#529 = CARTESIAN_POINT ( 'NONE',  ( 0.06958750097721022600, 0.2417031624877410700, -0.08563302208415014800 ) ) ;
#530 = SURFACE_SIDE_STYLE ('',( #3790 ) ) ;
#531 = ORIENTED_EDGE ( 'NONE', *, *, #1441, .T. ) ;
#532 =( LENGTH_UNIT ( ) NAMED_UNIT ( * ) SI_UNIT ( $, .METRE. ) );
#533 = CARTESIAN_POINT ( 'NONE',  ( 0.1171379296976419200, 0.05317638224362311600, -0.06613302208415025600 ) ) ;
#534 = LENGTH_MEASURE_WITH_UNIT ( LENGTH_MEASURE( 0.02539999999999999900 ), #4704 );
#535 = B_SPLINE_CURVE_WITH_KNOTS ( 'NONE', 3,
 ( #3483, #3514, #3371, #3335, #3307, #3290 ),
 .UNSPECIFIED., .F., .F.,
 ( 4, 2, 4 ),
 ( 8.090327944202651000E-017, 0.0004431371446971626400, 0.0008862742893942444000 ),
 .UNSPECIFIED. ) ;
#536 = CARTESIAN_POINT ( 'NONE',  ( 0.07675829212455757800, 0.2419251322065250300, -0.08563302208415014800 ) ) ;
#537 = LINE ( 'NONE', #1228, #4425 ) ;
#538 = CARTESIAN_POINT ( 'NONE',  ( 0.08394028921923826800, 0.05050971557695646500, -0.06613302208415015900 ) ) ;
#539 = VECTOR ( 'NONE', #134, 39.37007874015748100 ) ;
#540 = ORIENTED_EDGE ( 'NONE', *, *, #2299, .F. ) ;
#541 =( CONVERSION_BASED_UNIT ( 'INCH', #1615 ) LENGTH_UNIT ( ) NAMED_UNIT ( #4528 ) );
#542 = CARTESIAN_POINT ( 'NONE',  ( 0.01754500826243164000, -0.05349028442304330800, -0.008633022084150085100 ) ) ;
#543 =( GEOMETRIC_REPRESENTATION_CONTEXT ( 3 ) GLOBAL_UNCERTAINTY_ASSIGNED_CONTEXT ( ( #3267 ) ) GLOBAL_UNIT_ASSIGNED_CONTEXT ( ( #4790, #4782, #4764 ) ) REPRESENTATION_CONTEXT ( 'NONE', 'WORKASPACE' ) );
#544 = CARTESIAN_POINT ( 'NONE',  ( 0.08394028921923851700, 0.06150971557695646800, -0.08063302208415015800 ) ) ;
#545 = CARTESIAN_POINT ( 'NONE',  ( 0.05074264874083481800, 0.04784304891028980800, -0.06613302208414999200 ) ) ;
#547 = VECTOR ( 'NONE', #747, 39.37007874015748100 ) ;
#546 = CARTESIAN_POINT ( 'NONE',  ( 0.09115377763413423700, 0.2419244832886186500, -0.08563302208415014800 ) ) ;
#548 = FILL_AREA_STYLE ('',( #585 ) ) ;
#549 = ORIENTED_EDGE ( 'NONE', *, *, #2308, .F. ) ;
#550 = SURFACE_STYLE_USAGE ( .BOTH. , #653 ) ;
#551 = CARTESIAN_POINT ( 'NONE',  ( 0.2379402892192384900, 0.1205097155769567100, -0.1636330220841501200 ) ) ;
#552 = MECHANICAL_DESIGN_GEOMETRIC_PRESENTATION_REPRESENTATION (  '', ( #575 ), #543 ) ;
#553 = EDGE_LOOP ( 'NONE', ( #3929, #4039, #2800, #4606, #4584, #2252, #464, #4366, #4481, #2754, #4522, #3097 ) ) ;
#554 = STYLED_ITEM ( 'NONE', ( #3435 ), #4758 ) ;
#555 = ORIENTED_EDGE ( 'NONE', *, *, #2160, .F. ) ;
#556 = CARTESIAN_POINT ( 'NONE',  ( 0.01754500826243164000, 0.04250971557695649300, -0.008633022084149901200 ) ) ;
#557 =( LENGTH_UNIT ( ) NAMED_UNIT ( * ) SI_UNIT ( $, .METRE. ) );
#558 = CARTESIAN_POINT ( 'NONE',  ( 0.03414382850163340300, -0.05615695108970997200, 0.02011697791584989700 ) ) ;
#559 = LENGTH_MEASURE_WITH_UNIT ( LENGTH_MEASURE( 0.02539999999999999900 ), #3085 );
#560 = CARTESIAN_POINT ( 'NONE',  ( 0.03414382850163346500, 0.03984304891028982200, 0.02011697791584999800 ) ) ;
#561 = EDGE_LOOP ( 'NONE', ( #3519, #2621, #4923, #3520 ) ) ;
#562 = ADVANCED_FACE ( 'NONE', ( #3629, #3811 ), #2283, .F. ) ;
#563 = UNCERTAINTY_MEASURE_WITH_UNIT (LENGTH_MEASURE( 1.000000000000000100E-005 ), #4638, 'distance_accuracy_value', 'NONE');
#564 = ADVANCED_FACE ( 'NONE', ( #640, #2089 ), #1229, .F. ) ;
#565 = EDGE_LOOP ( 'NONE', ( #4614, #4857, #3114, #3707 ) ) ;
#566 = DIMENSIONAL_EXPONENTS ( 1.000000000000000000, 0.0000000000000000000, 0.0000000000000000000, 0.0000000000000000000, 0.0000000000000000000, 0.0000000000000000000, 0.0000000000000000000 ) ;
#567 = PRESENTATION_LAYER_ASSIGNMENT (  '', '', ( #575 ) ) ;
#568 = CARTESIAN_POINT ( 'NONE',  ( 0.05074264874083526200, 0.03717638224362315700, 0.04886697791584993000 ) ) ;
#569 = VECTOR ( 'NONE', #390, 39.37007874015748100 ) ;
#570 =( LENGTH_UNIT ( ) NAMED_UNIT ( * ) SI_UNIT ( $, .METRE. ) );
#571 = ORIENTED_EDGE ( 'NONE', *, *, #1406, .F. ) ;
#572 = CARTESIAN_POINT ( 'NONE',  ( 0.1171379296976419000, 0.1071763822436230800, -0.06613302208415025600 ) ) ;
#573 = LENGTH_MEASURE_WITH_UNIT ( LENGTH_MEASURE( 0.02539999999999999900 ), #2166 );
#574 = LENGTH_MEASURE_WITH_UNIT ( LENGTH_MEASURE( 0.02539999999999999900 ), #2258 );
#575 = STYLED_ITEM ( 'NONE', ( #3692 ), #44 ) ;
#576 = CARTESIAN_POINT ( 'NONE',  ( 0.08394028921923871200, 0.03450971557695650700, 0.04886697791584983900 ) ) ;
#577 = PRESENTATION_LAYER_ASSIGNMENT (  '', '', ( #612 ) ) ;
#578 = SURFACE_STYLE_USAGE ( .BOTH. , #607 ) ;
#579 = CARTESIAN_POINT ( 'NONE',  ( 0.05074264874083517900, -0.05882361775637663000, 0.04886697791584988100 ) ) ;
#580 = PRESENTATION_STYLE_ASSIGNMENT (( #1335 ) ) ;
#581 = CARTESIAN_POINT ( 'NONE',  ( 0.1171379296976423800, 0.03184304891028984200, 0.04886697791584967300 ) ) ;
#582 = FACE_OUTER_BOUND ( 'NONE', #1890, .T. ) ;
#583 = LINE ( 'NONE', #486, #2934 ) ;
#584 = DIRECTION ( 'NONE',  ( -0.0000000000000000000, 1.000000000000000000, -0.0000000000000000000 ) ) ;
#585 = FILL_AREA_STYLE_COLOUR ( '', #3947 ) ;
#586 = CARTESIAN_POINT ( 'NONE',  ( 0.006940289219238612200, 0.1885097155769567500, -0.03013302208415016800 ) ) ;
#587 = EDGE_CURVE ( 'NONE', #4668, #2828, #1788, .T. ) ;
#588 = CARTESIAN_POINT ( 'NONE',  ( 0.1337367499368439200, 0.02917638224362318800, 0.02011697791584962300 ) ) ;
#589 = CARTESIAN_POINT ( 'NONE',  ( 0.1054402892192386500, 0.2412628073238476900, -0.08563302208415014800 ) ) ;
#590 = PRESENTATION_LAYER_ASSIGNMENT (  '', '', ( #554 ) ) ;
#591 = PLANE ( 'NONE',  #24 ) ;
#592 = ADVANCED_FACE ( 'NONE', ( #1784 ), #2749, .F. ) ;
#593 = PRESENTATION_STYLE_ASSIGNMENT (( #1712 ) ) ;
#594 = COLOUR_RGB ( '',0.8000000000000000400, 0.8039215686274510100, 0.8000000000000000400 ) ;
#595 = UNCERTAINTY_MEASURE_WITH_UNIT (LENGTH_MEASURE( 1.000000000000000100E-005 ), #414, 'distance_accuracy_value', 'NONE');
#596 = DIRECTION ( 'NONE',  ( -0.0000000000000000000, 1.000000000000000000, -0.0000000000000000000 ) ) ;
#597 = CARTESIAN_POINT ( 'NONE',  ( -0.03805971078076162600, -0.04249028442304322900, -0.07705821893454381500 ) ) ;
#598 = EDGE_CURVE ( 'NONE', #2828, #3406, #537, .T. ) ;
#599 = LINE ( 'NONE', #6, #3251 ) ;
#600 = STYLED_ITEM ( 'NONE', ( #1221 ), #1387 ) ;
#601 = CARTESIAN_POINT ( 'NONE',  ( 0.1503355701760455400, 0.02650971557695650700, -0.008633022084150409500 ) ) ;
#602 = VERTEX_POINT ( 'NONE', #2393 ) ;
#603 = EDGE_CURVE ( 'NONE', #3406, #817, #1588, .T. ) ;
#604 = ORIENTED_EDGE ( 'NONE', *, *, #3885, .F. ) ;
#605 = DIRECTION ( 'NONE',  ( -1.000000000000000000, 0.0000000000000000000, 0.0000000000000000000 ) ) ;
#606 = PRESENTATION_LAYER_ASSIGNMENT (  '', '', ( #2687 ) ) ;
#607 = SURFACE_SIDE_STYLE ('',( #4571 ) ) ;
#608 = CARTESIAN_POINT ( 'NONE',  ( 0.08394028921923865600, -0.06149028442304328700, 0.04886697791584983900 ) ) ;
#609 = ORIENTED_EDGE ( 'NONE', *, *, #1774, .F. ) ;
#610 = EDGE_CURVE ( 'NONE', #817, #4741, #2796, .T. ) ;
#611 = CARTESIAN_POINT ( 'NONE',  ( 0.1337367499368437300, 0.02384304891028985600, -0.03738302208415031400 ) ) ;
#612 = STYLED_ITEM ( 'NONE', ( #3511 ), #4073 ) ;
#613 = DIRECTION ( 'NONE',  ( -0.0000000000000000000, 1.000000000000000000, -0.0000000000000000000 ) ) ;
#614 = ADVANCED_FACE ( 'NONE', ( #1535 ), #2332, .F. ) ;
#615 = LINE ( 'NONE', #4739, #981 ) ;
#616 = DIRECTION ( 'NONE',  ( 0.0000000000000000000, 0.0000000000000000000, 1.000000000000000000 ) ) ;
#617 = ADVANCED_FACE ( 'NONE', ( #2359 ), #2207, .F. ) ;
#618 = EDGE_LOOP ( 'NONE', ( #4330 ) ) ;
#619 = DIMENSIONAL_EXPONENTS ( 1.000000000000000000, 0.0000000000000000000, 0.0000000000000000000, 0.0000000000000000000, 0.0000000000000000000, 0.0000000000000000000, 0.0000000000000000000 ) ;
#620 = CARTESIAN_POINT ( 'NONE',  ( 0.1171379296976419200, 0.02117638224362319200, -0.06613302208415022800 ) ) ;
#621 = DIRECTION ( 'NONE',  ( 0.0000000000000000000, 0.0000000000000000000, 1.000000000000000000 ) ) ;
#622 = EDGE_CURVE ( 'NONE', #4741, #916, #1598, .T. ) ;
#623 = VERTEX_POINT ( 'NONE', #1423 ) ;
#624 = DIRECTION ( 'NONE',  ( -0.0000000000000000000, -1.000000000000000000, -0.0000000000000000000 ) ) ;
#625 =( GEOMETRIC_REPRESENTATION_CONTEXT ( 3 ) GLOBAL_UNCERTAINTY_ASSIGNED_CONTEXT ( ( #4460 ) ) GLOBAL_UNIT_ASSIGNED_CONTEXT ( ( #2803, #2785, #1428 ) ) REPRESENTATION_CONTEXT ( 'NONE', 'WORKASPACE' ) );
#626 = ORIENTED_EDGE ( 'NONE', *, *, #756, .T. ) ;
#627 = FILL_AREA_STYLE ('',( #776 ) ) ;
#628 = CARTESIAN_POINT ( 'NONE',  ( 0.1171379296976421800, -0.06415695108970995200, 0.04886697791584979100 ) ) ;
#629 = CARTESIAN_POINT ( 'NONE',  ( 0.1462941182917181200, -0.06115695108970993500, -0.04463302208415023000 ) ) ;
#630 = CARTESIAN_POINT ( 'NONE',  ( 0.2379402892192384900, -0.07549028442304323000, 0.1463669779158498500 ) ) ;
#631 = CARTESIAN_POINT ( 'NONE',  ( 0.08394028921923846200, 0.08750971557695702600, -0.008633022084150142300 ) ) ;
#632 = CARTESIAN_POINT ( 'NONE',  ( 0.2379402892192384900, -0.07549028442304323000, -0.1370582189345438100 ) ) ;
#633 = ORIENTED_EDGE ( 'NONE', *, *, #1652, .F. ) ;
#634 = EDGE_CURVE ( 'NONE', #916, #3160, #2655, .T. ) ;
#635 = CARTESIAN_POINT ( 'NONE',  ( 0.08394028921923865600, 0.06650971557695645200, 0.04886697791584983900 ) ) ;
#636 = CARTESIAN_POINT ( 'NONE',  ( 0.08394028921923849000, 0.01850971557695654100, -0.06613302208415015900 ) ) ;
#637 = VERTEX_POINT ( 'NONE', #1213 ) ;
#638 = CARTESIAN_POINT ( 'NONE',  ( 0.08394028921923824000, 0.1045097155769563900, -0.06613302208415015900 ) ) ;
#639 = LINE ( 'NONE', #1242, #2673 ) ;
#640 = FACE_OUTER_BOUND ( 'NONE', #2371, .T. ) ;
#641 = CARTESIAN_POINT ( 'NONE',  ( 0.05074264874083501300, 0.1018430489102897500, -0.06613302208415008900 ) ) ;
#642 = VECTOR ( 'NONE', #2875, 39.37007874015748100 ) ;
#643 = EDGE_CURVE ( 'NONE', #3105, #1379, #1111, .T. ) ;
#644 =( GEOMETRIC_REPRESENTATION_CONTEXT ( 3 ) GLOBAL_UNCERTAINTY_ASSIGNED_CONTEXT ( ( #888 ) ) GLOBAL_UNIT_ASSIGNED_CONTEXT ( ( #2805, #2792, #2787 ) ) REPRESENTATION_CONTEXT ( 'NONE', 'WORKASPACE' ) );
#645 = SURFACE_STYLE_FILL_AREA ( #3602 ) ;
#646 = DIRECTION ( 'NONE',  ( 0.0000000000000000000, 0.0000000000000000000, 1.000000000000000000 ) ) ;
#647 = CARTESIAN_POINT ( 'NONE',  ( 0.1337367499368438700, -0.06682361775637661600, 0.02011697791584974800 ) ) ;
#648 = CARTESIAN_POINT ( 'NONE',  ( 0.04237106983758547100, 0.05884304891028980400, -0.08063302208415010200 ) ) ;
#649 = CARTESIAN_POINT ( 'NONE',  ( 0.09831486661842577000, 0.2417018200106743100, -0.08563302208415014800 ) ) ;
#650 = PLANE ( 'NONE',  #1987 ) ;
#651 = DIRECTION ( 'NONE',  ( -1.000000000000000000, 0.0000000000000000000, 0.0000000000000000000 ) ) ;
#652 = EDGE_CURVE ( 'NONE', #1379, #857, #1104, .T. ) ;
#653 = SURFACE_SIDE_STYLE ('',( #2226 ) ) ;
#654 = CARTESIAN_POINT ( 'NONE',  ( 0.05074264874083481800, 0.01584304891028987700, -0.06613302208414999200 ) ) ;
#655 = ORIENTED_EDGE ( 'NONE', *, *, #1947, .F. ) ;
#656 = MECHANICAL_DESIGN_GEOMETRIC_PRESENTATION_REPRESENTATION (  '', ( #1255 ), #625 ) ;
#657 = PRESENTATION_STYLE_ASSIGNMENT (( #4713 ) ) ;
#658 = DIRECTION ( 'NONE',  ( -0.0000000000000000000, 1.000000000000000000, -0.0000000000000000000 ) ) ;
#659 = CARTESIAN_POINT ( 'NONE',  ( 0.08394028921923851700, -0.07749028442304324600, -0.06613302208415015900 ) ) ;
#660 = CARTESIAN_POINT ( 'NONE',  ( 0.02158646014675897500, 0.05617638224362315300, -0.04463302208415009100 ) ) ;
#661 = CARTESIAN_POINT ( 'NONE',  ( 0.06244028921923864400, 0.1885097155769567500, -0.08563302208415014800 ) ) ;
#662 = COLOUR_RGB ( '',0.8000000000000000400, 0.8039215686274510100, 0.8000000000000000400 ) ;
#663 = CARTESIAN_POINT ( 'NONE',  ( 0.08394028921923760200, 0.1475097155769567200, 0.05260273657344072300 ) ) ;
#664 = EDGE_CURVE ( 'NONE', #4781, #3355, #1778, .T. ) ;
#665 = ORIENTED_EDGE ( 'NONE', *, *, #1019, .F. ) ;
#666 = CARTESIAN_POINT ( 'NONE',  ( 0.2059402892192384900, -0.2424902844230432100, -0.1070582189345438700 ) ) ;
#667 = MECHANICAL_DESIGN_GEOMETRIC_PRESENTATION_REPRESENTATION (  '', ( #2687 ), #3200 ) ;
#668 = FILL_AREA_STYLE ('',( #854 ) ) ;
#669 = CARTESIAN_POINT ( 'NONE',  ( 0.03414382850163324300, 0.01317638224362322600, -0.03738302208414995300 ) ) ;
#670 = ORIENTED_EDGE ( 'NONE', *, *, #1283, .T. ) ;
#671 = EDGE_CURVE ( 'NONE', #4781, #218, #1101, .T. ) ;
#672 = MECHANICAL_DESIGN_GEOMETRIC_PRESENTATION_REPRESENTATION (  '', ( #703 ), #644 ) ;
#673 = CARTESIAN_POINT ( 'NONE',  ( 0.08394028921923846200, 0.1518842916109778000, 0.06036697791584985700 ) ) ;
#674 = ORIENTED_EDGE ( 'NONE', *, *, #2103, .T. ) ;
#675 = STYLED_ITEM ( 'NONE', ( #3646 ), #1008 ) ;
#676 = CARTESIAN_POINT ( 'NONE',  ( 0.08394028921923865600, -0.06807509368580706700, -0.008633022084150159700 ) ) ;
#677 = CARTESIAN_POINT ( 'NONE',  ( 0.05074264874083504000, -0.08015695108970991000, -0.06613302208415011700 ) ) ;
#678 = EDGE_CURVE ( 'NONE', #218, #4761, #974, .T. ) ;
#679 = PRESENTATION_LAYER_ASSIGNMENT (  '', '', ( #703 ) ) ;
#680 = CARTESIAN_POINT ( 'NONE',  ( 0.08394028921923875300, 0.1525097155769563100, 0.04886697791584983900 ) ) ;
#681 = DIRECTION ( 'NONE',  ( -1.000000000000000000, 0.0000000000000000000, 0.0000000000000000000 ) ) ;
#682 = PRESENTATION_LAYER_ASSIGNMENT (  '', '', ( #1255 ) ) ;
#683 = CARTESIAN_POINT ( 'NONE',  ( 0.08394028921923865600, -0.07149028442304322700, 0.04886697791584983900 ) ) ;
#684 = CARTESIAN_POINT ( 'NONE',  ( 0.01754500826243164000, 0.01050971557695654300, -0.008633022084149916800 ) ) ;
#685 = EDGE_CURVE ( 'NONE', #4761, #4804, #4430, .T. ) ;
#686 = UNCERTAINTY_MEASURE_WITH_UNIT (LENGTH_MEASURE( 1.000000000000000100E-005 ), #3510, 'distance_accuracy_value', 'NONE');
#687 = DIMENSIONAL_EXPONENTS ( 1.000000000000000000, 0.0000000000000000000, 0.0000000000000000000, 0.0000000000000000000, 0.0000000000000000000, 0.0000000000000000000, 0.0000000000000000000 ) ;
#688 = CARTESIAN_POINT ( 'NONE',  ( -0.02305971078076154600, 0.1675097155769567100, 0.1463669779158498500 ) ) ;
#689 =( NAMED_UNIT ( * ) SI_UNIT ( $, .STERADIAN. ) SOLID_ANGLE_UNIT ( ) );
#690 = CARTESIAN_POINT ( 'NONE',  ( 0.03414382850163333300, -0.08282361775637658900, -0.03738302208415009800 ) ) ;
#691 = CARTESIAN_POINT ( 'NONE',  ( 0.06244028921923864400, 0.2460724400868460300, -0.05926772773093260500 ) ) ;
#692 = ADVANCED_FACE ( 'NONE', ( #1098 ), #731, .T. ) ;
#693 = SURFACE_STYLE_FILL_AREA ( #4222 ) ;
#694 = EDGE_CURVE ( 'NONE', #3980, #2633, #2962, .T. ) ;
#695 = COLOUR_RGB ( '',0.9882352941176471000, 1.000000000000000000, 0.9882352941176471000 ) ;
#696 = CARTESIAN_POINT ( 'NONE',  ( 0.03414382850163345800, 0.007843048910289893800, 0.02011697791584998700 ) ) ;
#697 = AXIS2_PLACEMENT_3D ( 'NONE', #3013, #2995, #2979 ) ;
#698 = CARTESIAN_POINT ( 'NONE',  ( 0.06244028921923864400, 0.2454320690356618700, -0.06369459268418559100 ) ) ;
#699 = CARTESIAN_POINT ( 'NONE',  ( -0.03805971078076162600, -0.2424902844230432100, 0.1197921747662435700 ) ) ;
#700 = FACE_OUTER_BOUND ( 'NONE', #2892, .T. ) ;
#701 = ORIENTED_EDGE ( 'NONE', *, *, #805, .F. ) ;
#702 = EDGE_CURVE ( 'NONE', #4804, #4801, #1402, .T. ) ;
#703 = STYLED_ITEM ( 'NONE', ( #4902 ), #4046 ) ;
#704 = CARTESIAN_POINT ( 'NONE',  ( 0.01754500826243164000, -0.08549028442304323900, -0.008633022084150085100 ) ) ;
#705 = VECTOR ( 'NONE', #79, 39.37007874015748900 ) ;
#706 = CARTESIAN_POINT ( 'NONE',  ( 0.06244028921923863000, 0.2447113752813951700, -0.06810149288072138400 ) ) ;
#707 =( NAMED_UNIT ( * ) SI_UNIT ( $, .STERADIAN. ) SOLID_ANGLE_UNIT ( ) );
#708 = CARTESIAN_POINT ( 'NONE',  ( 0.05074264874083525600, 0.005176382243623237200, 0.04886697791584990200 ) ) ;
#709 = CARTESIAN_POINT ( 'NONE',  ( 0.03414382850163340300, -0.08815695108970990300, 0.02011697791584989700 ) ) ;
#710 = FACE_BOUND ( 'NONE', #3283, .T. ) ;
#711 = EDGE_CURVE ( 'NONE', #4801, #637, #1960, .T. ) ;
#712 = FACE_OUTER_BOUND ( 'NONE', #1486, .T. ) ;
#713 = CARTESIAN_POINT ( 'NONE',  ( 0.08394028921923851700, 0.2005097155769562100, -0.06613302208415015900 ) ) ;
#714 = DIMENSIONAL_EXPONENTS ( 1.000000000000000000, 0.0000000000000000000, 0.0000000000000000000, 0.0000000000000000000, 0.0000000000000000000, 0.0000000000000000000, 0.0000000000000000000 ) ;
#715 = CARTESIAN_POINT ( 'NONE',  ( 0.2187624236935493700, 0.2233697673216185600, -0.03013302208415016100 ) ) ;
#716 = CARTESIAN_POINT ( 'NONE',  ( 0.08394028921923868400, 0.002509715576956578900, 0.04886697791584983900 ) ) ;
#717 = CARTESIAN_POINT ( 'NONE',  ( 0.06244028921923865100, 0.2431080598046782600, -0.07688985084669761000 ) ) ;
#718 = LINE ( 'NONE', #97, #705 ) ;
#719 = FILL_AREA_STYLE ('',( #3878 ) ) ;
#720 = SURFACE_STYLE_FILL_AREA ( #3881 ) ;
#721 = CIRCLE ( 'NONE', #975, 0.02999999999999998800 ) ;
#722 = UNCERTAINTY_MEASURE_WITH_UNIT (LENGTH_MEASURE( 1.000000000000000100E-005 ), #3084, 'distance_accuracy_value', 'NONE');
#723 = FILL_AREA_STYLE ('',( #3756 ) ) ;
#724 = DIRECTION ( 'NONE',  ( 0.0000000000000000000, 0.0000000000000000000, 1.000000000000000000 ) ) ;
#725 = CARTESIAN_POINT ( 'NONE',  ( 0.05074264874083517900, -0.09082361775637656800, 0.04886697791584988100 ) ) ;
#726 = FILL_AREA_STYLE_COLOUR ( '', #3678 ) ;
#727 = VECTOR ( 'NONE', #1308, 39.37007874015748100 ) ;
#728 = EDGE_CURVE ( 'NONE', #637, #2034, #2708, .T. ) ;
#729 = CARTESIAN_POINT ( 'NONE',  ( 0.1171379296976423500, -0.0001569510897100777000, 0.04886697791584968700 ) ) ;
#730 = CARTESIAN_POINT ( 'NONE',  ( 0.08394028921923865600, -0.09349028442304321800, 0.04886697791584983900 ) ) ;
#731 = PLANE ( 'NONE',  #2374 ) ;
#732 = CARTESIAN_POINT ( 'NONE',  ( 0.2193188213192139300, 0.2165097155769567800, 0.01286697791584984000 ) ) ;
#733 = CARTESIAN_POINT ( 'NONE',  ( 0.03414382850163324300, 0.04517638224362315000, -0.03738302208414993900 ) ) ;
#735 = VECTOR ( 'NONE', #2602, 39.37007874015748100 ) ;
#734 = CARTESIAN_POINT ( 'NONE',  ( 0.1054402892192386500, 0.1885097155769567500, -0.08563302208415014800 ) ) ;
#736 = EDGE_LOOP ( 'NONE', ( #2744, #4533, #4641, #12, #3465, #4317, #3440, #1709 ) ) ;
#737 = EDGE_CURVE ( 'NONE', #2034, #3105, #721, .T. ) ;
#738 = DIMENSIONAL_EXPONENTS ( 1.000000000000000000, 0.0000000000000000000, 0.0000000000000000000, 0.0000000000000000000, 0.0000000000000000000, 0.0000000000000000000, 0.0000000000000000000 ) ;
#739 = CARTESIAN_POINT ( 'NONE',  ( 0.1609402892192387000, 0.1885097155769567500, -0.03013302208415016800 ) ) ;
#740 = DIRECTION ( 'NONE',  ( 0.0000000000000000000, 1.000000000000000000, 0.0000000000000000000 ) ) ;
#741 = CARTESIAN_POINT ( 'NONE',  ( 0.08394028921923865600, 0.2055097155769561300, 0.06336697791584983100 ) ) ;
#742 = EDGE_CURVE ( 'NONE', #2214, #3460, #3086, .T. ) ;
#743 = CARTESIAN_POINT ( 'NONE',  ( 0.1054402892192386500, 0.1885097155769567500, -0.08563302208415014800 ) ) ;
#744 = CONICAL_SURFACE ( 'NONE', #878, 0.05501021192411735500, 0.6108652381980168600 ) ;
#745 =( NAMED_UNIT ( * ) PLANE_ANGLE_UNIT ( ) SI_UNIT ( $, .RADIAN. ) );
#746 = CARTESIAN_POINT ( 'NONE',  ( 0.1337367499368439200, -0.002823617756376753400, 0.02011697791584963700 ) ) ;
#747 = DIRECTION ( 'NONE',  ( 0.0000000000000000000, 0.0000000000000000000, 1.000000000000000000 ) ) ;
#748 = MECHANICAL_DESIGN_GEOMETRIC_PRESENTATION_REPRESENTATION (  '', ( #1875 ), #1222 ) ;
#749 =( CONVERSION_BASED_UNIT ( 'INCH', #2426 ) LENGTH_UNIT ( ) NAMED_UNIT ( #4924 ) );
#750 = CARTESIAN_POINT ( 'NONE',  ( 0.1503355701760455400, -0.005490284423043412600, -0.008633022084150392100 ) ) ;
#751 = ORIENTED_EDGE ( 'NONE', *, *, #1086, .T. ) ;
#752 = LINE ( 'NONE', #3229, #397 ) ;
#753 = VECTOR ( 'NONE', #3533, 39.37007874015748100 ) ;
#754 = VECTOR ( 'NONE', #3449, 39.37007874015748100 ) ;
#755 = EDGE_LOOP ( 'NONE', ( #665 ) ) ;
#756 = EDGE_CURVE ( 'NONE', #1254, #2214, #599, .T. ) ;
#757 = CARTESIAN_POINT ( 'NONE',  ( 0.08394028921923857300, 0.1885097155769567500, -0.008633022084150171800 ) ) ;
#758 = CARTESIAN_POINT ( 'NONE',  ( 0.1255095086008917400, 0.2028430489102895100, 0.06336697791584976200 ) ) ;
#759 =( LENGTH_UNIT ( ) NAMED_UNIT ( * ) SI_UNIT ( $, .METRE. ) );
#760 = CIRCLE ( 'NONE', #2339, 0.1370751507514912600 ) ;
#761 = VERTEX_POINT ( 'NONE', #4728 ) ;
#762 = CARTESIAN_POINT ( 'NONE',  ( 0.1337367499368437300, -0.008156951089710077000, -0.03738302208415030000 ) ) ;
#763 = COLOUR_RGB ( '',0.9882352941176471000, 1.000000000000000000, 0.9882352941176471000 ) ;
#764 = CARTESIAN_POINT ( 'NONE',  ( 0.1462941182917182300, 0.2001763822436228300, 0.02736697791584973400 ) ) ;
#765 = SURFACE_STYLE_USAGE ( .BOTH. , #780 ) ;
#766 = EDGE_CURVE ( 'NONE', #2988, #1254, #2975, .T. ) ;
#767 = CARTESIAN_POINT ( 'NONE',  ( 0.1171379296976419300, -0.01082361775637673600, -0.06613302208415022800 ) ) ;
#768 = FACE_OUTER_BOUND ( 'NONE', #491, .T. ) ;
#769 =( GEOMETRIC_REPRESENTATION_CONTEXT ( 3 ) GLOBAL_UNCERTAINTY_ASSIGNED_CONTEXT ( ( #2773 ) ) GLOBAL_UNIT_ASSIGNED_CONTEXT ( ( #1306, #1285, #1277 ) ) REPRESENTATION_CONTEXT ( 'NONE', 'WORKASPACE' ) );
#770 = CARTESIAN_POINT ( 'NONE',  ( 0.03414382850163323600, 0.09917638224362307400, -0.03738302208414992500 ) ) ;
#771 = VECTOR ( 'NONE', #109, 39.37007874015748100 ) ;
#772 =( GEOMETRIC_REPRESENTATION_CONTEXT ( 3 ) GLOBAL_UNCERTAINTY_ASSIGNED_CONTEXT ( ( #2977 ) ) GLOBAL_UNIT_ASSIGNED_CONTEXT ( ( #4694, #4683, #4675 ) ) REPRESENTATION_CONTEXT ( 'NONE', 'WORKASPACE' ) );
#773 = SURFACE_STYLE_FILL_AREA ( #4726 ) ;
#774 = EDGE_CURVE ( 'NONE', #863, #2988, #236, .T. ) ;
#775 =( GEOMETRIC_REPRESENTATION_CONTEXT ( 3 ) GLOBAL_UNCERTAINTY_ASSIGNED_CONTEXT ( ( #3865 ) ) GLOBAL_UNIT_ASSIGNED_CONTEXT ( ( #3072, #3059, #3044 ) ) REPRESENTATION_CONTEXT ( 'NONE', 'WORKASPACE' ) );
#776 = FILL_AREA_STYLE_COLOUR ( '', #2175 ) ;
#777 = CARTESIAN_POINT ( 'NONE',  ( 0.1670787279825446900, 0.1975097155769561500, -0.008633022084150246400 ) ) ;
#778 = LINE ( 'NONE', #1139, #771 ) ;
#779 = MECHANICAL_DESIGN_GEOMETRIC_PRESENTATION_REPRESENTATION (  '', ( #74 ), #788 ) ;
#780 = SURFACE_SIDE_STYLE ('',( #2600 ) ) ;
#781 = CARTESIAN_POINT ( 'NONE',  ( 0.08394028921923839300, -0.01349028442304339200, -0.06613302208415015900 ) ) ;
#782 = CARTESIAN_POINT ( 'NONE',  ( 0.1462941182917181200, 0.1948430489102895000, -0.04463302208415023000 ) ) ;
#783 = EDGE_CURVE ( 'NONE', #4645, #863, #3946, .T. ) ;
#784 = UNCERTAINTY_MEASURE_WITH_UNIT (LENGTH_MEASURE( 1.000000000000000100E-005 ), #1049, 'distance_accuracy_value', 'NONE');
#785 = LENGTH_MEASURE_WITH_UNIT ( LENGTH_MEASURE( 0.02539999999999999900 ), #443 );
#786 = CARTESIAN_POINT ( 'NONE',  ( 0.03414382850163329800, -0.01882361775637672600, -0.03738302208415005000 ) ) ;
#787 = DIRECTION ( 'NONE',  ( -0.0000000000000000000, 1.000000000000000000, -0.0000000000000000000 ) ) ;
#788 =( GEOMETRIC_REPRESENTATION_CONTEXT ( 3 ) GLOBAL_UNCERTAINTY_ASSIGNED_CONTEXT ( ( #190 ) ) GLOBAL_UNIT_ASSIGNED_CONTEXT ( ( #4926, #377, #4485 ) ) REPRESENTATION_CONTEXT ( 'NONE', 'WORKASPACE' ) );
#789 = DIRECTION ( 'NONE',  ( 0.0000000000000000000, -1.000000000000000000, 0.0000000000000000000 ) ) ;
#790 = LINE ( 'NONE', #3945, #2421 ) ;
#791 = COLOUR_RGB ( '',0.9882352941176471000, 1.000000000000000000, 0.9882352941176471000 ) ;
#792 = DIRECTION ( 'NONE',  ( -0.0000000000000000000, -0.0000000000000000000, -1.000000000000000000 ) ) ;
#793 = CARTESIAN_POINT ( 'NONE',  ( 0.1255095086008915800, 0.1921763822436228200, -0.08063302208415019900 ) ) ;
#794 = ADVANCED_FACE ( 'NONE', ( #4207 ), #3927, .F. ) ;
#795 = CARTESIAN_POINT ( 'NONE',  ( 0.01754500826243164000, 0.09650971557695638100, -0.008633022084149649700 ) ) ;
#796 = EDGE_CURVE ( 'NONE', #1106, #4645, #2479, .T. ) ;
#797 = CARTESIAN_POINT ( 'NONE',  ( 0.01754500826243164000, -0.02149028442304338700, -0.008633022084149932400 ) ) ;
#798 = CARTESIAN_POINT ( 'NONE',  ( 0.08394028921923851700, 0.1895097155769562000, -0.08063302208415015800 ) ) ;
#799 = MECHANICAL_DESIGN_GEOMETRIC_PRESENTATION_REPRESENTATION (  '', ( #866 ), #775 ) ;
#800 = DIRECTION ( 'NONE',  ( -2.449212707644754500E-016, 1.000000000000000000, 0.0000000000000000000 ) ) ;
#801 =( GEOMETRIC_REPRESENTATION_CONTEXT ( 3 ) GLOBAL_UNCERTAINTY_ASSIGNED_CONTEXT ( ( #4496 ) ) GLOBAL_UNIT_ASSIGNED_CONTEXT ( ( #1699, #1693, #1688 ) ) REPRESENTATION_CONTEXT ( 'NONE', 'WORKASPACE' ) );
#802 = CARTESIAN_POINT ( 'NONE',  ( 0.03414382850163344400, -0.02415695108971004100, 0.02011697791584997300 ) ) ;
#803 = CARTESIAN_POINT ( 'NONE',  ( 0.06244028921923864400, 0.1885097155769567500, -0.03013302208415017500 ) ) ;
#804 = FILL_AREA_STYLE_COLOUR ( '', #3594 ) ;
#805 = EDGE_CURVE ( 'NONE', #4465, #1106, #369, .T. ) ;
#806 = DIRECTION ( 'NONE',  ( 0.0000000000000000000, 0.0000000000000000000, -1.000000000000000000 ) ) ;
#807 = CARTESIAN_POINT ( 'NONE',  ( 0.04237106983758547100, 0.1868430489102894900, -0.08063302208415010200 ) ) ;
#808 = EDGE_CURVE ( 'NONE', #3319, #4465, #356, .T. ) ;
#809 = CARTESIAN_POINT ( 'NONE',  ( 0.06244028921923864400, 0.2412628073239102600, -0.08563302208415014800 ) ) ;
#810 = PRESENTATION_STYLE_ASSIGNMENT (( #4604 ) ) ;
#811 = DIRECTION ( 'NONE',  ( -2.449212707644754500E-016, 1.000000000000000000, 0.0000000000000000000 ) ) ;
#812 = DIMENSIONAL_EXPONENTS ( 1.000000000000000000, 0.0000000000000000000, 0.0000000000000000000, 0.0000000000000000000, 0.0000000000000000000, 0.0000000000000000000, 0.0000000000000000000 ) ;
#813 = LINE ( 'NONE', #661, #3403 ) ;
#814 = DIRECTION ( 'NONE',  ( 0.0000000000000000000, -1.000000000000000000, -0.0000000000000000000 ) ) ;
#815 = UNCERTAINTY_MEASURE_WITH_UNIT (LENGTH_MEASURE( 1.000000000000000100E-005 ), #2837, 'distance_accuracy_value', 'NONE');
#816 = ADVANCED_FACE ( 'NONE', ( #315 ), #1286, .T. ) ;
#817 = VERTEX_POINT ( 'NONE', #4214 ) ;
#818 = ORIENTED_EDGE ( 'NONE', *, *, #1540, .T. ) ;
#819 = CARTESIAN_POINT ( 'NONE',  ( 0.05074264874083524200, -0.02682361775637670200, 0.04886697791584990200 ) ) ;
#820 = ORIENTED_EDGE ( 'NONE', *, *, #1425, .F. ) ;
#821 = SURFACE_STYLE_USAGE ( .BOTH. , #3127 ) ;
#822 = EDGE_CURVE ( 'NONE', #3922, #3319, #112, .T. ) ;
#823 = CARTESIAN_POINT ( 'NONE',  ( 0.06244028921923864400, 0.2422257682266121300, -0.08126896979602527000 ) ) ;
#824 = CARTESIAN_POINT ( 'NONE',  ( 0.08394028921923857300, 0.2460724400868460300, -0.008633022084150159700 ) ) ;
#825 = STYLED_ITEM ( 'NONE', ( #4084 ), #1194 ) ;
#826 = CARTESIAN_POINT ( 'NONE',  ( 0.08394028921923868400, -0.02949028442304336300, 0.04886697791584983900 ) ) ;
#827 = ORIENTED_EDGE ( 'NONE', *, *, #172, .F. ) ;
#828 = EDGE_CURVE ( 'NONE', #3922, #1264, #115, .T. ) ;
#829 = CARTESIAN_POINT ( 'NONE',  ( 0.1171379296976422400, -0.03215695108971001300, 0.04886697791584974900 ) ) ;
#830 = PRESENTATION_LAYER_ASSIGNMENT (  '', '', ( #866 ) ) ;
#831 = CARTESIAN_POINT ( 'NONE',  ( 0.1054402892192386500, 0.2460724400868460300, -0.05926772773093255000 ) ) ;
#832 = SURFACE_STYLE_FILL_AREA ( #4676 ) ;
#833 = CARTESIAN_POINT ( 'NONE',  ( 0.2059402892192384900, 0.1205097155769567100, -0.1370582189345438100 ) ) ;
#834 = VECTOR ( 'NONE', #1103, 39.37007874015748900 ) ;
#835 = DIRECTION ( 'NONE',  ( 0.0000000000000000000, 0.0000000000000000000, -1.000000000000000000 ) ) ;
#836 = EDGE_CURVE ( 'NONE', #3571, #1264, #66, .T. ) ;
#837 = VECTOR ( 'NONE', #114, 39.37007874015748100 ) ;
#838 =( NAMED_UNIT ( * ) PLANE_ANGLE_UNIT ( ) SI_UNIT ( $, .RADIAN. ) );
#839 = EDGE_LOOP ( 'NONE', ( #3443, #1836, #3411, #3397, #1100, #4858, #308, #3851, #1625, #4852, #4916, #2123 ) ) ;
#840 = ADVANCED_FACE ( 'NONE', ( #2731 ), #30, .T. ) ;
#841 = CARTESIAN_POINT ( 'NONE',  ( 0.06244028921923864400, 0.1885097155769567500, -0.08563302208415014800 ) ) ;
#842 = FILL_AREA_STYLE_COLOUR ( '', #2605 ) ;
#843 = UNCERTAINTY_MEASURE_WITH_UNIT (LENGTH_MEASURE( 1.000000000000000100E-005 ), #541, 'distance_accuracy_value', 'NONE');
#844 =( NAMED_UNIT ( * ) PLANE_ANGLE_UNIT ( ) SI_UNIT ( $, .RADIAN. ) );
#845 = FACE_OUTER_BOUND ( 'NONE', #170, .T. ) ;
#846 = ORIENTED_EDGE ( 'NONE', *, *, #1391, .F. ) ;
#847 = CARTESIAN_POINT ( 'NONE',  ( -0.07005971078076161900, -0.07549028442304323000, 0.1463669779158498500 ) ) ;
#848 = CARTESIAN_POINT ( 'NONE',  ( 0.1337367499368438700, -0.03482361775637668500, 0.02011697791584973700 ) ) ;
#850 = LENGTH_MEASURE_WITH_UNIT ( LENGTH_MEASURE( 0.02539999999999999900 ), #1950 );
#849 = DIRECTION ( 'NONE',  ( -1.000000000000000000, 0.0000000000000000000, 0.0000000000000000000 ) ) ;
#851 = DIRECTION ( 'NONE',  ( 1.000000000000000000, 0.0000000000000000000, -3.076405398270564500E-016 ) ) ;
#852 = ORIENTED_EDGE ( 'NONE', *, *, #2403, .T. ) ;
#853 = DIRECTION ( 'NONE',  ( 0.0000000000000000000, 1.000000000000000000, 1.707404996040165000E-016 ) ) ;
#854 = FILL_AREA_STYLE_COLOUR ( '', #4515 ) ;
#855 = EDGE_CURVE ( 'NONE', #3566, #3980, #1888, .T. ) ;
#856 = CARTESIAN_POINT ( 'NONE',  ( 0.2439402892192384400, -0.04249028442304322900, 0.05979217476624352400 ) ) ;
#857 = VERTEX_POINT ( 'NONE', #4734 ) ;
#858 =( GEOMETRIC_REPRESENTATION_CONTEXT ( 3 ) GLOBAL_UNCERTAINTY_ASSIGNED_CONTEXT ( ( #1698 ) ) GLOBAL_UNIT_ASSIGNED_CONTEXT ( ( #2540, #2535, #2533 ) ) REPRESENTATION_CONTEXT ( 'NONE', 'WORKASPACE' ) );
#859 = VECTOR ( 'NONE', #4553, 39.37007874015748100 ) ;
#860 = CARTESIAN_POINT ( 'NONE',  ( 0.05074264874083504000, 0.1978430489102895300, -0.06613302208415011700 ) ) ;
#861 = FACE_OUTER_BOUND ( 'NONE', #2563, .T. ) ;
#862 = DIRECTION ( 'NONE',  ( 3.076405398270564500E-016, 0.0000000000000000000, 1.000000000000000000 ) ) ;
#863 = VERTEX_POINT ( 'NONE', #4715 ) ;
#864 = EDGE_CURVE ( 'NONE', #4402, #2669, #615, .T. ) ;
#865 = CARTESIAN_POINT ( 'NONE',  ( 0.1503355701760455400, -0.03749028442304334200, -0.008633022084150256800 ) ) ;
#866 = STYLED_ITEM ( 'NONE', ( #374 ), #4045 ) ;
#867 = DIMENSIONAL_EXPONENTS ( 1.000000000000000000, 0.0000000000000000000, 0.0000000000000000000, 0.0000000000000000000, 0.0000000000000000000, 0.0000000000000000000, 0.0000000000000000000 ) ;
#868 = DIRECTION ( 'NONE',  ( 1.000000000000000000, 2.421851058213000400E-016, 0.0000000000000000000 ) ) ;
#869 = AXIS2_PLACEMENT_3D ( 'NONE', #2794, #2791, #2781 ) ;
#870 = PRESENTATION_STYLE_ASSIGNMENT (( #3535 ) ) ;
#871 = ORIENTED_EDGE ( 'NONE', *, *, #2140, .T. ) ;
#872 =( NAMED_UNIT ( * ) SI_UNIT ( $, .STERADIAN. ) SOLID_ANGLE_UNIT ( ) );
#873 = CARTESIAN_POINT ( 'NONE',  ( 0.1609402892192387000, 0.1885097155769567500, 0.01286697791584983200 ) ) ;
#874 = ADVANCED_FACE ( 'NONE', ( #2716 ), #2408, .F. ) ;
#875 = CARTESIAN_POINT ( 'NONE',  ( 0.2059402892192384900, -0.07549028442304323000, 0.1463669779158498500 ) ) ;
#876 = EDGE_CURVE ( 'NONE', #4781, #3922, #2033, .T. ) ;
#878 = AXIS2_PLACEMENT_3D ( 'NONE', #3372, #3357, #3156 ) ;
#877 = CARTESIAN_POINT ( 'NONE',  ( -0.03805971078076162600, 0.1205097155769567100, 0.1463669779158498500 ) ) ;
#879 = COLOUR_RGB ( '',0.9882352941176471000, 1.000000000000000000, 0.9882352941176471000 ) ;
#880 =( LENGTH_UNIT ( ) NAMED_UNIT ( * ) SI_UNIT ( $, .METRE. ) );
#881 = LENGTH_MEASURE_WITH_UNIT ( LENGTH_MEASURE( 0.02539999999999999900 ), #1746 );
#882 = SURFACE_STYLE_FILL_AREA ( #1079 ) ;
#883 = EDGE_CURVE ( 'NONE', #3355, #1264, #2581, .T. ) ;
#884 =( NAMED_UNIT ( * ) PLANE_ANGLE_UNIT ( ) SI_UNIT ( $, .RADIAN. ) );
#885 = CIRCLE ( 'NONE', #4634, 0.05501021192411734200 ) ;
#886 = PRESENTATION_STYLE_ASSIGNMENT (( #426 ) ) ;
#887 =( NAMED_UNIT ( * ) SI_UNIT ( $, .STERADIAN. ) SOLID_ANGLE_UNIT ( ) );
#888 = UNCERTAINTY_MEASURE_WITH_UNIT (LENGTH_MEASURE( 1.000000000000000100E-005 ), #2805, 'distance_accuracy_value', 'NONE');
#889 = DIRECTION ( 'NONE',  ( 2.449212707644754500E-016, -1.000000000000000000, -0.0000000000000000000 ) ) ;
#890 = CARTESIAN_POINT ( 'NONE',  ( 0.02158646014675897500, 0.1841763822436228400, -0.04463302208415009100 ) ) ;
#891 = CARTESIAN_POINT ( 'NONE',  ( 0.0008018504559324932600, 0.05350971557695648200, -0.008633022084150081600 ) ) ;
#892 = CARTESIAN_POINT ( 'NONE',  ( 0.1337367499368437300, -0.04015695108971000000, -0.03738302208415028600 ) ) ;
#893 = LENGTH_MEASURE_WITH_UNIT ( LENGTH_MEASURE( 0.02539999999999999900 ), #1537 );
#894 = PRESENTATION_STYLE_ASSIGNMENT (( #2277 ) ) ;
#895 = CARTESIAN_POINT ( 'NONE',  ( 0.03414382850163340900, -0.03415695108970997300, 0.02011697791584991800 ) ) ;
#896 = PLANE ( 'NONE',  #3698 ) ;
#897 = CARTESIAN_POINT ( 'NONE',  ( 0.1171379296976419700, -0.04282361775637667100, -0.06613302208415021400 ) ) ;
#898 = LINE ( 'NONE', #1023, #834 ) ;
#899 = EDGE_CURVE ( 'NONE', #3571, #4532, #4311, .T. ) ;
#900 =( CONVERSION_BASED_UNIT ( 'INCH', #2611 ) LENGTH_UNIT ( ) NAMED_UNIT ( #283 ) );
#901 = CIRCLE ( 'NONE', #4383, 0.05750000000000000200 ) ;
#902 = AXIS2_PLACEMENT_3D ( 'NONE', #2432, #2424, #2420 ) ;
#903 = CARTESIAN_POINT ( 'NONE',  ( 0.08394028921923851700, -0.04549028442304332800, -0.06613302208415015900 ) ) ;
#904 = CARTESIAN_POINT ( 'NONE',  ( 0.08394028921923858700, 0.1675097155769567400, -0.008633022084150159700 ) ) ;
#905 = CARTESIAN_POINT ( 'NONE',  ( 0.0008018504559324932600, 0.1815097155769562500, -0.008633022084150081600 ) ) ;
#906 = CIRCLE ( 'NONE', #1174, 0.02999999999999998800 ) ;
#907 = EDGE_CURVE ( 'NONE', #2019, #4532, #3070, .T. ) ;
#908 = CARTESIAN_POINT ( 'NONE',  ( 0.05074264874083495000, -0.04815695108970999300, -0.06613302208415007500 ) ) ;
#909 =( GEOMETRIC_REPRESENTATION_CONTEXT ( 3 ) GLOBAL_UNCERTAINTY_ASSIGNED_CONTEXT ( ( #4742 ) ) GLOBAL_UNIT_ASSIGNED_CONTEXT ( ( #1729, #1710, #1691 ) ) REPRESENTATION_CONTEXT ( 'NONE', 'WORKASPACE' ) );
#910 =( LENGTH_UNIT ( ) NAMED_UNIT ( * ) SI_UNIT ( $, .METRE. ) );
#911 =( NAMED_UNIT ( * ) SI_UNIT ( $, .STERADIAN. ) SOLID_ANGLE_UNIT ( ) );
#912 = DIRECTION ( 'NONE',  ( 0.0000000000000000000, -0.0000000000000000000, -1.000000000000000000 ) ) ;
#913 = CARTESIAN_POINT ( 'NONE',  ( 0.03414382850163331200, -0.05082361775637665000, -0.03738302208415006400 ) ) ;
#914 = EDGE_CURVE ( 'NONE', #4622, #1207, #241, .T. ) ;
#915 = B_SPLINE_CURVE_WITH_KNOTS ( 'NONE', 3,
 ( #4224, #1094, #4861, #4844, #4828, #4817 ),
 .UNSPECIFIED., .F., .F.,
 ( 4, 2, 4 ),
 ( 0.05788508585659574900, 0.05822490764434284900, 0.05856472943208995000 ),
 .UNSPECIFIED. ) ;
#916 = VERTEX_POINT ( 'NONE', #4374 ) ;
#917 = SURFACE_STYLE_USAGE ( .BOTH. , #936 ) ;
#918 = PRESENTATION_LAYER_ASSIGNMENT (  '', '', ( #1875 ) ) ;
#919 = CARTESIAN_POINT ( 'NONE',  ( 0.03414382850163340900, -0.05615695108970997200, 0.02011697791584991800 ) ) ;
#920 = PRESENTATION_STYLE_ASSIGNMENT (( #4043 ) ) ;
#921 = CARTESIAN_POINT ( 'NONE',  ( 0.08394028921923857300, 0.2460724400868460300, -0.008633022084150159700 ) ) ;
#922 = CARTESIAN_POINT ( 'NONE',  ( 0.1255095086008917400, 0.01084304891028992300, 0.06336697791584976200 ) ) ;
#923 = CARTESIAN_POINT ( 'NONE',  ( 0.05074264874083524200, -0.05882361775637663000, 0.04886697791584990200 ) ) ;
#924 = CARTESIAN_POINT ( 'NONE',  ( 0.1337367499368436200, 0.1418430489102896800, -0.03738302208415052900 ) ) ;
#925 =( NAMED_UNIT ( * ) PLANE_ANGLE_UNIT ( ) SI_UNIT ( $, .RADIAN. ) );
#926 = ADVANCED_FACE ( 'NONE', ( #2168 ), #4356, .F. ) ;
#927 = DIRECTION ( 'NONE',  ( 0.0000000000000000000, -1.000000000000000000, 0.0000000000000000000 ) ) ;
#928 = EDGE_CURVE ( 'NONE', #1264, #4622, #2790, .T. ) ;
#929 = CARTESIAN_POINT ( 'NONE',  ( 0.08394028921923867000, -0.06149028442304328700, 0.04886697791584983900 ) ) ;
#930 = PRESENTATION_STYLE_ASSIGNMENT (( #3308 ) ) ;
#931 = ORIENTED_EDGE ( 'NONE', *, *, #883, .F. ) ;
#932 = AXIS2_PLACEMENT_3D ( 'NONE', #2267, #2245, #2221 ) ;
#933 = COLOUR_RGB ( '',0.8000000000000000400, 0.8039215686274510100, 0.8000000000000000400 ) ;
#934 =( NAMED_UNIT ( * ) SI_UNIT ( $, .STERADIAN. ) SOLID_ANGLE_UNIT ( ) );
#935 = CARTESIAN_POINT ( 'NONE',  ( 0.03414382850163333300, 0.1951763822436228500, -0.03738302208415009800 ) ) ;
#936 = SURFACE_SIDE_STYLE ('',( #2128 ) ) ;
#937 = DIMENSIONAL_EXPONENTS ( 1.000000000000000000, 0.0000000000000000000, 0.0000000000000000000, 0.0000000000000000000, 0.0000000000000000000, 0.0000000000000000000, 0.0000000000000000000 ) ;
#938 = EDGE_CURVE ( 'NONE', #4622, #2054, #3202, .T. ) ;
#939 = CARTESIAN_POINT ( 'NONE',  ( 0.1171379296976421700, -0.06415695108970995200, 0.04886697791584979100 ) ) ;
#940 = LINE ( 'NONE', #3834, #1001 ) ;
#941 =( GEOMETRIC_REPRESENTATION_CONTEXT ( 3 ) GLOBAL_UNCERTAINTY_ASSIGNED_CONTEXT ( ( #2471 ) ) GLOBAL_UNIT_ASSIGNED_CONTEXT ( ( #3273, #3257, #3241 ) ) REPRESENTATION_CONTEXT ( 'NONE', 'WORKASPACE' ) );
#942 = CARTESIAN_POINT ( 'NONE',  ( 0.02158646014675904400, 0.1788430489102895400, 0.02736697791584989700 ) ) ;
#943 = MECHANICAL_DESIGN_GEOMETRIC_PRESENTATION_REPRESENTATION (  '', ( #1731 ), #1991 ) ;
#944 = CARTESIAN_POINT ( 'NONE',  ( 0.02158646014675904400, 0.05084304891028980400, 0.02736697791584989700 ) ) ;
#945 = CARTESIAN_POINT ( 'NONE',  ( 0.05074264874083495000, -0.01615695108971006200, -0.06613302208415007500 ) ) ;
#946 =( CONVERSION_BASED_UNIT ( 'INCH', #4393 ) LENGTH_UNIT ( ) NAMED_UNIT ( #1930 ) );
#947 = ORIENTED_EDGE ( 'NONE', *, *, #1660, .T. ) ;
#948 = EDGE_CURVE ( 'NONE', #1377, #2054, #2853, .T. ) ;
#949 = VECTOR ( 'NONE', #4880, 39.37007874015748100 ) ;
#950 = MECHANICAL_DESIGN_GEOMETRIC_PRESENTATION_REPRESENTATION (  '', ( #1012 ), #941 ) ;
#951 = FACE_OUTER_BOUND ( 'NONE', #2775, .T. ) ;
#952 = FACE_OUTER_BOUND ( 'NONE', #2674, .T. ) ;
#953 = VECTOR ( 'NONE', #2572, 39.37007874015748100 ) ;
#954 = AXIS2_PLACEMENT_3D ( 'NONE', #1150, #1931, #3910 ) ;
#955 = LINE ( 'NONE', #2434, #3458 ) ;
#956 = CARTESIAN_POINT ( 'NONE',  ( 0.2059402892192384900, -0.2424902844230432100, -0.07705821893454388400 ) ) ;
#957 = VERTEX_POINT ( 'NONE', #4199 ) ;
#958 = CARTESIAN_POINT ( 'NONE',  ( 0.1255095086008917400, 0.2028430489102895100, 0.06336697791584976200 ) ) ;
#959 = FILL_AREA_STYLE ('',( #1175 ) ) ;
#960 = CARTESIAN_POINT ( 'NONE',  ( 0.1337367499368438700, -0.06682361775637661600, 0.02011697791584974800 ) ) ;
#961 = ORIENTED_EDGE ( 'NONE', *, *, #948, .T. ) ;
#962 = CARTESIAN_POINT ( 'NONE',  ( 0.1422185467247208100, 0.1515097155769567200, 0.02790254105604100800 ) ) ;
#963 = CARTESIAN_POINT ( 'NONE',  ( 0.04237106983758561600, 0.1761763822436228600, 0.06336697791584985900 ) ) ;
#964 = CARTESIAN_POINT ( 'NONE',  ( 0.04237106983758561600, 0.04817638224362316700, 0.06336697791584985900 ) ) ;
#965 = CARTESIAN_POINT ( 'NONE',  ( 0.08394028921923223100, 0.1625097155769568100, 0.04886697791584983900 ) ) ;
#966 =( LENGTH_UNIT ( ) NAMED_UNIT ( * ) SI_UNIT ( $, .METRE. ) );
#967 = SURFACE_STYLE_FILL_AREA ( #428 ) ;
#968 = PRESENTATION_LAYER_ASSIGNMENT (  '', '', ( #4893 ) ) ;
#969 = CARTESIAN_POINT ( 'NONE',  ( 0.1375286422066495400, -0.06743280037139166800, 0.01354922784771859700 ) ) ;
#970 =( LENGTH_UNIT ( ) NAMED_UNIT ( * ) SI_UNIT ( $, .METRE. ) );
#971 = EDGE_CURVE ( 'NONE', #312, #3167, #2043, .T. ) ;
#972 = PRESENTATION_LAYER_ASSIGNMENT (  '', '', ( #1012 ) ) ;
#973 = DIRECTION ( 'NONE',  ( -7.691013495676420000E-017, 0.0000000000000000000, 1.000000000000000000 ) ) ;
#974 = LINE ( 'NONE', #833, #349 ) ;
#975 = AXIS2_PLACEMENT_3D ( 'NONE', #4773, #4917, #4725 ) ;
#976 = VECTOR ( 'NONE', #1035, 39.37007874015748100 ) ;
#977 = CARTESIAN_POINT ( 'NONE',  ( 0.08394028921923865600, 0.1735097155769562100, 0.06336697791584983100 ) ) ;
#978 = EDGE_CURVE ( 'NONE', #312, #2669, #4895, .T. ) ;
#979 = CARTESIAN_POINT ( 'NONE',  ( 0.1394880222287207300, -0.06811234090028135700, 0.006222931520626904600 ) ) ;
#980 = AXIS2_PLACEMENT_3D ( 'NONE', #3438, #3422, #3407 ) ;
#981 = VECTOR ( 'NONE', #334, 39.37007874015748100 ) ;
#982 = SURFACE_STYLE_USAGE ( .BOTH. , #999 ) ;
#983 = ADVANCED_FACE ( 'NONE', ( #3653 ), #4173, .T. ) ;
#984 =( BOUNDED_CURVE ( )  B_SPLINE_CURVE ( 2, ( #4355, #4581, #4325, #4318, #4312, #4306, #4298, #4287, #4278, #4272, #4265, #4259, #4251, #4245, #4238, #4226, #4221, #4203, #4189, #4185, #4174, #4168, #4163, #4159, #4150, #4144, #4129, #4118, #4108, #4101, #4096, #111, #4091, #4081, #4074, #4067, #4061, #4053, #4051, #4040, #4027, #2586, #4010, #4003, #3997, #3989, #3985, #3978, #3969, #3957, #3950, #3940, #3934, #3928, #3923, #3918, #3912, #3903, #3897, #3888, #3876, #3859, #3850, #3841, #3835, #3826, #3818, #3815, #3810, #3798, #3789, #3780, #3773, #3769, #3768, #3763, #3758, #3755, #2863, #493, #3737, #3731, #3726, #3724, #3721, #3716, #3711, #3705, #3697, #3683, #3673, #3664, #3654 ),
 .UNSPECIFIED., .F., .F. ) 
 B_SPLINE_CURVE_WITH_KNOTS ( ( 3, 2, 2, 2, 2, 2, 2, 2, 2, 2, 2, 2, 2, 2, 2, 2, 2, 2, 2, 2, 2, 2, 2, 2, 2, 2, 2, 2, 2, 2, 2, 2, 2, 2, 2, 2, 2, 2, 2, 2, 2, 2, 2, 2, 2, 2, 3 ),
 ( 0.04983792614359107400, 0.05555555555555555900, 0.07407407407407409800, 0.09259259259259264300, 0.1111111111111111900, 0.1296296296296297600, 0.1481481481481482800, 0.1666666666666668200, 0.1851851851851854000, 0.2037037037037038900, 0.2222222222222224900, 0.2407407407407409800, 0.2592592592592595800, 0.2777777777777781200, 0.2962962962962966700, 0.3148148148148152100, 0.3333333333333337600, 0.3518518518518523000, 0.3703703703703707900, 0.3888888888888893900, 0.4074074074074078800, 0.4259259259259264900, 0.4444444444444449700, 0.4629629629629635800, 0.4814814814814821200, 0.5000000000000006700, 0.5185185185185192700, 0.5370370370370377600, 0.5555555555555562500, 0.5740740740740748500, 0.5925925925925933400, 0.6111111111111119400, 0.6296296296296305400, 0.6481481481481490300, 0.6666666666666676300, 0.6851851851851861200, 0.7037037037037046100, 0.7222222222222232100, 0.7407407407407417000, 0.7592592592592604100, 0.7777777777777787900, 0.7962962962962973900, 0.8148148148148158800, 0.8333333333333345900, 0.8518518518518529700, 0.8703703703703715700, 0.8888888888888900600 ),
 .UNSPECIFIED. ) 
 CURVE ( )  GEOMETRIC_REPRESENTATION_ITEM ( )  RATIONAL_B_SPLINE_CURVE ( ( 0.9428131585005936600, 0.9586350770439794300, 1.000000000000000000, 0.8660254037844387100, 1.000000000000000000, 0.8660254037844387100, 1.000000000000000000, 0.8660254037844387100, 1.000000000000000000, 0.8660254037844387100, 1.000000000000000000, 0.8660254037844387100, 1.000000000000000000, 0.8660254037844387100, 1.000000000000000000, 0.8660254037844387100, 1.000000000000000000, 0.8660254037844387100, 1.000000000000000000, 0.8660254037844387100, 1.000000000000000000, 0.8660254037844387100, 1.000000000000000000, 0.8660254037844387100, 1.000000000000000000, 0.8660254037844387100, 1.000000000000000000, 0.8660254037844387100, 1.000000000000000000, 0.8660254037844387100, 1.000000000000000000, 0.8660254037844387100, 1.000000000000000000, 0.8660254037844387100, 1.000000000000000000, 0.8660254037844387100, 1.000000000000000000, 0.8660254037844387100, 1.000000000000000000, 0.8660254037844387100, 1.000000000000000000, 0.8660254037844387100, 1.000000000000000000, 0.8660254037844387100, 1.000000000000000000, 0.8660254037844387100, 1.000000000000000000, 0.8660254037844387100, 1.000000000000000000, 0.8660254037844387100, 1.000000000000000000, 0.8660254037844387100, 1.000000000000000000, 0.8660254037844387100, 1.000000000000000000, 0.8660254037844387100, 1.000000000000000000, 0.8660254037844387100, 1.000000000000000000, 0.8660254037844387100, 1.000000000000000000, 0.8660254037844387100, 1.000000000000000000, 0.8660254037844387100, 1.000000000000000000, 0.8660254037844387100, 1.000000000000000000, 0.8660254037844387100, 1.000000000000000000, 0.8660254037844387100, 1.000000000000000000, 0.8660254037844387100, 1.000000000000000000, 0.8660254037844387100, 1.000000000000000000, 0.8660254037844387100, 1.000000000000000000, 0.8660254037844387100, 1.000000000000000000, 0.8660254037844387100, 1.000000000000000000, 0.8660254037844387100, 1.000000000000000000, 0.8660254037844387100, 1.000000000000000000, 0.8660254037844387100, 1.000000000000000000, 0.8660254037844387100, 1.000000000000000000, 0.8660254037844387100, 1.000000000000000000, 0.8660254037844298300, 1.000000000000008900 ) ) 
 REPRESENTATION_ITEM ( '' )  );
#985 = DIMENSIONAL_EXPONENTS ( 1.000000000000000000, 0.0000000000000000000, 0.0000000000000000000, 0.0000000000000000000, 0.0000000000000000000, 0.0000000000000000000, 0.0000000000000000000 ) ;
#986 = CARTESIAN_POINT ( 'NONE',  ( 0.03981978344499908400, -0.06706881588677714200, 0.02994802025923095800 ) ) ;
#987 = CARTESIAN_POINT ( 'NONE',  ( 0.1909402892192384200, 0.1205097155769567100, 0.1463669779158498500 ) ) ;
#988 = EDGE_CURVE ( 'NONE', #4532, #312, #790, .T. ) ;
#989 = ORIENTED_EDGE ( 'NONE', *, *, #2190, .F. ) ;
#990 = DIRECTION ( 'NONE',  ( 1.000000000000000000, 0.0000000000000000000, -0.0000000000000000000 ) ) ;
#991 = AXIS2_PLACEMENT_3D ( 'NONE', #3068, #4517, #3694 ) ;
#992 = DIRECTION ( 'NONE',  ( 2.307304048702925100E-016, -0.0000000000000000000, 1.000000000000000000 ) ) ;
#993 = CARTESIAN_POINT ( 'NONE',  ( 0.1255095086008917400, 0.1708430489102895400, 0.06336697791584976200 ) ) ;
#994 = LENGTH_MEASURE_WITH_UNIT ( LENGTH_MEASURE( 0.02539999999999999900 ), #135 );
#995 = SURFACE_STYLE_FILL_AREA ( #3720 ) ;
#996 = DIRECTION ( 'NONE',  ( 0.0000000000000000000, 0.0000000000000000000, -1.000000000000000000 ) ) ;
#997 = ORIENTED_EDGE ( 'NONE', *, *, #711, .F. ) ;
#998 = DIRECTION ( 'NONE',  ( 0.0000000000000000000, 0.0000000000000000000, 1.000000000000000000 ) ) ;
#999 = SURFACE_SIDE_STYLE ('',( #3214 ) ) ;
#1000 = LENGTH_MEASURE_WITH_UNIT ( LENGTH_MEASURE( 0.02539999999999999900 ), #4335 );
#1001 = VECTOR ( 'NONE', #3868, 39.37007874015748100 ) ;
#1002 = EDGE_CURVE ( 'NONE', #2054, #3099, #2515, .T. ) ;
#1003 = DIRECTION ( 'NONE',  ( 1.000000000000000000, 0.0000000000000000000, -0.0000000000000000000 ) ) ;
#1004 = CARTESIAN_POINT ( 'NONE',  ( -0.02305971078076154600, 0.1205097155769567100, 0.1463669779158498500 ) ) ;
#1005 = AXIS2_PLACEMENT_3D ( 'NONE', #4250, #4247, #4237 ) ;
#1006 = ADVANCED_FACE ( 'NONE', ( #845 ), #3956, .T. ) ;
#1007 = CARTESIAN_POINT ( 'NONE',  ( 0.1337367499368439200, 0.08317638224362310100, 0.02011697791584960900 ) ) ;
#1008 = ADVANCED_FACE ( 'NONE', ( #4928 ), #3920, .F. ) ;
#1009 = LENGTH_MEASURE_WITH_UNIT ( LENGTH_MEASURE( 0.02539999999999999900 ), #1886 );
#1010 = EDGE_CURVE ( 'NONE', #4532, #4622, #4703, .T. ) ;
#1011 = ORIENTED_EDGE ( 'NONE', *, *, #855, .T. ) ;
#1012 = STYLED_ITEM ( 'NONE', ( #930 ), #3986 ) ;
#1013 = CARTESIAN_POINT ( 'NONE',  ( 0.006940289219238612200, 0.1885097155769567500, 0.01286697791584984900 ) ) ;
#1014 = CARTESIAN_POINT ( 'NONE',  ( 0.1462941182917182300, 0.1681763822436229100, 0.02736697791584973400 ) ) ;
#1015 = CARTESIAN_POINT ( 'NONE',  ( -0.07005971078076161900, -0.2424902844230432100, 0.08979217476624358500 ) ) ;
#1016 = LINE ( 'NONE', #3852, #195 ) ;
#1017 = UNCERTAINTY_MEASURE_WITH_UNIT (LENGTH_MEASURE( 1.000000000000000100E-005 ), #2717, 'distance_accuracy_value', 'NONE');
#1018 = FILL_AREA_STYLE ('',( #1118 ) ) ;
#1019 = EDGE_CURVE ( 'NONE', #2867, #2867, #4594, .T. ) ;
#1020 = COLOUR_RGB ( '',0.9882352941176471000, 1.000000000000000000, 0.9882352941176471000 ) ;
#1021 = FACE_OUTER_BOUND ( 'NONE', #3043, .T. ) ;
#1022 = CARTESIAN_POINT ( 'NONE',  ( -0.02305971078076154600, 0.1675097155769567100, 0.1463669779158498500 ) ) ;
#1023 = CARTESIAN_POINT ( 'NONE',  ( 0.08394028921923650500, 0.1557739569193662400, 0.06036697791584985700 ) ) ;
#1024 =( NAMED_UNIT ( * ) SI_UNIT ( $, .STERADIAN. ) SOLID_ANGLE_UNIT ( ) );
#1025 = PRESENTATION_LAYER_ASSIGNMENT (  '', '', ( #74 ) ) ;
#1026 = ORIENTED_EDGE ( 'NONE', *, *, #2505, .F. ) ;
#1027 = CARTESIAN_POINT ( 'NONE',  ( 0.03414382850163347200, 0.09384304891028975900, 0.02011697791585001200 ) ) ;
#1028 = LINE ( 'NONE', #3263, #282 ) ;
#1029 = EDGE_CURVE ( 'NONE', #312, #2054, #3872, .T. ) ;
#1030 = ORIENTED_EDGE ( 'NONE', *, *, #1533, .F. ) ;
#1031 = DIRECTION ( 'NONE',  ( 1.000000000000000000, 0.0000000000000000000, 0.0000000000000000000 ) ) ;
#1032 = CARTESIAN_POINT ( 'NONE',  ( 0.1670787279825446900, 0.1655097155769562300, -0.008633022084150246400 ) ) ;
#1033 = CARTESIAN_POINT ( 'NONE',  ( 0.1255095086008915800, -0.06382361775637659900, -0.08063302208415019900 ) ) ;
#1034 = EDGE_CURVE ( 'NONE', #2214, #1379, #3819, .T. ) ;
#1035 = DIRECTION ( 'NONE',  ( 0.0000000000000000000, 1.000000000000000000, 0.0000000000000000000 ) ) ;
#1036 = DIMENSIONAL_EXPONENTS ( 1.000000000000000000, 0.0000000000000000000, 0.0000000000000000000, 0.0000000000000000000, 0.0000000000000000000, 0.0000000000000000000, 0.0000000000000000000 ) ;
#1037 = AXIS2_PLACEMENT_3D ( 'NONE', #1168, #1159, #1154 ) ;
#1038 = DIRECTION ( 'NONE',  ( 0.0000000000000000000, 0.0000000000000000000, 1.000000000000000000 ) ) ;
#1039 = CARTESIAN_POINT ( 'NONE',  ( 0.05074264874083529000, 0.09117638224362308000, 0.04886697791584994300 ) ) ;
#1040 =( LENGTH_UNIT ( ) NAMED_UNIT ( * ) SI_UNIT ( $, .METRE. ) );
#1041 = EDGE_CURVE ( 'NONE', #1254, #3105, #4763, .T. ) ;
#1042 = STYLED_ITEM ( 'NONE', ( #4076 ), #2529 ) ;
#1043 = CLOSED_SHELL ( 'NONE', ( #3632, #4776, #4758, #2289, #3296, #201, #431, #874, #3734, #2167, #2973, #4046, #4423, #592, #617, #2529, #4045, #926, #129, #614, #4705, #4153, #3294, #3424, #1343, #3655, #515, #3986, #462, #1008, #4707, #2482, #1006 ) ) ;
#1044 =( NAMED_UNIT ( * ) PLANE_ANGLE_UNIT ( ) SI_UNIT ( $, .RADIAN. ) );
#1045 = MECHANICAL_DESIGN_GEOMETRIC_PRESENTATION_REPRESENTATION (  '', ( #2817 ), #4152 ) ;
#1046 = DIRECTION ( 'NONE',  ( 2.449212707644754500E-016, -1.000000000000000000, -0.0000000000000000000 ) ) ;
#1047 = CARTESIAN_POINT ( 'NONE',  ( 0.1462941182917181200, 0.1628430489102895800, -0.04463302208415023000 ) ) ;
#1048 = EDGE_CURVE ( 'NONE', #2988, #2034, #4826, .T. ) ;
#1049 =( CONVERSION_BASED_UNIT ( 'INCH', #4015 ) LENGTH_UNIT ( ) NAMED_UNIT ( #2255 ) );
#1050 = FILL_AREA_STYLE ('',( #842 ) ) ;
#1051 = UNCERTAINTY_MEASURE_WITH_UNIT (LENGTH_MEASURE( 1.000000000000000100E-005 ), #2047, 'distance_accuracy_value', 'NONE');
#1052 = DIRECTION ( 'NONE',  ( 0.0000000000000000000, 0.0000000000000000000, 1.000000000000000000 ) ) ;
#1053 =( NAMED_UNIT ( * ) SI_UNIT ( $, .STERADIAN. ) SOLID_ANGLE_UNIT ( ) );
#1054 = DIRECTION ( 'NONE',  ( 0.0000000000000000000, -1.000000000000000000, 0.0000000000000000000 ) ) ;
#1055 =( LENGTH_UNIT ( ) NAMED_UNIT ( * ) SI_UNIT ( $, .METRE. ) );
#1056 = EDGE_CURVE ( 'NONE', #863, #637, #4592, .T. ) ;
#1057 = ORIENTED_EDGE ( 'NONE', *, *, #822, .T. ) ;
#1058 = CARTESIAN_POINT ( 'NONE',  ( 0.1171379296976423800, 0.08584304891028976500, 0.04886697791584967300 ) ) ;
#1059 = LENGTH_MEASURE_WITH_UNIT ( LENGTH_MEASURE( 0.02539999999999999900 ), #3291 );
#1060 = DIMENSIONAL_EXPONENTS ( 1.000000000000000000, 0.0000000000000000000, 0.0000000000000000000, 0.0000000000000000000, 0.0000000000000000000, 0.0000000000000000000, 0.0000000000000000000 ) ;
#1061 = SURFACE_SIDE_STYLE ('',( #1435 ) ) ;
#1062 = CARTESIAN_POINT ( 'NONE',  ( 0.08394028921923865600, -0.1158436637438094600, -0.008633022084150159700 ) ) ;
#1063 = CARTESIAN_POINT ( 'NONE',  ( 0.08394028921923851700, -0.06649028442304326400, -0.08063302208415015800 ) ) ;
#1064 = SURFACE_STYLE_USAGE ( .BOTH. , #1075 ) ;
#1065 = DIRECTION ( 'NONE',  ( 0.0000000000000000000, 0.0000000000000000000, 1.000000000000000000 ) ) ;
#1066 = EDGE_LOOP ( 'NONE', ( #1630 ) ) ;
#1067 = MECHANICAL_DESIGN_GEOMETRIC_PRESENTATION_REPRESENTATION (  '', ( #3366 ), #3432 ) ;
#1068 = LINE ( 'NONE', #27, #1143 ) ;
#1069 = LENGTH_MEASURE_WITH_UNIT ( LENGTH_MEASURE( 0.02539999999999999900 ), #3759 );
#1070 = EDGE_CURVE ( 'NONE', #4591, #4668, #3712, .T. ) ;
#1071 =( NAMED_UNIT ( * ) PLANE_ANGLE_UNIT ( ) SI_UNIT ( $, .RADIAN. ) );
#1072 = CARTESIAN_POINT ( 'NONE',  ( 0.08394028921923865600, -0.06811234090028127400, -0.008633022084150159700 ) ) ;
#1073 =( GEOMETRIC_REPRESENTATION_CONTEXT ( 3 ) GLOBAL_UNCERTAINTY_ASSIGNED_CONTEXT ( ( #3250 ) ) GLOBAL_UNIT_ASSIGNED_CONTEXT ( ( #3515, #3503, #3475 ) ) REPRESENTATION_CONTEXT ( 'NONE', 'WORKASPACE' ) );
#1074 = EDGE_LOOP ( 'NONE', ( #1310, #4407, #2855, #1860 ) ) ;
#1075 = SURFACE_SIDE_STYLE ('',( #882 ) ) ;
#1076 = MANIFOLD_SOLID_BREP ( '8190-1-1-solid1', #1043 ) ;
#1077 = STYLED_ITEM ( 'NONE', ( #3585 ), #1219 ) ;
#1078 = FILL_AREA_STYLE ('',( #4008 ) ) ;
#1079 = FILL_AREA_STYLE ('',( #1105 ) ) ;
#1080 = EDGE_CURVE ( 'NONE', #4645, #4801, #4536, .T. ) ;
#1081 = MECHANICAL_DESIGN_GEOMETRIC_PRESENTATION_REPRESENTATION (  '', ( #1237 ), #2532 ) ;
#1082 = DIRECTION ( 'NONE',  ( -1.000000000000000000, 0.0000000000000000000, 0.0000000000000000000 ) ) ;
#1083 = CARTESIAN_POINT ( 'NONE',  ( 0.08394028921923857300, 0.2460724400868460300, -0.008633022084150159700 ) ) ;
#1084 = CARTESIAN_POINT ( 'NONE',  ( 0.1255095086008915800, 0.1601763822436229300, -0.08063302208415019900 ) ) ;
#1085 = DIRECTION ( 'NONE',  ( 1.000000000000000000, 0.0000000000000000000, 0.0000000000000000000 ) ) ;
#1086 = EDGE_CURVE ( 'NONE', #4465, #4761, #1028, .T. ) ;
#1087 =( CONVERSION_BASED_UNIT ( 'INCH', #4271 ) LENGTH_UNIT ( ) NAMED_UNIT ( #2433 ) );
#1088 = ORIENTED_EDGE ( 'NONE', *, *, #1660, .F. ) ;
#1089 = DIRECTION ( 'NONE',  ( 2.449212707644754500E-016, -1.000000000000000000, -0.0000000000000000000 ) ) ;
#1090 = LENGTH_MEASURE_WITH_UNIT ( LENGTH_MEASURE( 0.02539999999999999900 ), #1241 );
#1091 = ORIENTED_EDGE ( 'NONE', *, *, #1275, .T. ) ;
#1092 = LINE ( 'NONE', #3089, #4151 ) ;
#1093 = DIRECTION ( 'NONE',  ( -1.000000000000000000, 0.0000000000000000000, 0.0000000000000000000 ) ) ;
#1094 = CARTESIAN_POINT ( 'NONE',  ( 0.1054402892192386600, 0.2422257682266119600, 0.06400292562772504100 ) ) ;
#1095 = CARTESIAN_POINT ( 'NONE',  ( 0.08394028921923851700, 0.1575097155769562300, -0.08063302208415015800 ) ) ;
#1096 = CARTESIAN_POINT ( 'NONE',  ( 0.08394028921923857300, 0.2460724400868460300, -0.008633022084150159700 ) ) ;
#1097 = CARTESIAN_POINT ( 'NONE',  ( -0.07005971078076161900, -0.2424902844230432100, 0.1197921747662435700 ) ) ;
#1098 = FACE_OUTER_BOUND ( 'NONE', #1814, .T. ) ;
#1099 = EDGE_CURVE ( 'NONE', #1106, #4804, #4709, .T. ) ;
#1100 = ORIENTED_EDGE ( 'NONE', *, *, #664, .F. ) ;
#1101 = LINE ( 'NONE', #875, #478 ) ;
#1102 =( LENGTH_UNIT ( ) NAMED_UNIT ( * ) SI_UNIT ( $, .METRE. ) );
#1103 = DIRECTION ( 'NONE',  ( -1.912538216230207100E-014, 0.7288100870211221500, 0.6847158951391915100 ) ) ;
#1104 = LINE ( 'NONE', #1121, #727 ) ;
#1105 = FILL_AREA_STYLE_COLOUR ( '', #4011 ) ;
#1106 = VERTEX_POINT ( 'NONE', #3238 ) ;
#1107 = UNCERTAINTY_MEASURE_WITH_UNIT (LENGTH_MEASURE( 1.000000000000000100E-005 ), #3709, 'distance_accuracy_value', 'NONE');
#1108 = SURFACE_SIDE_STYLE ('',( #4667 ) ) ;
#1109 = EDGE_CURVE ( 'NONE', #3319, #218, #4369, .T. ) ;
#1110 = MECHANICAL_DESIGN_GEOMETRIC_PRESENTATION_REPRESENTATION (  '', ( #1211 ), #1073 ) ;
#1111 = LINE ( 'NONE', #1190, #4660 ) ;
#1112 = VERTEX_POINT ( 'NONE', #3224 ) ;
#1113 = FILL_AREA_STYLE ('',( #1702 ) ) ;
#1114 = CARTESIAN_POINT ( 'NONE',  ( 0.06244028921923864400, 0.1885097155769567500, 0.06836697791584983600 ) ) ;
#1115 = CARTESIAN_POINT ( 'NONE',  ( 0.04237106983758547100, 0.1548430489102896000, -0.08063302208415010200 ) ) ;
#1116 = EDGE_CURVE ( 'NONE', #817, #2660, #4484, .T. ) ;
#1117 = ORIENTED_EDGE ( 'NONE', *, *, #309, .T. ) ;
#1118 = FILL_AREA_STYLE_COLOUR ( '', #3143 ) ;
#1119 = SURFACE_SIDE_STYLE ('',( #311 ) ) ;
#1120 = CARTESIAN_POINT ( 'NONE',  ( 0.02158646014675897500, 0.1521763822436229300, -0.04463302208415009100 ) ) ;
#1121 = CARTESIAN_POINT ( 'NONE',  ( 0.2059402892192384900, -0.07549028442304323000, 0.1463669779158498500 ) ) ;
#1122 = EDGE_LOOP ( 'NONE', ( #1165, #1362, #1431, #3179, #3456, #2551, #2146, #3057, #4019, #37, #1030, #4234 ) ) ;
#1123 = DIRECTION ( 'NONE',  ( 1.000000000000000000, 0.0000000000000000000, -0.0000000000000000000 ) ) ;
#1124 =( CONVERSION_BASED_UNIT ( 'INCH', #2084 ) LENGTH_UNIT ( ) NAMED_UNIT ( #2959 ) );
#1125 = DIRECTION ( 'NONE',  ( -0.0000000000000000000, -0.0000000000000000000, -1.000000000000000000 ) ) ;
#1126 =( LENGTH_UNIT ( ) NAMED_UNIT ( * ) SI_UNIT ( $, .METRE. ) );
#1127 = EDGE_CURVE ( 'NONE', #3406, #4392, #4417, .T. ) ;
#1128 = CARTESIAN_POINT ( 'NONE',  ( 0.2379402892192384900, -0.07549028442304323000, 0.1197921747662435300 ) ) ;
#1129 = CARTESIAN_POINT ( 'NONE',  ( 0.0008018504559324932600, 0.1495097155769562800, -0.008633022084150081600 ) ) ;
#1130 = CARTESIAN_POINT ( 'NONE',  ( 0.05595114333061211600, -0.06807509368580706700, -0.07462228713345230000 ) ) ;
#1131 = ORIENTED_EDGE ( 'NONE', *, *, #1056, .F. ) ;
#1132 = PLANE ( 'NONE',  #2500 ) ;
#1133 = CARTESIAN_POINT ( 'NONE',  ( 0.02158646014675904400, 0.1468430489102896000, 0.02736697791584989700 ) ) ;
#1134 = DIRECTION ( 'NONE',  ( 0.0000000000000000000, 1.000000000000000000, 0.0000000000000000000 ) ) ;
#1135 = CIRCLE ( 'NONE', #3971, 0.01500000000000004500 ) ;
#1136 = EDGE_CURVE ( 'NONE', #2828, #3738, #4307, .T. ) ;
#1137 = ORIENTED_EDGE ( 'NONE', *, *, #1670, .T. ) ;
#1138 = SURFACE_STYLE_USAGE ( .BOTH. , #1265 ) ;
#1139 = CARTESIAN_POINT ( 'NONE',  ( -0.07005971078076161900, -0.04249028442304322900, 0.1463669779158498500 ) ) ;
#1140 = PRESENTATION_LAYER_ASSIGNMENT (  '', '', ( #1211 ) ) ;
#1141 = DIRECTION ( 'NONE',  ( 1.000000000000000000, 2.449212707644754500E-016, 0.0000000000000000000 ) ) ;
#1142 = AXIS2_PLACEMENT_3D ( 'NONE', #3570, #3562, #3557 ) ;
#1143 = VECTOR ( 'NONE', #2767, 39.37007874015748100 ) ;
#1144 = ORIENTED_EDGE ( 'NONE', *, *, #1148, .F. ) ;
#1145 = B_SPLINE_CURVE_WITH_KNOTS ( 'NONE', 3,
 ( #3423, #3178, #3073, #3067 ),
 .UNSPECIFIED., .F., .F.,
 ( 4, 4 ),
 ( 0.0000000000000000000, 2.879693848864994100E-006 ),
 .UNSPECIFIED. ) ;
#1146 = LENGTH_MEASURE_WITH_UNIT ( LENGTH_MEASURE( 0.02539999999999999900 ), #2844 );
#1147 = PRODUCT_DEFINITION_CONTEXT ( 'detailed design', #3620, 'design' ) ;
#1148 = EDGE_CURVE ( 'NONE', #4668, #4681, #4303, .T. ) ;
#1149 = AXIS2_PLACEMENT_3D ( 'NONE', #3899, #3895, #3882 ) ;
#1150 = CARTESIAN_POINT ( 'NONE',  ( 0.0000000000000000000, 0.0000000000000000000, 0.0000000000000000000 ) ) ;
#1151 = CARTESIAN_POINT ( 'NONE',  ( 0.06244028921923864400, 0.2412628073239102600, -0.08563302208415014800 ) ) ;
#1152 = CARTESIAN_POINT ( 'NONE',  ( 0.04237106983758561600, 0.1441763822436229200, 0.06336697791584985900 ) ) ;
#1153 = CARTESIAN_POINT ( 'NONE',  ( -0.02305971078076154600, 0.1355097155769567600, 0.1463669779158498500 ) ) ;
#1154 = DIRECTION ( 'NONE',  ( 0.0000000000000000000, 0.0000000000000000000, 1.000000000000000000 ) ) ;
#1155 = VERTEX_POINT ( 'NONE', #3108 ) ;
#1156 = EDGE_CURVE ( 'NONE', #4591, #3233, #4193, .T. ) ;
#1157 = SURFACE_STYLE_FILL_AREA ( #3704 ) ;
#1158 = CARTESIAN_POINT ( 'NONE',  ( 0.2059402892192384900, -0.2424902844230432100, 0.1197921747662435700 ) ) ;
#1159 = DIRECTION ( 'NONE',  ( -1.000000000000000000, 0.0000000000000000000, 0.0000000000000000000 ) ) ;
#1160 = DIRECTION ( 'NONE',  ( 2.449212707644754500E-016, -1.000000000000000000, -0.0000000000000000000 ) ) ;
#1161 = DIMENSIONAL_EXPONENTS ( 1.000000000000000000, 0.0000000000000000000, 0.0000000000000000000, 0.0000000000000000000, 0.0000000000000000000, 0.0000000000000000000, 0.0000000000000000000 ) ;
#1162 = VECTOR ( 'NONE', #1195, 39.37007874015748100 ) ;
#1163 = VECTOR ( 'NONE', #1279, 39.37007874015748100 ) ;
#1164 = CARTESIAN_POINT ( 'NONE',  ( 0.08394028921923865600, 0.1415097155769563000, 0.06336697791584983100 ) ) ;
#1165 = ORIENTED_EDGE ( 'NONE', *, *, #1921, .T. ) ;
#1166 = CARTESIAN_POINT ( 'NONE',  ( -0.07005971078076157800, 0.1205097155769567100, -0.1636330220841501200 ) ) ;
#1167 = EDGE_CURVE ( 'NONE', #2633, #373, #4196, .T. ) ;
#1168 = CARTESIAN_POINT ( 'NONE',  ( 0.2059402892192384900, 0.1205097155769567100, 0.1463669779158498500 ) ) ;
#1169 = CARTESIAN_POINT ( 'NONE',  ( 0.1255095086008917400, 0.1388430489102896200, 0.06336697791584976200 ) ) ;
#1170 = CARTESIAN_POINT ( 'NONE',  ( 0.2059402892192384900, 0.1205097155769567100, -0.1636330220841501200 ) ) ;
#1171 = VERTEX_POINT ( 'NONE', #3038 ) ;
#1172 = CARTESIAN_POINT ( 'NONE',  ( -0.03805971078076162600, -0.07549028442304323000, -0.1636330220841501200 ) ) ;
#1173 = UNCERTAINTY_MEASURE_WITH_UNIT (LENGTH_MEASURE( 1.000000000000000100E-005 ), #4030, 'distance_accuracy_value', 'NONE');
#1174 = AXIS2_PLACEMENT_3D ( 'NONE', #1015, #1003, #996 ) ;
#1176 = COLOUR_RGB ( '',0.9882352941176471000, 1.000000000000000000, 0.9882352941176471000 ) ;
#1175 = FILL_AREA_STYLE_COLOUR ( '', #2491 ) ;
#1177 = VECTOR ( 'NONE', #2244, 39.37007874015748100 ) ;
#1178 = CARTESIAN_POINT ( 'NONE',  ( 0.1783577139494502400, 0.1815097155769568000, -0.008633022084150159700 ) ) ;
#1179 = EDGE_CURVE ( 'NONE', #916, #3063, #1092, .T. ) ;
#1180 = PRESENTATION_LAYER_ASSIGNMENT (  '', '', ( #1042 ) ) ;
#1181 = UNCERTAINTY_MEASURE_WITH_UNIT (LENGTH_MEASURE( 1.000000000000000100E-005 ), #9, 'distance_accuracy_value', 'NONE');
#1182 = EDGE_LOOP ( 'NONE', ( #4468, #2818, #4639, #1412, #1849, #70 ) ) ;
#1183 = CARTESIAN_POINT ( 'NONE',  ( 0.1909402892192384200, 0.1355097155769566800, -0.03700201014174278600 ) ) ;
#1184 = CARTESIAN_POINT ( 'NONE',  ( 0.1462941182917182300, 0.1361763822436229700, 0.02736697791584973400 ) ) ;
#1185 = EDGE_CURVE ( 'NONE', #4741, #4098, #3639, .T. ) ;
#1186 = CARTESIAN_POINT ( 'NONE',  ( 0.04822106232224596100, -0.06807509368580706700, 0.03647431265090898100 ) ) ;
#1187 = LENGTH_MEASURE_WITH_UNIT ( LENGTH_MEASURE( 0.02539999999999999900 ), #3521 );
#1188 = CARTESIAN_POINT ( 'NONE',  ( 0.2379402892192384900, -0.2424902844230432100, 0.05979217476624355800 ) ) ;
#1189 = CARTESIAN_POINT ( 'NONE',  ( 0.1670787279825446900, 0.1335097155769562900, -0.008633022084150246400 ) ) ;
#1190 = CARTESIAN_POINT ( 'NONE',  ( 0.2059402892192384900, 0.1205097155769567100, 0.1197921747662435300 ) ) ;
#1191 = SURFACE_STYLE_FILL_AREA ( #4912 ) ;
#1192 = FILL_AREA_STYLE ('',( #2583 ) ) ;
#1193 = VERTEX_POINT ( 'NONE', #2969 ) ;
#1194 = ADVANCED_FACE ( 'NONE', ( #4088 ), #3642, .T. ) ;
#1195 = DIRECTION ( 'NONE',  ( 0.0000000000000000000, 0.0000000000000000000, -1.000000000000000000 ) ) ;
#1196 = SURFACE_STYLE_FILL_AREA ( #2732 ) ;
#1197 = EDGE_LOOP ( 'NONE', ( #1519 ) ) ;
#1198 = CIRCLE ( 'NONE', #3612, 0.01500000000000003600 ) ;
#1199 = ORIENTED_EDGE ( 'NONE', *, *, #1842, .F. ) ;
#1200 = VERTEX_POINT ( 'NONE', #2891 ) ;
#1201 = CARTESIAN_POINT ( 'NONE',  ( 0.1462941182917181200, 0.1308430489102896700, -0.04463302208415023000 ) ) ;
#1202 = PLANE ( 'NONE',  #86 ) ;
#1203 = CARTESIAN_POINT ( 'NONE',  ( -0.07005971078076161900, -0.07549028442304323000, -0.1370582189345438100 ) ) ;
#1204 = PRESENTATION_STYLE_ASSIGNMENT (( #2292 ) ) ;
#1205 = PRESENTATION_LAYER_ASSIGNMENT (  '', '', ( #3494 ) ) ;
#1206 = SURFACE_STYLE_USAGE ( .BOTH. , #1119 ) ;
#1207 = VERTEX_POINT ( 'NONE', #2884 ) ;
#1208 = CARTESIAN_POINT ( 'NONE',  ( 0.1255095086008915800, 0.1281763822436229900, -0.08063302208415019900 ) ) ;
#1209 = CARTESIAN_POINT ( 'NONE',  ( 0.08394028921923857300, 0.2460724400868460300, -0.008633022084150159700 ) ) ;
#1210 = FACE_OUTER_BOUND ( 'NONE', #4745, .T. ) ;
#1211 = STYLED_ITEM ( 'NONE', ( #870 ), #3983 ) ;
#1212 = UNCERTAINTY_MEASURE_WITH_UNIT (LENGTH_MEASURE( 1.000000000000000100E-005 ), #2824, 'distance_accuracy_value', 'NONE');
#1213 = CARTESIAN_POINT ( 'NONE',  ( 0.2059402892192384900, -0.04249028442304322900, 0.05979217476624352400 ) ) ;
#1214 = MECHANICAL_DESIGN_GEOMETRIC_PRESENTATION_REPRESENTATION (  '', ( #3494 ), #801 ) ;
#1215 =( NAMED_UNIT ( * ) SI_UNIT ( $, .STERADIAN. ) SOLID_ANGLE_UNIT ( ) );
#1216 = EDGE_CURVE ( 'NONE', #2861, #2861, #3717, .T. ) ;
#1217 = CARTESIAN_POINT ( 'NONE',  ( 0.04237106983758547100, -0.005156951089710059600, -0.08063302208415010200 ) ) ;
#1218 = COLOUR_RGB ( '',0.8000000000000000400, 0.8039215686274510100, 0.8000000000000000400 ) ;
#1219 = ADVANCED_FACE ( 'NONE', ( #3761 ), #2902, .F. ) ;
#1220 = CARTESIAN_POINT ( 'NONE',  ( 0.1503355701760455400, 0.08050971557695645000, -0.008633022084150425100 ) ) ;
#1221 = PRESENTATION_STYLE_ASSIGNMENT (( #1248 ) ) ;
#1222 =( GEOMETRIC_REPRESENTATION_CONTEXT ( 3 ) GLOBAL_UNCERTAINTY_ASSIGNED_CONTEXT ( ( #1956 ) ) GLOBAL_UNIT_ASSIGNED_CONTEXT ( ( #4699, #400, #934 ) ) REPRESENTATION_CONTEXT ( 'NONE', 'WORKASPACE' ) );
#1223 = DIRECTION ( 'NONE',  ( 1.000000000000000000, 2.969399993113329600E-016, 0.0000000000000000000 ) ) ;
#1224 = LINE ( 'NONE', #965, #837 ) ;
#1225 =( NAMED_UNIT ( * ) PLANE_ANGLE_UNIT ( ) SI_UNIT ( $, .RADIAN. ) );
#1226 = CARTESIAN_POINT ( 'NONE',  ( 0.006940289219238612200, 0.1885097155769567500, -0.03013302208415016800 ) ) ;
#1227 = EDGE_LOOP ( 'NONE', ( #2249, #852, #139, #4849, #3621, #1026 ) ) ;
#1228 = CARTESIAN_POINT ( 'NONE',  ( -0.03805971078076162600, -0.04249028442304322900, 0.1463669779158498500 ) ) ;
#1229 = TOROIDAL_SURFACE ( 'NONE', #1498, 0.1174501090552073500, 0.01645010905520738100 ) ;
#1230 = CARTESIAN_POINT ( 'NONE',  ( 0.03414382850163340300, -0.06615695108970989800, 0.02011697791584989700 ) ) ;
#1231 = CARTESIAN_POINT ( 'NONE',  ( 0.01754500826243164000, -0.05349028442304330800, -0.008633022084150008800 ) ) ;
#1232 = ORIENTED_EDGE ( 'NONE', *, *, #2061, .T. ) ;
#1233 = ORIENTED_EDGE ( 'NONE', *, *, #1606, .F. ) ;
#1234 = DIRECTION ( 'NONE',  ( -1.000000000000000000, -0.0000000000000000000, 1.538202699135282500E-016 ) ) ;
#1235 = EDGE_CURVE ( 'NONE', #1112, #3619, #3656, .T. ) ;
#1236 =( CONVERSION_BASED_UNIT ( 'INCH', #1090 ) LENGTH_UNIT ( ) NAMED_UNIT ( #4099 ) );
#1237 = STYLED_ITEM ( 'NONE', ( #1429 ), #2578 ) ;
#1238 = DIMENSIONAL_EXPONENTS ( 1.000000000000000000, 0.0000000000000000000, 0.0000000000000000000, 0.0000000000000000000, 0.0000000000000000000, 0.0000000000000000000, 0.0000000000000000000 ) ;
#1239 = ORIENTED_EDGE ( 'NONE', *, *, #805, .T. ) ;
#1240 =( GEOMETRIC_REPRESENTATION_CONTEXT ( 3 ) GLOBAL_UNCERTAINTY_ASSIGNED_CONTEXT ( ( #1668 ) ) GLOBAL_UNIT_ASSIGNED_CONTEXT ( ( #4324, #4320, #4315 ) ) REPRESENTATION_CONTEXT ( 'NONE', 'WORKASPACE' ) );
#1241 =( LENGTH_UNIT ( ) NAMED_UNIT ( * ) SI_UNIT ( $, .METRE. ) );
#1242 = CARTESIAN_POINT ( 'NONE',  ( -0.05705971078076128900, 0.2165097155769567800, -0.03013302208415016100 ) ) ;
#1243 = ADVANCED_FACE ( 'NONE', ( #3590, #3119 ), #2692, .F. ) ;
#1244 = CARTESIAN_POINT ( 'NONE',  ( -0.05091016723054310500, 0.2230205920085124300, 0.01286697791584984000 ) ) ;
#1245 = EDGE_CURVE ( 'NONE', #1945, #1781, #3725, .T. ) ;
#1246 =( GEOMETRIC_REPRESENTATION_CONTEXT ( 3 ) GLOBAL_UNCERTAINTY_ASSIGNED_CONTEXT ( ( #1173 ) ) GLOBAL_UNIT_ASSIGNED_CONTEXT ( ( #4030, #4014, #3974 ) ) REPRESENTATION_CONTEXT ( 'NONE', 'WORKASPACE' ) );
#1247 = ORIENTED_EDGE ( 'NONE', *, *, #1136, .F. ) ;
#1248 = SURFACE_STYLE_USAGE ( .BOTH. , #1259 ) ;
#1249 = COLOUR_RGB ( '',0.8000000000000000400, 0.8039215686274510100, 0.8000000000000000400 ) ;
#1250 = ORIENTED_EDGE ( 'NONE', *, *, #2638, .T. ) ;
#1251 = EDGE_CURVE ( 'NONE', #2799, #2799, #2697, .T. ) ;
#1252 = DIRECTION ( 'NONE',  ( -1.000000000000000000, 0.0000000000000000000, 0.0000000000000000000 ) ) ;
#1253 = CARTESIAN_POINT ( 'NONE',  ( 0.08394028921923843400, 0.1355097155769566800, -0.008633022084150142300 ) ) ;
#1254 = VERTEX_POINT ( 'NONE', #2445 ) ;
#1255 = STYLED_ITEM ( 'NONE', ( #3682 ), #4755 ) ;
#1256 = CARTESIAN_POINT ( 'NONE',  ( 0.06244028921923864400, 0.1885097155769567500, 0.06836697791584983600 ) ) ;
#1257 = LINE ( 'NONE', #4420, #4119 ) ;
#1258 = VERTEX_POINT ( 'NONE', #2755 ) ;
#1259 = SURFACE_SIDE_STYLE ('',( #1284 ) ) ;
#1260 = CARTESIAN_POINT ( 'NONE',  ( 0.1337367499368437300, 0.07784304891028977200, -0.03738302208415032700 ) ) ;
#1261 =( NAMED_UNIT ( * ) SI_UNIT ( $, .STERADIAN. ) SOLID_ANGLE_UNIT ( ) );
#1262 = CARTESIAN_POINT ( 'NONE',  ( -0.03805971078076162600, -0.07549028442304323000, 0.1463669779158498500 ) ) ;
#1263 = VECTOR ( 'NONE', #3879, 39.37007874015748100 ) ;
#1264 = VERTEX_POINT ( 'NONE', #2436 ) ;
#1265 = SURFACE_SIDE_STYLE ('',( #2473 ) ) ;
#1266 = EDGE_LOOP ( 'NONE', ( #4700, #4732, #555, #3258, #352 ) ) ;
#1267 = DIRECTION ( 'NONE',  ( 1.000000000000000000, 2.969399993113329600E-016, 0.0000000000000000000 ) ) ;
#1268 = PRESENTATION_STYLE_ASSIGNMENT (( #4598 ) ) ;
#1269 = VERTEX_POINT ( 'NONE', #2413 ) ;
#1270 = EDGE_CURVE ( 'NONE', #3160, #4292, #2702, .T. ) ;
#1271 = ADVANCED_FACE ( 'NONE', ( #2845 ), #2363, .T. ) ;
#1272 =( GEOMETRIC_REPRESENTATION_CONTEXT ( 3 ) GLOBAL_UNCERTAINTY_ASSIGNED_CONTEXT ( ( #3361 ) ) GLOBAL_UNIT_ASSIGNED_CONTEXT ( ( #3838, #3821, #3775 ) ) REPRESENTATION_CONTEXT ( 'NONE', 'WORKASPACE' ) );
#1273 = DIRECTION ( 'NONE',  ( 2.449212707644754500E-016, -1.000000000000000000, -0.0000000000000000000 ) ) ;
#1274 = CYLINDRICAL_SURFACE ( 'NONE', #2265, 0.02999999999999998800 ) ;
#1275 = EDGE_CURVE ( 'NONE', #1725, #1945, #4341, .T. ) ;
#1276 = MECHANICAL_DESIGN_GEOMETRIC_PRESENTATION_REPRESENTATION (  '', ( #1333 ), #1246 ) ;
#1277 =( NAMED_UNIT ( * ) SI_UNIT ( $, .STERADIAN. ) SOLID_ANGLE_UNIT ( ) );
#1278 = DIRECTION ( 'NONE',  ( -0.0000000000000000000, 1.000000000000000000, -0.0000000000000000000 ) ) ;
#1279 = DIRECTION ( 'NONE',  ( 0.0000000000000000000, 1.000000000000000000, 0.0000000000000000000 ) ) ;
#1280 = CIRCLE ( 'NONE', #4835, 0.1149999999999999900 ) ;
#1281 = FILL_AREA_STYLE ('',( #1295 ) ) ;
#1282 = CARTESIAN_POINT ( 'NONE',  ( 0.08394028921923858700, 0.1675097155769567400, -0.008633022084150159700 ) ) ;
#1283 = EDGE_CURVE ( 'NONE', #2797, #2797, #2395, .T. ) ;
#1284 = SURFACE_STYLE_FILL_AREA ( #1318 ) ;
#1285 =( NAMED_UNIT ( * ) PLANE_ANGLE_UNIT ( ) SI_UNIT ( $, .RADIAN. ) );
#1286 = PLANE ( 'NONE',  #1854 ) ;
#1287 = ORIENTED_EDGE ( 'NONE', *, *, #2530, .F. ) ;
#1288 = DIRECTION ( 'NONE',  ( 0.0000000000000000000, 1.000000000000000000, -1.707404996040165000E-016 ) ) ;
#1289 = CARTESIAN_POINT ( 'NONE',  ( 0.08394028921923851700, 0.1255097155769563100, -0.08063302208415015800 ) ) ;
#1290 = EDGE_CURVE ( 'NONE', #2108, #2117, #2392, .T. ) ;
#1291 = CARTESIAN_POINT ( 'NONE',  ( 0.08394028921923865600, 0.04550971557695648900, 0.06336697791584983100 ) ) ;
#1292 = CARTESIAN_POINT ( 'NONE',  ( 0.2379402892192384900, 0.1205097155769567100, 0.1463669779158498500 ) ) ;
#1293 = CARTESIAN_POINT ( 'NONE',  ( 0.1171379296976419200, 0.07517638224362310800, -0.06613302208415025600 ) ) ;
#1294 = CARTESIAN_POINT ( 'NONE',  ( -0.03805971078076162600, 0.1205097155769567100, -0.1370582189345438100 ) ) ;
#1295 = FILL_AREA_STYLE_COLOUR ( '', #3491 ) ;
#1296 = EDGE_CURVE ( 'NONE', #1200, #249, #3040, .T. ) ;
#1297 = UNCERTAINTY_MEASURE_WITH_UNIT (LENGTH_MEASURE( 1.000000000000000100E-005 ), #461, 'distance_accuracy_value', 'NONE');
#1298 = CARTESIAN_POINT ( 'NONE',  ( 0.08394028921923843400, 0.07750971557695671100, 0.09236697791584985700 ) ) ;
#1299 = CARTESIAN_POINT ( 'NONE',  ( 0.05074264874083481800, 0.06984304891028982100, -0.06613302208414999200 ) ) ;
#1300 = PLANE ( 'NONE',  #1037 ) ;
#1301 = AXIS2_PLACEMENT_3D ( 'NONE', #4243, #4489, #4230 ) ;
#1302 = DIRECTION ( 'NONE',  ( 0.0000000000000000000, -1.707404996040165000E-016, -1.000000000000000000 ) ) ;
#1303 = CARTESIAN_POINT ( 'NONE',  ( 0.04237106983758547100, 0.1228430489102896500, -0.08063302208415010200 ) ) ;
#1304 = PRESENTATION_LAYER_ASSIGNMENT (  '', '', ( #1466 ) ) ;
#1305 = PRESENTATION_STYLE_ASSIGNMENT (( #4586 ) ) ;
#1306 =( CONVERSION_BASED_UNIT ( 'INCH', #46 ) LENGTH_UNIT ( ) NAMED_UNIT ( #4123 ) );
#1307 = FACE_OUTER_BOUND ( 'NONE', #3524, .T. ) ;
#1308 = DIRECTION ( 'NONE',  ( 0.0000000000000000000, 0.0000000000000000000, 1.000000000000000000 ) ) ;
#1309 = EDGE_CURVE ( 'NONE', #4164, #1200, #4432, .T. ) ;
#1310 = ORIENTED_EDGE ( 'NONE', *, *, #2568, .F. ) ;
#1311 = EDGE_LOOP ( 'NONE', ( #3749, #4077, #4925, #3322, #3679 ) ) ;
#1312 = PRODUCT_CONTEXT ( 'NONE', #1504, 'mechanical' ) ;
#1313 = EDGE_CURVE ( 'NONE', #761, #2108, #2450, .T. ) ;
#1314 = FILL_AREA_STYLE ('',( #3087 ) ) ;
#1315 = ADVANCED_FACE ( 'NONE', ( #2274 ), #1966, .T. ) ;
#1316 = SURFACE_STYLE_FILL_AREA ( #4169 ) ;
#1317 = LENGTH_MEASURE_WITH_UNIT ( LENGTH_MEASURE( 0.02539999999999999900 ), #2663 );
#1318 = FILL_AREA_STYLE ('',( #2517 ) ) ;
#1319 = PRODUCT_RELATED_PRODUCT_CATEGORY ( 'part', '', ( #2349 ) ) ;
#1320 = CARTESIAN_POINT ( 'NONE',  ( 0.02158646014675897500, 0.1201763822436230000, -0.04463302208415009100 ) ) ;
#1321 = FACE_OUTER_BOUND ( 'NONE', #4450, .T. ) ;
#1322 = DIRECTION ( 'NONE',  ( 0.0000000000000000000, 0.0000000000000000000, 1.000000000000000000 ) ) ;
#1323 = ORIENTED_EDGE ( 'NONE', *, *, #783, .T. ) ;
#1324 = COLOUR_RGB ( '',0.8000000000000000400, 0.8039215686274510100, 0.8000000000000000400 ) ;
#1325 =( LENGTH_UNIT ( ) NAMED_UNIT ( * ) SI_UNIT ( $, .METRE. ) );
#1326 =( NAMED_UNIT ( * ) PLANE_ANGLE_UNIT ( ) SI_UNIT ( $, .RADIAN. ) );
#1327 = UNCERTAINTY_MEASURE_WITH_UNIT (LENGTH_MEASURE( 1.000000000000000100E-005 ), #2642, 'distance_accuracy_value', 'NONE');
#1328 = FILL_AREA_STYLE_COLOUR ( '', #4897 ) ;
#1329 = CARTESIAN_POINT ( 'NONE',  ( 0.2439402892192384400, -0.2424902844230432100, -0.1070582189345438700 ) ) ;
#1330 = PLANE ( 'NONE',  #991 ) ;
#1331 = EDGE_CURVE ( 'NONE', #2746, #2746, #2016, .T. ) ;
#1332 = ORIENTED_EDGE ( 'NONE', *, *, #1579, .F. ) ;
#1333 = STYLED_ITEM ( 'NONE', ( #2599 ), #3734 ) ;
#1334 = UNCERTAINTY_MEASURE_WITH_UNIT (LENGTH_MEASURE( 1.000000000000000100E-005 ), #2152, 'distance_accuracy_value', 'NONE');
#1335 = SURFACE_STYLE_USAGE ( .BOTH. , #1347 ) ;
#1336 = AXIS2_PLACEMENT_3D ( 'NONE', #4296, #4291, #4284 ) ;
#1337 = EDGE_LOOP ( 'NONE', ( #947, #3368, #480, #2246 ) ) ;
#1338 = CARTESIAN_POINT ( 'NONE',  ( 0.0008018504559324932600, 0.1175097155769563600, -0.008633022084150081600 ) ) ;
#1339 = EDGE_CURVE ( 'NONE', #1171, #4573, #2075, .T. ) ;
#1340 =( NAMED_UNIT ( * ) SI_UNIT ( $, .STERADIAN. ) SOLID_ANGLE_UNIT ( ) );
#1341 = PRESENTATION_LAYER_ASSIGNMENT (  '', '', ( #1333 ) ) ;
#1342 =( CONVERSION_BASED_UNIT ( 'INCH', #4785 ) LENGTH_UNIT ( ) NAMED_UNIT ( #3845 ) );
#1343 = ADVANCED_FACE ( 'NONE', ( #2009 ), #1786, .F. ) ;
#1344 =( NAMED_UNIT ( * ) PLANE_ANGLE_UNIT ( ) SI_UNIT ( $, .RADIAN. ) );
#1345 = EDGE_CURVE ( 'NONE', #1810, #4686, #1701, .T. ) ;
#1346 = VERTEX_POINT ( 'NONE', #1644 ) ;
#1347 = SURFACE_SIDE_STYLE ('',( #4743 ) ) ;
#1348 = PRODUCT_DEFINITION ( 'UNKNOWN', '', #1517, #1147 ) ;
#1349 =( CONVERSION_BASED_UNIT ( 'INCH', #1450 ) LENGTH_UNIT ( ) NAMED_UNIT ( #1036 ) );
#1350 = CARTESIAN_POINT ( 'NONE',  ( 0.2439402892192384400, -0.04249028442304322900, 0.05979217476624352400 ) ) ;
#1351 = CARTESIAN_POINT ( 'NONE',  ( 0.1255095086008917400, 0.1068430489102896900, 0.06336697791584976200 ) ) ;
#1352 = ORIENTED_EDGE ( 'NONE', *, *, #2242, .T. ) ;
#1353 = CARTESIAN_POINT ( 'NONE',  ( 0.1255095086008917400, 0.04284304891028985200, 0.06336697791584976200 ) ) ;
#1354 =( LENGTH_UNIT ( ) NAMED_UNIT ( * ) SI_UNIT ( $, .METRE. ) );
#1355 = FILL_AREA_STYLE ('',( #2382 ) ) ;
#1356 =( LENGTH_UNIT ( ) NAMED_UNIT ( * ) SI_UNIT ( $, .METRE. ) );
#1357 = EDGE_LOOP ( 'NONE', ( #2419 ) ) ;
#1358 = UNCERTAINTY_MEASURE_WITH_UNIT (LENGTH_MEASURE( 1.000000000000000100E-005 ), #1349, 'distance_accuracy_value', 'NONE');
#1359 = EDGE_CURVE ( 'NONE', #4472, #1673, #4490, .T. ) ;
#1360 = SURFACE_STYLE_USAGE ( .BOTH. , #1374 ) ;
#1361 = FILL_AREA_STYLE_COLOUR ( '', #3687 ) ;
#1362 = ORIENTED_EDGE ( 'NONE', *, *, #694, .T. ) ;
#1363 = AXIS2_PLACEMENT_3D ( 'NONE', #2102, #2082, #2046 ) ;
#1364 = DIRECTION ( 'NONE',  ( -1.000000000000000000, -0.0000000000000000000, -0.0000000000000000000 ) ) ;
#1365 = EDGE_CURVE ( 'NONE', #1673, #4219, #4687, .T. ) ;
#1366 =( GEOMETRIC_REPRESENTATION_CONTEXT ( 3 ) GLOBAL_UNCERTAINTY_ASSIGNED_CONTEXT ( ( #3977 ) ) GLOBAL_UNIT_ASSIGNED_CONTEXT ( ( #4338, #4323, #4309 ) ) REPRESENTATION_CONTEXT ( 'NONE', 'WORKASPACE' ) );
#1367 = ORIENTED_EDGE ( 'NONE', *, *, #2375, .F. ) ;
#1368 = SURFACE_STYLE_USAGE ( .BOTH. , #1383 ) ;
#1369 = ORIENTED_EDGE ( 'NONE', *, *, #1365, .T. ) ;
#1370 = EDGE_CURVE ( 'NONE', #4686, #1193, #1690, .T. ) ;
#1371 = VECTOR ( 'NONE', #4661, 39.37007874015748100 ) ;
#1372 = ORIENTED_EDGE ( 'NONE', *, *, #1670, .F. ) ;
#1373 = CARTESIAN_POINT ( 'NONE',  ( 0.05074264874083517900, -0.06882361775637656200, 0.04886697791584988100 ) ) ;
#1374 = SURFACE_SIDE_STYLE ('',( #1586 ) ) ;
#1375 = DIRECTION ( 'NONE',  ( -0.0000000000000000000, -0.0000000000000000000, -1.000000000000000000 ) ) ;
#1376 = VECTOR ( 'NONE', #2451, 39.37007874015748100 ) ;
#1377 = VERTEX_POINT ( 'NONE', #1417 ) ;
#1378 = CARTESIAN_POINT ( 'NONE',  ( -0.02305971078076154600, 0.1205097155769567100, 0.1463669779158498500 ) ) ;
#1379 = VERTEX_POINT ( 'NONE', #1397 ) ;
#1380 = CIRCLE ( 'NONE', #4264, 0.05501021192411734200 ) ;
#1381 = CARTESIAN_POINT ( 'NONE',  ( 0.1462941182917182300, 0.1041763822436230500, 0.02736697791584973400 ) ) ;
#1382 = FILL_AREA_STYLE ('',( #1510 ) ) ;
#1383 = SURFACE_SIDE_STYLE ('',( #48 ) ) ;
#1384 = ADVANCED_FACE ( 'NONE', ( #1707 ), #1274, .T. ) ;
#1385 = EDGE_CURVE ( 'NONE', #2738, #2738, #1280, .T. ) ;
#1386 =( NAMED_UNIT ( * ) SI_UNIT ( $, .STERADIAN. ) SOLID_ANGLE_UNIT ( ) );
#1387 = ADVANCED_FACE ( 'NONE', ( #1634 ), #1300, .T. ) ;
#1388 = DIMENSIONAL_EXPONENTS ( 1.000000000000000000, 0.0000000000000000000, 0.0000000000000000000, 0.0000000000000000000, 0.0000000000000000000, 0.0000000000000000000, 0.0000000000000000000 ) ;
#1389 = AXIS2_PLACEMENT_3D ( 'NONE', #2612, #2871, #2862 ) ;
#1390 =( NAMED_UNIT ( * ) PLANE_ANGLE_UNIT ( ) SI_UNIT ( $, .RADIAN. ) );
#1391 = EDGE_CURVE ( 'NONE', #420, #1346, #901, .T. ) ;
#1392 = MECHANICAL_DESIGN_GEOMETRIC_PRESENTATION_REPRESENTATION (  '', ( #1474 ), #1366 ) ;
#1393 =( GEOMETRIC_REPRESENTATION_CONTEXT ( 3 ) GLOBAL_UNCERTAINTY_ASSIGNED_CONTEXT ( ( #4625 ) ) GLOBAL_UNIT_ASSIGNED_CONTEXT ( ( #1561, #1549, #1542 ) ) REPRESENTATION_CONTEXT ( 'NONE', 'WORKASPACE' ) );
#1394 =( NAMED_UNIT ( * ) SI_UNIT ( $, .STERADIAN. ) SOLID_ANGLE_UNIT ( ) );
#1395 =( NAMED_UNIT ( * ) PLANE_ANGLE_UNIT ( ) SI_UNIT ( $, .RADIAN. ) );
#1396 = EDGE_CURVE ( 'NONE', #3233, #4681, #906, .T. ) ;
#1397 = CARTESIAN_POINT ( 'NONE',  ( 0.2059402892192384900, -0.07549028442304323000, 0.1197921747662435300 ) ) ;
#1398 = PRESENTATION_LAYER_ASSIGNMENT (  '', '', ( #1474 ) ) ;
#1399 = CARTESIAN_POINT ( 'NONE',  ( 0.03414382850163324300, 0.06717638224362314200, -0.03738302208414993900 ) ) ;
#1400 = FILL_AREA_STYLE ('',( #1658 ) ) ;
#1401 = ORIENTED_EDGE ( 'NONE', *, *, #2169, .T. ) ;
#1402 = LINE ( 'NONE', #234, #2519 ) ;
#1403 = CARTESIAN_POINT ( 'NONE',  ( -0.07005971078076161900, -0.07549028442304323000, -0.1636330220841501200 ) ) ;
#1404 = DIRECTION ( 'NONE',  ( -1.000000000000000000, 0.0000000000000000000, 0.0000000000000000000 ) ) ;
#1405 = CARTESIAN_POINT ( 'NONE',  ( 0.08394028921923843400, 0.1475097155769566600, 0.05260273657344072300 ) ) ;
#1406 = EDGE_CURVE ( 'NONE', #3342, #1193, #898, .T. ) ;
#1407 = EDGE_LOOP ( 'NONE', ( #1131, #4382, #2941, #3967 ) ) ;
#1408 = DIRECTION ( 'NONE',  ( 2.449212707644754500E-016, -1.000000000000000000, -0.0000000000000000000 ) ) ;
#1409 = COLOUR_RGB ( '',0.9882352941176471000, 1.000000000000000000, 0.9882352941176471000 ) ;
#1410 = CARTESIAN_POINT ( 'NONE',  ( 0.1192947709642295100, 0.1454263822436233600, 0.05260273657344073000 ) ) ;
#1411 = AXIS2_PLACEMENT_3D ( 'NONE', #739, #4353, #1093 ) ;
#1412 = ORIENTED_EDGE ( 'NONE', *, *, #2460, .F. ) ;
#1413 =( NAMED_UNIT ( * ) PLANE_ANGLE_UNIT ( ) SI_UNIT ( $, .RADIAN. ) );
#1414 = FILL_AREA_STYLE ('',( #3075 ) ) ;
#1415 = LENGTH_MEASURE_WITH_UNIT ( LENGTH_MEASURE( 0.02539999999999999900 ), #4862 );
#1416 = CARTESIAN_POINT ( 'NONE',  ( 0.1462941182917182300, 0.04017638224362316700, 0.02736697791584973400 ) ) ;
#1417 = CARTESIAN_POINT ( 'NONE',  ( -0.02305971078076154600, 0.1355097155769567600, -0.1636330220841501200 ) ) ;
#1418 = CARTESIAN_POINT ( 'NONE',  ( 0.05074264874083517900, 0.1871763822436228700, 0.04886697791584988100 ) ) ;
#1419 = ORIENTED_EDGE ( 'NONE', *, *, #2587, .T. ) ;
#1420 = CARTESIAN_POINT ( 'NONE',  ( 0.1369720118367250300, 0.1433430489102900100, 0.02198485724464529000 ) ) ;
#1421 = CARTESIAN_POINT ( 'NONE',  ( -0.05143824288073677700, 0.2165097155769567800, 0.01286697791584984000 ) ) ;
#1422 = B_SPLINE_CURVE_WITH_KNOTS ( 'NONE', 3,
 ( #2982, #2880, #2542, #2577, #2431, #2967, #2240, #1769, #1798, #1749 ),
 .UNSPECIFIED., .F., .F.,
 ( 4, 2, 2, 2, 4 ),
 ( 7.698674151003987000E-007, 0.0003629989556310982400, 0.0007252280438470961600, 0.001087457132063094000, 0.001449686220279091800 ),
 .UNSPECIFIED. ) ;
#1423 = CARTESIAN_POINT ( 'NONE',  ( 0.1054402892192386600, 0.2412628073239102600, 0.06836697791584983600 ) ) ;
#1424 = SURFACE_STYLE_FILL_AREA ( #1600 ) ;
#1425 = EDGE_CURVE ( 'NONE', #420, #1632, #2094, .T. ) ;
#1426 = CARTESIAN_POINT ( 'NONE',  ( 0.06244028921923864400, 0.2460724400868460300, 0.04200168356263232100 ) ) ;
#1427 = STYLED_ITEM ( 'NONE', ( #253 ), #617 ) ;
#1428 =( NAMED_UNIT ( * ) SI_UNIT ( $, .STERADIAN. ) SOLID_ANGLE_UNIT ( ) );
#1429 = PRESENTATION_STYLE_ASSIGNMENT (( #3722 ) ) ;
#1430 = EDGE_CURVE ( 'NONE', #1632, #1171, #1224, .T. ) ;
#1431 = ORIENTED_EDGE ( 'NONE', *, *, #2375, .T. ) ;
#1432 = AXIS2_PLACEMENT_3D ( 'NONE', #4535, #4519, #4502 ) ;
#1433 =( CONVERSION_BASED_UNIT ( 'INCH', #4685 ) LENGTH_UNIT ( ) NAMED_UNIT ( #1493 ) );
#1434 =( NAMED_UNIT ( * ) SI_UNIT ( $, .STERADIAN. ) SOLID_ANGLE_UNIT ( ) );
#1435 = SURFACE_STYLE_FILL_AREA ( #3272 ) ;
#1436 = CARTESIAN_POINT ( 'NONE',  ( 0.1670787279825446900, 0.03750971557695650200, -0.008633022084150246400 ) ) ;
#1437 = EDGE_LOOP ( 'NONE', ( #1927, #1057, #4636, #3452 ) ) ;
#1438 = PRESENTATION_STYLE_ASSIGNMENT (( #2860 ) ) ;
#1439 = CARTESIAN_POINT ( 'NONE',  ( 0.1546492527092205000, 0.1412597155769567100, -0.008633022084150095500 ) ) ;
#1440 = COLOUR_RGB ( '',0.8000000000000000400, 0.8039215686274510100, 0.8000000000000000400 ) ;
#1441 = EDGE_CURVE ( 'NONE', #3738, #4392, #778, .T. ) ;
#1442 = FACE_BOUND ( 'NONE', #2041, .T. ) ;
#1443 = DIMENSIONAL_EXPONENTS ( 1.000000000000000000, 0.0000000000000000000, 0.0000000000000000000, 0.0000000000000000000, 0.0000000000000000000, 0.0000000000000000000, 0.0000000000000000000 ) ;
#1444 = SURFACE_STYLE_FILL_AREA ( #2698 ) ;
#1445 = CARTESIAN_POINT ( 'NONE',  ( -0.05143824288073677700, 0.2165097155769567800, -0.03013302208415016100 ) ) ;
#1446 = CARTESIAN_POINT ( 'NONE',  ( 0.08394028921923672700, 0.1515097155769567200, 0.05260273657344072300 ) ) ;
#1447 = UNCERTAINTY_MEASURE_WITH_UNIT (LENGTH_MEASURE( 1.000000000000000100E-005 ), #2270, 'distance_accuracy_value', 'NONE');
#1448 = FACE_OUTER_BOUND ( 'NONE', #1471, .T. ) ;
#1449 = CARTESIAN_POINT ( 'NONE',  ( 0.1369720118367250300, 0.1391763822436233600, -0.03925090141294559200 ) ) ;
#1450 = LENGTH_MEASURE_WITH_UNIT ( LENGTH_MEASURE( 0.02539999999999999900 ), #1354 );
#1451 = UNCERTAINTY_MEASURE_WITH_UNIT (LENGTH_MEASURE( 1.000000000000000100E-005 ), #1593, 'distance_accuracy_value', 'NONE');
#1452 =( LENGTH_UNIT ( ) NAMED_UNIT ( * ) SI_UNIT ( $, .METRE. ) );
#1453 = CARTESIAN_POINT ( 'NONE',  ( 0.1462941182917182300, 0.2001763822436228300, 0.02736697791584973400 ) ) ;
#1454 = SURFACE_STYLE_FILL_AREA ( #3430 ) ;
#1455 = CARTESIAN_POINT ( 'NONE',  ( 0.1462941182917181200, 0.03484304891028985200, -0.04463302208415023000 ) ) ;
#1456 = CARTESIAN_POINT ( 'NONE',  ( 0.1192947709642295100, 0.1370930489102900600, -0.06986878074174100700 ) ) ;
#1457 = EDGE_CURVE ( 'NONE', #1346, #4573, #1738, .T. ) ;
#1458 = DIRECTION ( 'NONE',  ( 1.000000000000000000, 0.0000000000000000000, -1.538202699135283000E-016 ) ) ;
#1459 =( GEOMETRIC_REPRESENTATION_CONTEXT ( 3 ) GLOBAL_UNCERTAINTY_ASSIGNED_CONTEXT ( ( #4920 ) ) GLOBAL_UNIT_ASSIGNED_CONTEXT ( ( #4851, #4810, #4798 ) ) REPRESENTATION_CONTEXT ( 'NONE', 'WORKASPACE' ) );
#1460 = CARTESIAN_POINT ( 'NONE',  ( -0.07005971078076161900, -0.04249028442304322900, -0.07705821893454381500 ) ) ;
#1461 = CARTESIAN_POINT ( 'NONE',  ( 0.06244028921923864400, 0.2460724400868460300, 0.04200168356263232100 ) ) ;
#1462 = CARTESIAN_POINT ( 'NONE',  ( 0.08394028921923849000, 0.1350097155769567100, -0.06986878074174100700 ) ) ;
#1463 = MECHANICAL_DESIGN_GEOMETRIC_PRESENTATION_REPRESENTATION (  '', ( #4202 ), #2462 ) ;
#1464 = ORIENTED_EDGE ( 'NONE', *, *, #1572, .T. ) ;
#1465 = CARTESIAN_POINT ( 'NONE',  ( 0.04858580747424742100, 0.1329263822436233800, -0.06986878074174100700 ) ) ;
#1466 = STYLED_ITEM ( 'NONE', ( #3814 ), #562 ) ;
#1467 = DIMENSIONAL_EXPONENTS ( 1.000000000000000000, 0.0000000000000000000, 0.0000000000000000000, 0.0000000000000000000, 0.0000000000000000000, 0.0000000000000000000, 0.0000000000000000000 ) ;
#1468 = SURFACE_STYLE_USAGE ( .BOTH. , #1488 ) ;
#1469 = CARTESIAN_POINT ( 'NONE',  ( 0.1670787279825446900, 0.1015097155769564000, -0.008633022084150246400 ) ) ;
#1470 = CARTESIAN_POINT ( 'NONE',  ( 0.1670787279825446900, 0.1975097155769561500, -0.008633022084150246400 ) ) ;
#1471 = EDGE_LOOP ( 'NONE', ( #4415, #4018, #3188, #4627 ) ) ;
#1472 = EDGE_CURVE ( 'NONE', #1258, #3342, #718, .T. ) ;
#1473 = CARTESIAN_POINT ( 'NONE',  ( 0.08394028921923851700, -0.002490284423043385200, -0.08063302208415015800 ) ) ;
#1474 = STYLED_ITEM ( 'NONE', ( #2231 ), #3714 ) ;
#1475 = CARTESIAN_POINT ( 'NONE',  ( 0.03090856660175189700, 0.1308430489102900800, -0.03925090141294557800 ) ) ;
#1476 = ADVANCED_FACE ( 'NONE', ( #712 ), #4746, .T. ) ;
#1477 = CARTESIAN_POINT ( 'NONE',  ( 0.08394028921923865600, -0.08249028442304320900, -0.008633022084150159700 ) ) ;
#1478 = DIMENSIONAL_EXPONENTS ( 1.000000000000000000, 0.0000000000000000000, 0.0000000000000000000, 0.0000000000000000000, 0.0000000000000000000, 0.0000000000000000000, 0.0000000000000000000 ) ;
#1479 = ORIENTED_EDGE ( 'NONE', *, *, #2598, .F. ) ;
#1480 = CARTESIAN_POINT ( 'NONE',  ( 0.1171379296976421800, 0.06384304891028977400, 0.04886697791584979100 ) ) ;
#1481 = CARTESIAN_POINT ( 'NONE',  ( 0.06244028921923863000, 0.2400091630922486500, 0.03738925960445718700 ) ) ;
#1482 = CARTESIAN_POINT ( 'NONE',  ( 0.01323132572925637800, 0.1287597155769566700, -0.008633022084150173600 ) ) ;
#1483 =( CONVERSION_BASED_UNIT ( 'INCH', #893 ) LENGTH_UNIT ( ) NAMED_UNIT ( #1478 ) );
#1484 = VERTEX_POINT ( 'NONE', #4770 ) ;
#1485 = FILL_AREA_STYLE_COLOUR ( '', #3025 ) ;
#1486 = EDGE_LOOP ( 'NONE', ( #2992, #4411, #4539, #3856 ) ) ;
#1487 = UNCERTAINTY_MEASURE_WITH_UNIT (LENGTH_MEASURE( 1.000000000000000100E-005 ), #946, 'distance_accuracy_value', 'NONE');
#1488 = SURFACE_SIDE_STYLE ('',( #4740 ) ) ;
#1489 = CARTESIAN_POINT ( 'NONE',  ( 0.0008018504559324932600, 0.1175097155769563600, -0.008633022084150081600 ) ) ;
#1490 = CARTESIAN_POINT ( 'NONE',  ( 0.03090856660175187900, 0.1266763822436233500, 0.02198485724464525900 ) ) ;
#1491 = STYLED_ITEM ( 'NONE', ( #1654 ), #874 ) ;
#1492 = SURFACE_STYLE_FILL_AREA ( #4102 ) ;
#1493 = DIMENSIONAL_EXPONENTS ( 1.000000000000000000, 0.0000000000000000000, 0.0000000000000000000, 0.0000000000000000000, 0.0000000000000000000, 0.0000000000000000000, 0.0000000000000000000 ) ;
#1494 = EDGE_CURVE ( 'NONE', #424, #1632, #339, .T. ) ;
#1495 = CARTESIAN_POINT ( 'NONE',  ( 0.08394028921923178700, 0.1815097155769567500, 0.05282152337039533500 ) ) ;
#1496 = CARTESIAN_POINT ( 'NONE',  ( 0.06244028921923862300, 0.2221621460143152500, 0.02311784927796731900 ) ) ;
#1497 = LINE ( 'NONE', #1226, #398 ) ;
#1498 = AXIS2_PLACEMENT_3D ( 'NONE', #3091, #2868, #370 ) ;
#1499 = CYLINDRICAL_SURFACE ( 'NONE', #4414, 0.1009999999999999900 ) ;
#1500 = EDGE_CURVE ( 'NONE', #4316, #424, #4767, .T. ) ;
#1501 = ORIENTED_EDGE ( 'NONE', *, *, #1971, .F. ) ;
#1502 =( GEOMETRIC_REPRESENTATION_CONTEXT ( 3 ) GLOBAL_UNCERTAINTY_ASSIGNED_CONTEXT ( ( #3121 ) ) GLOBAL_UNIT_ASSIGNED_CONTEXT ( ( #4563, #4554, #4550 ) ) REPRESENTATION_CONTEXT ( 'NONE', 'WORKASPACE' ) );
#1503 = ORIENTED_EDGE ( 'NONE', *, *, #1370, .F. ) ;
#1504 = APPLICATION_CONTEXT ( 'automotive_design' ) ;
#1505 = CARTESIAN_POINT ( 'NONE',  ( 0.08394028921923851700, 0.1255097155769563100, -0.08063302208415015800 ) ) ;
#1506 = CARTESIAN_POINT ( 'NONE',  ( 0.04858580747424740000, 0.1245930489102900100, 0.05260273657344073000 ) ) ;
#1507 = DIRECTION ( 'NONE',  ( -1.000000000000000000, 0.0000000000000000000, 0.0000000000000000000 ) ) ;
#1508 = COLOUR_RGB ( '',0.8000000000000000400, 0.8039215686274510100, 0.8000000000000000400 ) ;
#1509 = ORIENTED_EDGE ( 'NONE', *, *, #1494, .T. ) ;
#1510 = FILL_AREA_STYLE_COLOUR ( '', #1638 ) ;
#1511 = CARTESIAN_POINT ( 'NONE',  ( 0.1462941182917181200, 0.09884304891028970800, -0.04463302208415023000 ) ) ;
#1512 = DIRECTION ( 'NONE',  ( 1.538202699135283000E-016, 0.0000000000000000000, 1.000000000000000000 ) ) ;
#1513 = EDGE_CURVE ( 'NONE', #2108, #3342, #4370, .T. ) ;
#1514 = DIRECTION ( 'NONE',  ( -0.0000000000000000000, 0.0000000000000000000, -1.000000000000000000 ) ) ;
#1515 = CARTESIAN_POINT ( 'NONE',  ( 0.06244028921923863000, 0.2109334006014888200, 0.01286697791584984000 ) ) ;
#1516 = CARTESIAN_POINT ( 'NONE',  ( 0.08394028921923843400, 0.1225097155769567100, 0.05260273657344072300 ) ) ;
#1517 = PRODUCT_DEFINITION_FORMATION_WITH_SPECIFIED_SOURCE ( 'ANY', '', #2349, .NOT_KNOWN. ) ;
#1518 = B_SPLINE_CURVE_WITH_KNOTS ( 'NONE', 3,
 ( #5, #38, #4588, #4322, #4337, #4105 ),
 .UNSPECIFIED., .F., .F.,
 ( 4, 2, 4 ),
 ( 0.05633599896558624100, 0.05745036419883807500, 0.05856472943208990800 ),
 .UNSPECIFIED. ) ;
#1519 = ORIENTED_EDGE ( 'NONE', *, *, #1331, .F. ) ;
#1520 = DIRECTION ( 'NONE',  ( -1.000000000000000000, 0.0000000000000000000, 0.0000000000000000000 ) ) ;
#1521 = CARTESIAN_POINT ( 'NONE',  ( 0.1255095086008915800, 0.09617638224362305700, -0.08063302208415019900 ) ) ;
#1522 = CARTESIAN_POINT ( 'NONE',  ( 0.02158646014675897500, 0.1201763822436230000, -0.04463302208415009100 ) ) ;
#1523 = CARTESIAN_POINT ( 'NONE',  ( 0.1192947709642295100, 0.1204263822436234400, 0.05260273657344073000 ) ) ;
#1524 = DIRECTION ( 'NONE',  ( -0.0000000000000000000, 0.0000000000000000000, -1.000000000000000000 ) ) ;
#1525 = EDGE_CURVE ( 'NONE', #1532, #424, #984, .T. ) ;
#1526 = DIRECTION ( 'NONE',  ( 0.0000000000000000000, 0.0000000000000000000, 1.000000000000000000 ) ) ;
#1527 = CARTESIAN_POINT ( 'NONE',  ( 0.08394028921923851700, 0.09350971557695639300, -0.08063302208415015800 ) ) ;
#1528 = CARTESIAN_POINT ( 'NONE',  ( 0.006940289219238612200, 0.1885097155769567500, 0.01286697791584984900 ) ) ;
#1529 = PRESENTATION_STYLE_ASSIGNMENT (( #463 ) ) ;
#1530 = CARTESIAN_POINT ( 'NONE',  ( 0.06244028921923861600, 0.2163399128833401200, 0.01822073884121275200 ) ) ;
#1531 = CARTESIAN_POINT ( 'NONE',  ( 0.1369720118367250300, 0.1183430489102900700, 0.02198485724464529000 ) ) ;
#1532 = VERTEX_POINT ( 'NONE', #4603 ) ;
#1533 = EDGE_CURVE ( 'NONE', #4577, #3160, #337, .T. ) ;
#1534 = MECHANICAL_DESIGN_GEOMETRIC_PRESENTATION_REPRESENTATION (  '', ( #1602 ), #1502 ) ;
#1535 = FACE_OUTER_BOUND ( 'NONE', #1612, .T. ) ;
#1536 = ORIENTED_EDGE ( 'NONE', *, *, #971, .F. ) ;
#1537 =( LENGTH_UNIT ( ) NAMED_UNIT ( * ) SI_UNIT ( $, .METRE. ) );
#1538 = PRESENTATION_STYLE_ASSIGNMENT (( #1990 ) ) ;
#1539 = CARTESIAN_POINT ( 'NONE',  ( 0.04237106983758547100, 0.09084304891028975600, -0.08063302208415010200 ) ) ;
#1540 = EDGE_CURVE ( 'NONE', #1193, #2243, #1583, .T. ) ;
#1541 = CARTESIAN_POINT ( 'NONE',  ( 0.1909402892192384200, 0.1675097155769567100, -0.1636330220841501200 ) ) ;
#1542 =( NAMED_UNIT ( * ) SI_UNIT ( $, .STERADIAN. ) SOLID_ANGLE_UNIT ( ) );
#1543 = VECTOR ( 'NONE', #2337, 39.37007874015748100 ) ;
#1544 = PRESENTATION_STYLE_ASSIGNMENT (( #4878 ) ) ;
#1545 = UNCERTAINTY_MEASURE_WITH_UNIT (LENGTH_MEASURE( 1.000000000000000100E-005 ), #4583, 'distance_accuracy_value', 'NONE');
#1546 = CARTESIAN_POINT ( 'NONE',  ( 0.06244028921923863000, 0.2109334006014888200, 0.01286697791584984000 ) ) ;
#1547 = CARTESIAN_POINT ( 'NONE',  ( 0.1546492527092205000, 0.1162597155769567900, -0.008633022084150095500 ) ) ;
#1548 = EDGE_CURVE ( 'NONE', #2243, #3476, #1889, .T. ) ;
#1549 =( NAMED_UNIT ( * ) PLANE_ANGLE_UNIT ( ) SI_UNIT ( $, .RADIAN. ) );
#1550 = ORIENTED_EDGE ( 'NONE', *, *, #1029, .F. ) ;
#1551 = SURFACE_STYLE_USAGE ( .BOTH. , #1721 ) ;
#1552 = COLOUR_RGB ( '',0.9882352941176471000, 1.000000000000000000, 0.9882352941176471000 ) ;
#1553 = ORIENTED_EDGE ( 'NONE', *, *, #2061, .F. ) ;
#1554 = EDGE_CURVE ( 'NONE', #1532, #1762, #1704, .T. ) ;
#1555 = FILL_AREA_STYLE ('',( #1816 ) ) ;
#1556 = CARTESIAN_POINT ( 'NONE',  ( 0.02158646014675897500, 0.08817638224362307800, -0.04463302208415009100 ) ) ;
#1557 = ORIENTED_EDGE ( 'NONE', *, *, #1548, .T. ) ;
#1558 =( NAMED_UNIT ( * ) SI_UNIT ( $, .STERADIAN. ) SOLID_ANGLE_UNIT ( ) );
#1559 = CARTESIAN_POINT ( 'NONE',  ( 0.05706069464154622800, 0.2163660010782654500, 0.01286697791584984000 ) ) ;
#1560 = CARTESIAN_POINT ( 'NONE',  ( 0.08394028921923865600, -0.01849028442304336300, 0.06336697791584983100 ) ) ;
#1562 = VERTEX_POINT ( 'NONE', #3208 ) ;
#1561 =( CONVERSION_BASED_UNIT ( 'INCH', #3020 ) LENGTH_UNIT ( ) NAMED_UNIT ( #3689 ) );
#1563 = EDGE_LOOP ( 'NONE', ( #4339, #2000, #2014, #4396 ) ) ;
#1564 =( NAMED_UNIT ( * ) PLANE_ANGLE_UNIT ( ) SI_UNIT ( $, .RADIAN. ) );
#1565 = COLOUR_RGB ( '',0.9882352941176471000, 1.000000000000000000, 0.9882352941176471000 ) ;
#1566 = CARTESIAN_POINT ( 'NONE',  ( 0.06244028921923863000, 0.2221906870831985800, -0.04040772083611551800 ) ) ;
#1567 = PRESENTATION_LAYER_ASSIGNMENT (  '', '', ( #1602 ) ) ;
#1568 = CARTESIAN_POINT ( 'NONE',  ( 0.1369720118367250300, 0.1141763822436234200, -0.03925090141294559200 ) ) ;
#1569 =( LENGTH_UNIT ( ) NAMED_UNIT ( * ) SI_UNIT ( $, .METRE. ) );
#1570 = STYLED_ITEM ( 'NONE', ( #2644 ), #1271 ) ;
#1571 = CIRCLE ( 'NONE', #4750, 0.06899999999999999200 ) ;
#1572 = EDGE_CURVE ( 'NONE', #1762, #1346, #506, .T. ) ;
#1573 =( GEOMETRIC_REPRESENTATION_CONTEXT ( 3 ) GLOBAL_UNCERTAINTY_ASSIGNED_CONTEXT ( ( #2661 ) ) GLOBAL_UNIT_ASSIGNED_CONTEXT ( ( #1882, #1868, #1847 ) ) REPRESENTATION_CONTEXT ( 'NONE', 'WORKASPACE' ) );
#1574 = CARTESIAN_POINT ( 'NONE',  ( 0.0008018504559324932600, 0.08550971557695639900, -0.008633022084150081600 ) ) ;
#1575 = CARTESIAN_POINT ( 'NONE',  ( 0.01754500826243164000, 0.06450971557695650600, -0.008633022084149901200 ) ) ;
#1576 = CARTESIAN_POINT ( 'NONE',  ( 0.1921729169254374800, 0.1355097155769567600, -0.03235287833994754400 ) ) ;
#1577 = CARTESIAN_POINT ( 'NONE',  ( 0.02158646014675904400, 0.08284304891028976300, 0.02736697791584989700 ) ) ;
#1578 = SURFACE_STYLE_USAGE ( .BOTH. , #1585 ) ;
#1579 = EDGE_CURVE ( 'NONE', #4392, #2660, #159, .T. ) ;
#1580 = PRESENTATION_STYLE_ASSIGNMENT (( #1360 ) ) ;
#1581 = DIRECTION ( 'NONE',  ( -0.0000000000000000000, 1.000000000000000000, -0.0000000000000000000 ) ) ;
#1582 = CARTESIAN_POINT ( 'NONE',  ( 0.06244028921923865100, 0.2340002313945930300, -0.05000000822759669000 ) ) ;
#1583 = B_SPLINE_CURVE_WITH_KNOTS ( 'NONE', 3,
 ( #3575, #3614, #3525, #3516, #3508, #3490, #3485, #3481, #3464, #3445 ),
 .UNSPECIFIED., .F., .F.,
 ( 4, 2, 2, 2, 4 ),
 ( 0.0000000000000000000, 0.0004279358957860469600, 0.0008558717915720939200, 0.001283807687358141000, 0.001711743583144187800 ),
 .UNSPECIFIED. ) ;
#1584 = CARTESIAN_POINT ( 'NONE',  ( 0.1192947709642295100, 0.1120930489102901200, -0.06986878074174100700 ) ) ;
#1585 = SURFACE_SIDE_STYLE ('',( #1424 ) ) ;
#1586 = SURFACE_STYLE_FILL_AREA ( #1382 ) ;
#1587 = SURFACE_STYLE_FILL_AREA ( #2029 ) ;
#1588 = LINE ( 'NONE', #2759, #1543 ) ;
#1589 = AXIS2_PLACEMENT_3D ( 'NONE', #2472, #2063, #1526 ) ;
#1590 = DIRECTION ( 'NONE',  ( 1.000000000000000000, 2.449212707644754500E-016, 0.0000000000000000000 ) ) ;
#1591 = CARTESIAN_POINT ( 'NONE',  ( 0.04237106983758561600, 0.08017638224362309800, 0.06336697791584985900 ) ) ;
#1592 = CARTESIAN_POINT ( 'NONE',  ( 0.08394028921923849000, 0.1100097155769567800, -0.06986878074174100700 ) ) ;
#1593 =( CONVERSION_BASED_UNIT ( 'INCH', #2373 ) LENGTH_UNIT ( ) NAMED_UNIT ( #738 ) );
#1594 = EDGE_CURVE ( 'NONE', #420, #1996, #1145, .T. ) ;
#1595 = AXIS2_PLACEMENT_3D ( 'NONE', #4752, #4731, #4718 ) ;
#1596 = STYLED_ITEM ( 'NONE', ( #171 ), #816 ) ;
#1598 = LINE ( 'NONE', #1294, #1163 ) ;
#1597 = CARTESIAN_POINT ( 'NONE',  ( 0.04858580747424742100, 0.1079263822436234000, -0.06986878074174100700 ) ) ;
#1599 = ADVANCED_FACE ( 'NONE', ( #61 ), #3061, .T. ) ;
#1600 = FILL_AREA_STYLE ('',( #2348 ) ) ;
#1601 = EDGE_CURVE ( 'NONE', #1996, #1532, #3096, .T. ) ;
#1602 = STYLED_ITEM ( 'NONE', ( #1305 ), #3686 ) ;
#1603 = CARTESIAN_POINT ( 'NONE',  ( 0.05216559046727323900, 0.2221906870831985800, 0.01286697791584984400 ) ) ;
#1604 = CARTESIAN_POINT ( 'NONE',  ( 0.08394028921923865600, 0.07750971557695644800, 0.06336697791584983100 ) ) ;
#1605 = CARTESIAN_POINT ( 'NONE',  ( 0.1462941182917181200, 0.1948430489102895000, -0.04463302208415023000 ) ) ;
#1606 = EDGE_CURVE ( 'NONE', #2243, #4686, #4399, .T. ) ;
#1607 = CARTESIAN_POINT ( 'NONE',  ( 0.1634892061339346400, 0.2409888261569438100, -0.03013302208415016100 ) ) ;
#1608 =( LENGTH_UNIT ( ) NAMED_UNIT ( * ) SI_UNIT ( $, .METRE. ) );
#1609 = UNCERTAINTY_MEASURE_WITH_UNIT (LENGTH_MEASURE( 1.000000000000000100E-005 ), #3580, 'distance_accuracy_value', 'NONE');
#1610 = DIRECTION ( 'NONE',  ( 0.0000000000000000000, 0.0000000000000000000, -1.000000000000000000 ) ) ;
#1611 = DIRECTION ( 'NONE',  ( 2.793185071074506400E-014, 1.735412792162531800E-030, -1.000000000000000000 ) ) ;
#1612 = EDGE_LOOP ( 'NONE', ( #2889, #3047, #2613, #2823, #2883 ) ) ;
#1613 = PRESENTATION_STYLE_ASSIGNMENT (( #2148 ) ) ;
#1614 = CARTESIAN_POINT ( 'NONE',  ( 0.03791338134655293500, 0.2400152444576544300, 0.01286697791584984700 ) ) ;
#1615 = LENGTH_MEASURE_WITH_UNIT ( LENGTH_MEASURE( 0.02539999999999999900 ), #557 );
#1616 = CARTESIAN_POINT ( 'NONE',  ( 0.2187624236935493700, 0.2233697673216185600, -0.03013302208415016100 ) ) ;
#1617 = EDGE_LOOP ( 'NONE', ( #81 ) ) ;
#1618 = EDGE_CURVE ( 'NONE', #3571, #3710, #1682, .T. ) ;
#1619 = CARTESIAN_POINT ( 'NONE',  ( 0.04237106983758547100, 0.1228430489102896500, -0.08063302208415010200 ) ) ;
#1620 = CARTESIAN_POINT ( 'NONE',  ( 0.03090856660175189700, 0.1058430489102900700, -0.03925090141294557800 ) ) ;
#1621 = SURFACE_STYLE_USAGE ( .BOTH. , #1639 ) ;
#1622 = LINE ( 'NONE', #1256, #1675 ) ;
#1623 = FACE_OUTER_BOUND ( 'NONE', #1563, .T. ) ;
#1624 = MECHANICAL_DESIGN_GEOMETRIC_PRESENTATION_REPRESENTATION (  '', ( #2526 ), #1687 ) ;
#1625 = ORIENTED_EDGE ( 'NONE', *, *, #702, .T. ) ;
#1626 = DIRECTION ( 'NONE',  ( 0.0000000000000000000, -1.000000000000000000, 0.0000000000000000000 ) ) ;
#1627 = EDGE_CURVE ( 'NONE', #2256, #1739, #142, .T. ) ;
#1628 = CARTESIAN_POINT ( 'NONE',  ( 0.04257330307579207400, 0.2340002313945930300, 0.01286697791584984000 ) ) ;
#1629 = FACE_OUTER_BOUND ( 'NONE', #2192, .T. ) ;
#1630 = ORIENTED_EDGE ( 'NONE', *, *, #1813, .T. ) ;
#1631 = CARTESIAN_POINT ( 'NONE',  ( 0.01323132572925637800, 0.1037597155769567500, -0.008633022084150173600 ) ) ;
#1632 = VERTEX_POINT ( 'NONE', #2648 ) ;
#1633 = DIRECTION ( 'NONE',  ( 1.396592535537237600E-014, -0.8660254037844418200, -0.4999999999999943400 ) ) ;
#1634 = FACE_OUTER_BOUND ( 'NONE', #839, .T. ) ;
#1635 = EDGE_CURVE ( 'NONE', #1484, #4239, #2760, .T. ) ;
#1636 = CARTESIAN_POINT ( 'NONE',  ( 0.1255095086008915800, 0.1921763822436228200, -0.08063302208415019900 ) ) ;
#1637 = CARTESIAN_POINT ( 'NONE',  ( 0.03090856660175187900, 0.1016763822436234200, 0.02198485724464525900 ) ) ;
#1638 = COLOUR_RGB ( '',0.8000000000000000400, 0.8039215686274510100, 0.8000000000000000400 ) ;
#1639 = SURFACE_SIDE_STYLE ('',( #3552 ) ) ;
#1640 = CARTESIAN_POINT ( 'NONE',  ( 0.08394028921923843400, 0.03237278588872346400, -0.008633022084150142300 ) ) ;
#1641 = DIMENSIONAL_EXPONENTS ( 1.000000000000000000, 0.0000000000000000000, 0.0000000000000000000, 0.0000000000000000000, 0.0000000000000000000, 0.0000000000000000000, 0.0000000000000000000 ) ;
#1642 = CARTESIAN_POINT ( 'NONE',  ( -0.02305971078076154600, 0.1355097155769566800, 0.1463669779158498500 ) ) ;
#1643 = COLOUR_RGB ( '',0.8000000000000000400, 0.8039215686274510100, 0.8000000000000000400 ) ;
#1644 = CARTESIAN_POINT ( 'NONE',  ( 0.04880603537412576300, -0.06811234090028127400, 0.03688438345205295000 ) ) ;
#1645 = CARTESIAN_POINT ( 'NONE',  ( 0.1237774577933226500, 0.1371621409012139000, 0.06036697791584980800 ) ) ;
#1646 = FILL_AREA_STYLE ('',( #1965 ) ) ;
#1647 = CARTESIAN_POINT ( 'NONE',  ( 0.1609402892192387000, 0.1885097155769567500, -0.03013302208415016800 ) ) ;
#1648 = EDGE_CURVE ( 'NONE', #3460, #3571, #3628, .T. ) ;
#1649 = AXIS2_PLACEMENT_3D ( 'NONE', #3680, #3638, #3589 ) ;
#1650 = FILL_AREA_STYLE_COLOUR ( '', #4609 ) ;
#1651 = CARTESIAN_POINT ( 'NONE',  ( 0.1436960420803647400, 0.1350788075678805700, 0.02586697791584982600 ) ) ;
#1652 = EDGE_CURVE ( 'NONE', #2256, #2606, #4632, .T. ) ;
#1653 =( GEOMETRIC_REPRESENTATION_CONTEXT ( 3 ) GLOBAL_UNCERTAINTY_ASSIGNED_CONTEXT ( ( #3605 ) ) GLOBAL_UNIT_ASSIGNED_CONTEXT ( ( #4829, #4796, #4784 ) ) REPRESENTATION_CONTEXT ( 'NONE', 'WORKASPACE' ) );
#1654 = PRESENTATION_STYLE_ASSIGNMENT (( #4643 ) ) ;
#1655 = FILL_AREA_STYLE_COLOUR ( '', #1324 ) ;
#1656 = CARTESIAN_POINT ( 'NONE',  ( 0.1255095086008917400, 0.07484304891028975600, 0.06336697791584976200 ) ) ;
#1657 = CARTESIAN_POINT ( 'NONE',  ( 0.1636146263674068100, 0.1329954742345472200, -0.008633022084150095500 ) ) ;
#1658 = FILL_AREA_STYLE_COLOUR ( '', #151 ) ;
#1659 = DIRECTION ( 'NONE',  ( -7.691013495676421200E-017, 0.0000000000000000000, -1.000000000000000000 ) ) ;
#1660 = EDGE_CURVE ( 'NONE', #212, #101, #4408, .T. ) ;
#1661 = SURFACE_STYLE_FILL_AREA ( #2278 ) ;
#1663 = MECHANICAL_DESIGN_GEOMETRIC_PRESENTATION_REPRESENTATION (  '', ( #1758 ), #1653 ) ;
#1662 =( NAMED_UNIT ( * ) SI_UNIT ( $, .STERADIAN. ) SOLID_ANGLE_UNIT ( ) );
#1664 = DIRECTION ( 'NONE',  ( 1.000000000000000000, 0.0000000000000000000, -0.0000000000000000000 ) ) ;
#1665 = LENGTH_MEASURE_WITH_UNIT ( LENGTH_MEASURE( 0.02539999999999999900 ), #2643 );
#1666 = DIMENSIONAL_EXPONENTS ( 1.000000000000000000, 0.0000000000000000000, 0.0000000000000000000, 0.0000000000000000000, 0.0000000000000000000, 0.0000000000000000000, 0.0000000000000000000 ) ;
#1667 = FACE_OUTER_BOUND ( 'NONE', #2384, .T. ) ;
#1668 = UNCERTAINTY_MEASURE_WITH_UNIT (LENGTH_MEASURE( 1.000000000000000100E-005 ), #4324, 'distance_accuracy_value', 'NONE');
#1669 = CARTESIAN_POINT ( 'NONE',  ( 0.1909402892192384200, 0.1675097155769567100, 0.1463669779158498500 ) ) ;
#1670 = EDGE_CURVE ( 'NONE', #4239, #1725, #4716, .T. ) ;
#1671 = CARTESIAN_POINT ( 'NONE',  ( 0.1436960420803647400, 0.1309121409012139200, -0.04313302208415015900 ) ) ;
#1672 = DIRECTION ( 'NONE',  ( 0.0000000000000000000, 0.0000000000000000000, 1.000000000000000000 ) ) ;
#1673 = VERTEX_POINT ( 'NONE', #2541 ) ;
#1674 = CARTESIAN_POINT ( 'NONE',  ( 0.1462941182917182300, 0.07217638224362309100, 0.02736697791584973400 ) ) ;
#1675 = VECTOR ( 'NONE', #1581, 39.37007874015748100 ) ;
#1676 = FACE_OUTER_BOUND ( 'NONE', #485, .T. ) ;
#1677 = CARTESIAN_POINT ( 'NONE',  ( 0.1054402892192386600, 0.1885097155769567500, 0.06836697791584983600 ) ) ;
#1678 = PRESENTATION_STYLE_ASSIGNMENT (( #2286 ) ) ;
#1679 = CARTESIAN_POINT ( 'NONE',  ( 0.1237774577933226400, 0.1288288075678805900, -0.07763302208415014100 ) ) ;
#1680 = VECTOR ( 'NONE', #973, 39.37007874015748100 ) ;
#1681 =( NAMED_UNIT ( * ) PLANE_ANGLE_UNIT ( ) SI_UNIT ( $, .RADIAN. ) );
#1682 = LINE ( 'NONE', #2711, #4524 ) ;
#1683 = LINE ( 'NONE', #734, #3337 ) ;
#1684 = EDGE_CURVE ( 'NONE', #101, #1739, #4288, .T. ) ;
#1685 = CARTESIAN_POINT ( 'NONE',  ( 0.04237106983758561600, 0.1121763822436230200, 0.06336697791584985900 ) ) ;
#1686 = CARTESIAN_POINT ( 'NONE',  ( 0.08394028921923849000, 0.1267454742345472700, -0.07763302208415014100 ) ) ;
#1687 =( GEOMETRIC_REPRESENTATION_CONTEXT ( 3 ) GLOBAL_UNCERTAINTY_ASSIGNED_CONTEXT ( ( #1107 ) ) GLOBAL_UNIT_ASSIGNED_CONTEXT ( ( #3709, #3729, #3744 ) ) REPRESENTATION_CONTEXT ( 'NONE', 'WORKASPACE' ) );
#1688 =( NAMED_UNIT ( * ) SI_UNIT ( $, .STERADIAN. ) SOLID_ANGLE_UNIT ( ) );
#1689 = ORIENTED_EDGE ( 'NONE', *, *, #1099, .F. ) ;
#1690 = LINE ( 'NONE', #1446, #1770 ) ;
#1691 =( NAMED_UNIT ( * ) SI_UNIT ( $, .STERADIAN. ) SOLID_ANGLE_UNIT ( ) );
#1692 = EDGE_CURVE ( 'NONE', #212, #2256, #520, .T. ) ;
#1693 =( NAMED_UNIT ( * ) PLANE_ANGLE_UNIT ( ) SI_UNIT ( $, .RADIAN. ) );
#1694 = MECHANICAL_DESIGN_GEOMETRIC_PRESENTATION_REPRESENTATION (  '', ( #4487 ), #4456 ) ;
#1695 = CARTESIAN_POINT ( 'NONE',  ( 0.04410312064515428700, 0.1246621409012140100, -0.07763302208415014100 ) ) ;
#1696 = DIRECTION ( 'NONE',  ( 1.000000000000000000, 0.0000000000000000000, -7.691013495676421200E-017 ) ) ;
#1697 =( CONVERSION_BASED_UNIT ( 'INCH', #4277 ) LENGTH_UNIT ( ) NAMED_UNIT ( #4275 ) );
#1698 = UNCERTAINTY_MEASURE_WITH_UNIT (LENGTH_MEASURE( 1.000000000000000100E-005 ), #2540, 'distance_accuracy_value', 'NONE');
#1699 =( CONVERSION_BASED_UNIT ( 'INCH', #1953 ) LENGTH_UNIT ( ) NAMED_UNIT ( #3004 ) );
#1700 = EDGE_CURVE ( 'NONE', #2117, #3476, #4887, .T. ) ;
#1701 = LINE ( 'NONE', #1640, #1764 ) ;
#1702 = FILL_AREA_STYLE_COLOUR ( '', #2854 ) ;
#1703 = CARTESIAN_POINT ( 'NONE',  ( 0.08394028921923851700, 0.1895097155769562000, -0.08063302208415015800 ) ) ;
#1704 = B_SPLINE_CURVE_WITH_KNOTS ( 'NONE', 3,
 ( #3387, #1130, #3369, #3359, #3354, #3341, #3330, #3327, #3311, #3293, #3288, #3278, #3269, #3260, #3255, #3244, #3237, #3228 ),
 .UNSPECIFIED., .F., .F.,
 ( 4, 2, 2, 2, 2, 2, 2, 2, 4 ),
 ( 0.0000000000000000000, 0.0004437330412398080400, 0.0008874660824796160800, 0.001331199123719424200, 0.001774932164959231700, 0.002218665206199039100, 0.002662398247438847000, 0.003106131288678655500, 0.003549864329918463400 ),
 .UNSPECIFIED. ) ;
#1705 = CARTESIAN_POINT ( 'NONE',  ( 0.02418453635811220600, 0.1225788075678806300, -0.04313302208415014500 ) ) ;
#1706 = COLOUR_RGB ( '',0.9882352941176471000, 1.000000000000000000, 0.9882352941176471000 ) ;
#1707 = FACE_OUTER_BOUND ( 'NONE', #387, .T. ) ;
#1708 =( LENGTH_UNIT ( ) NAMED_UNIT ( * ) SI_UNIT ( $, .METRE. ) );
#1709 = ORIENTED_EDGE ( 'NONE', *, *, #2210, .T. ) ;
#1710 =( NAMED_UNIT ( * ) PLANE_ANGLE_UNIT ( ) SI_UNIT ( $, .RADIAN. ) );
#1711 = CARTESIAN_POINT ( 'NONE',  ( 0.1670787279825446900, 0.06950971557695644100, -0.008633022084150246400 ) ) ;
#1712 = SURFACE_STYLE_USAGE ( .BOTH. , #1726 ) ;
#1713 = CARTESIAN_POINT ( 'NONE',  ( 0.004265952071070120200, 0.1204954742345472800, -0.008633022084150173600 ) ) ;
#1714 = DIRECTION ( 'NONE',  ( 2.449212707644754500E-016, -1.000000000000000000, -0.0000000000000000000 ) ) ;
#1715 = VECTOR ( 'NONE', #4268, 39.37007874015748100 ) ;
#1716 = EDGE_LOOP ( 'NONE', ( #4204, #1877, #2318, #2453 ) ) ;
#1717 =( LENGTH_UNIT ( ) NAMED_UNIT ( * ) SI_UNIT ( $, .METRE. ) );
#1718 = CARTESIAN_POINT ( 'NONE',  ( 0.08394028921923865600, 0.1845097155769562200, 0.04886697791584983900 ) ) ;
#1719 = PRESENTATION_STYLE_ASSIGNMENT (( #2706 ) ) ;
#1720 = ORIENTED_EDGE ( 'NONE', *, *, #2201, .F. ) ;
#1721 = SURFACE_SIDE_STYLE ('',( #203 ) ) ;
#1722 = PRESENTATION_LAYER_ASSIGNMENT (  '', '', ( #1596 ) ) ;
#1723 = SURFACE_STYLE_USAGE ( .BOTH. , #4775 ) ;
#1724 = CARTESIAN_POINT ( 'NONE',  ( 0.02418453635811217100, 0.1184121409012139200, 0.02586697791584982600 ) ) ;
#1725 = VERTEX_POINT ( 'NONE', #2400 ) ;
#1726 = SURFACE_SIDE_STYLE ('',( #2004 ) ) ;
#1727 = PRESENTATION_LAYER_ASSIGNMENT (  '', '', ( #1758 ) ) ;
#1728 = VECTOR ( 'NONE', #2068, 39.37007874015748100 ) ;
#1729 =( CONVERSION_BASED_UNIT ( 'INCH', #881 ) LENGTH_UNIT ( ) NAMED_UNIT ( #3444 ) );
#1730 = CARTESIAN_POINT ( 'NONE',  ( 0.1462941182917181200, 0.06684304891028977600, -0.04463302208415023000 ) ) ;
#1731 = STYLED_ITEM ( 'NONE', ( #273 ), #515 ) ;
#1732 = FILL_AREA_STYLE ('',( #1747 ) ) ;
#1733 = VERTEX_POINT ( 'NONE', #2045 ) ;
#1734 = CARTESIAN_POINT ( 'NONE',  ( 0.1171379296976423800, 0.05384304891028984100, 0.04886697791584967300 ) ) ;
#1735 = DIRECTION ( 'NONE',  ( 1.000000000000000000, 0.0000000000000000000, -0.0000000000000000000 ) ) ;
#1736 = EDGE_CURVE ( 'NONE', #376, #1484, #4637, .T. ) ;
#1737 = AXIS2_PLACEMENT_3D ( 'NONE', #1062, #31, #16 ) ;
#1738 =( BOUNDED_CURVE ( )  B_SPLINE_CURVE ( 2, ( #124, #986, #76, #69, #63, #54, #50, #119, #36, #22, #15, #3, #3564, #3473, #895, #3409, #3350, #3419, #3375, #3303, #3389, #3221, #2795, #3110, #2730, #2788, #2771, #2459, #2562, #2360, #2391, #2142, #2352, #2238, #2215, #2282, #2174, #2314, #2074, #2013, #2120, #2095, #2005, #1988, #1944, #1773, #1828, #1734, #1797, #1768, #1742, #1575, #1399, #1299, #4139, #1293, #1260, #1220, #1007, #1058, #460, #1039, #1027, #795, #770, #641, #638, #572, #421, #301, #197, #225, #188, #73, #45, #4929, #4918, #4908, #4890, #4884, #924, #4879, #4871, #4864, #680, #4853, #4847, #4840, #4837, #4831, #4827, #4825, #4819, #4813, #4811, #4800, #4793 ),
 .UNSPECIFIED., .F., .F. ) 
 B_SPLINE_CURVE_WITH_KNOTS ( ( 3, 2, 2, 2, 2, 2, 2, 2, 2, 2, 2, 2, 2, 2, 2, 2, 2, 2, 2, 2, 2, 2, 2, 2, 2, 2, 2, 2, 2, 2, 2, 2, 2, 2, 2, 2, 2, 2, 2, 2, 2, 2, 2, 2, 2, 2, 2, 2, 3 ),
 ( 0.01157386940474815200, 0.01851851851851851700, 0.03703703703703703500, 0.05555555555555555200, 0.07407407407407407000, 0.09259259259259258700, 0.1111111111111111000, 0.1296296296296296200, 0.1481481481481481400, 0.1666666666666666300, 0.1851851851851851700, 0.2037037037037036600, 0.2222222222222222100, 0.2407407407407407600, 0.2592592592592592400, 0.2777777777777777900, 0.2962962962962962800, 0.3148148148148148300, 0.3333333333333333100, 0.3518518518518518600, 0.3703703703703703500, 0.3888888888888889000, 0.4074074074074073800, 0.4259259259259259300, 0.4444444444444444200, 0.4629629629629629700, 0.4814814814814814500, 0.5000000000000000000, 0.5185185185185184900, 0.5370370370370370900, 0.5555555555555555800, 0.5740740740740740700, 0.5925925925925925600, 0.6111111111111111600, 0.6296296296296296500, 0.6481481481481481400, 0.6666666666666666300, 0.6851851851851852300, 0.7037037037037037200, 0.7222222222222222100, 0.7407407407407407000, 0.7592592592592593000, 0.7777777777777777900, 0.7962962962962962800, 0.8148148148148147700, 0.8333333333333333700, 0.8518518518518518600, 0.8703703703703703500, 0.8785486971862973600 ),
 .UNSPECIFIED. ) 
 CURVE ( )  GEOMETRIC_REPRESENTATION_ITEM ( )  RATIONAL_B_SPLINE_CURVE ( ( 0.9371986677034476200, 0.9497580457126884000, 1.000000000000000000, 0.8660254037844387100, 1.000000000000000000, 0.8660254037844387100, 1.000000000000000000, 0.8660254037844387100, 1.000000000000000000, 0.8660254037844387100, 1.000000000000000000, 0.8660254037844387100, 1.000000000000000000, 0.8660254037844387100, 1.000000000000000000, 0.8660254037844387100, 1.000000000000000000, 0.8660254037844387100, 1.000000000000000000, 0.8660254037844387100, 1.000000000000000000, 0.8660254037844387100, 1.000000000000000000, 0.8660254037844387100, 1.000000000000000000, 0.8660254037844387100, 1.000000000000000000, 0.8660254037844387100, 1.000000000000000000, 0.8660254037844387100, 1.000000000000000000, 0.8660254037844387100, 1.000000000000000000, 0.8660254037844387100, 1.000000000000000000, 0.8660254037844387100, 1.000000000000000000, 0.8660254037844387100, 1.000000000000000000, 0.8660254037844387100, 1.000000000000000000, 0.8660254037844387100, 1.000000000000000000, 0.8660254037844387100, 1.000000000000000000, 0.8660254037844387100, 1.000000000000000000, 0.8660254037844387100, 1.000000000000000000, 0.8660254037844387100, 1.000000000000000000, 0.8660254037844387100, 1.000000000000000000, 0.8660254037844387100, 1.000000000000000000, 0.8660254037844387100, 1.000000000000000000, 0.8660254037844387100, 1.000000000000000000, 0.8660254037844387100, 1.000000000000000000, 0.8660254037844387100, 1.000000000000000000, 0.8660254037844387100, 1.000000000000000000, 0.8660254037844387100, 1.000000000000000000, 0.8660254037844387100, 1.000000000000000000, 0.8660254037844387100, 1.000000000000000000, 0.8660254037844387100, 1.000000000000000000, 0.8660254037844387100, 1.000000000000000000, 0.8660254037844387100, 1.000000000000000000, 0.8660254037844387100, 1.000000000000000000, 0.8660254037844387100, 1.000000000000000000, 0.8660254037844387100, 1.000000000000000000, 0.8660254037844387100, 1.000000000000000000, 0.8660254037844387100, 1.000000000000000000, 0.8660254037844387100, 1.000000000000000000, 0.8660254037844387100, 1.000000000000000000, 0.8660254037844387100, 1.000000000000000000, 0.8660254037844387100, 1.000000000000000000, 0.9408328462243331600, 0.9339256310459926900 ) ) 
 REPRESENTATION_ITEM ( '' )  );
#1739 = VERTEX_POINT ( 'NONE', #2052 ) ;
#1740 = DIRECTION ( 'NONE',  ( 1.000000000000000000, 0.0000000000000000000, 0.0000000000000000000 ) ) ;
#1741 = ORIENTED_EDGE ( 'NONE', *, *, #1086, .F. ) ;
#1742 = CARTESIAN_POINT ( 'NONE',  ( 0.03414382850163346500, 0.06184304891028981300, 0.02011697791584999800 ) ) ;
#1743 = FACE_OUTER_BOUND ( 'NONE', #3893, .T. ) ;
#1744 = VECTOR ( 'NONE', #210, 39.37007874015748100 ) ;
#1745 = CARTESIAN_POINT ( 'NONE',  ( 0.08394028921923858700, 0.1815097155769568000, -0.008633022084150159700 ) ) ;
#1746 =( LENGTH_UNIT ( ) NAMED_UNIT ( * ) SI_UNIT ( $, .METRE. ) );
#1747 = FILL_AREA_STYLE_COLOUR ( '', #2018 ) ;
#1748 = LINE ( 'NONE', #179, #4799 ) ;
#1749 = CARTESIAN_POINT ( 'NONE',  ( -0.02305971078076152900, 0.1355097155769566800, 0.01973596597344189100 ) ) ;
#1750 = ADVANCED_FACE ( 'NONE', ( #202 ), #258, .F. ) ;
#1751 = ADVANCED_FACE ( 'NONE', ( #4063 ), #4134, .F. ) ;
#1752 = CIRCLE ( 'NONE', #3831, 0.05753724721447420900 ) ;
#1753 = ORIENTED_EDGE ( 'NONE', *, *, #1958, .T. ) ;
#1754 = DIMENSIONAL_EXPONENTS ( 1.000000000000000000, 0.0000000000000000000, 0.0000000000000000000, 0.0000000000000000000, 0.0000000000000000000, 0.0000000000000000000, 0.0000000000000000000 ) ;
#1755 = AXIS2_PLACEMENT_3D ( 'NONE', #666, #651, #616 ) ;
#1756 = EDGE_CURVE ( 'NONE', #101, #4342, #639, .T. ) ;
#1757 = ORIENTED_EDGE ( 'NONE', *, *, #1290, .F. ) ;
#1758 = STYLED_ITEM ( 'NONE', ( #1544 ), #3655 ) ;
#1759 = CARTESIAN_POINT ( 'NONE',  ( 0.04237106983758547100, 0.1868430489102894900, -0.08063302208415010200 ) ) ;
#1760 = CARTESIAN_POINT ( 'NONE',  ( 0.04410312064515426600, 0.1163288075678806200, 0.06036697791584985000 ) ) ;
#1761 = DIRECTION ( 'NONE',  ( 1.000000000000000000, 3.616715878279678200E-016, 0.0000000000000000000 ) ) ;
#1762 = VERTEX_POINT ( 'NONE', #1186 ) ;
#1763 = SURFACE_STYLE_USAGE ( .BOTH. , #1779 ) ;
#1764 = VECTOR ( 'NONE', #1633, 39.37007874015748100 ) ;
#1765 = EDGE_CURVE ( 'NONE', #1155, #212, #1497, .T. ) ;
#1766 = DIRECTION ( 'NONE',  ( 2.449212707644754500E-016, -1.000000000000000000, -0.0000000000000000000 ) ) ;
#1767 =( GEOMETRIC_REPRESENTATION_CONTEXT ( 3 ) GLOBAL_UNCERTAINTY_ASSIGNED_CONTEXT ( ( #4334 ) ) GLOBAL_UNIT_ASSIGNED_CONTEXT ( ( #1893, #1395, #1434 ) ) REPRESENTATION_CONTEXT ( 'NONE', 'WORKASPACE' ) );
#1768 = CARTESIAN_POINT ( 'NONE',  ( 0.05074264874083526200, 0.05917638224362315600, 0.04886697791584993000 ) ) ;
#1769 = CARTESIAN_POINT ( 'NONE',  ( -0.02496296423762548200, 0.1353958788230757700, 0.01037570843127406200 ) ) ;
#1770 = VECTOR ( 'NONE', #1611, 39.37007874015748100 ) ;
#1771 = CARTESIAN_POINT ( 'NONE',  ( 0.08394028921923858700, 0.1815097155769567500, -0.008633022084150159700 ) ) ;
#1772 = EDGE_LOOP ( 'NONE', ( #4025 ) ) ;
#1773 = CARTESIAN_POINT ( 'NONE',  ( 0.1503355701760455400, 0.04850971557695651200, -0.008633022084150409500 ) ) ;
#1774 = EDGE_CURVE ( 'NONE', #376, #1112, #1380, .T. ) ;
#1775 = ADVANCED_FACE ( 'NONE', ( #4068 ), #1202, .T. ) ;
#1776 = CARTESIAN_POINT ( 'NONE',  ( 0.08394028921923843400, 0.1142454742345472700, 0.06036697791584985700 ) ) ;
#1777 = ADVANCED_FACE ( 'NONE', ( #3693 ), #3398, .F. ) ;
#1778 = LINE ( 'NONE', #1170, #976 ) ;
#1779 = SURFACE_SIDE_STYLE ('',( #2761 ) ) ;
#1780 = CARTESIAN_POINT ( 'NONE',  ( 0.1255095086008915800, 0.06417638224362311200, -0.08063302208415019900 ) ) ;
#1781 = VERTEX_POINT ( 'NONE', #831 ) ;
#1782 = CARTESIAN_POINT ( 'NONE',  ( 0.1237774577933226500, 0.1121621409012139600, 0.06036697791584980800 ) ) ;
#1783 = DIRECTION ( 'NONE',  ( 0.0000000000000000000, 0.0000000000000000000, 1.000000000000000000 ) ) ;
#1784 = FACE_OUTER_BOUND ( 'NONE', #2539, .T. ) ;
#1785 = EDGE_CURVE ( 'NONE', #1155, #3619, #4078, .T. ) ;
#1786 = PLANE ( 'NONE',  #2157 ) ;
#1788 = LINE ( 'NONE', #2835, #1728 ) ;
#1787 = CARTESIAN_POINT ( 'NONE',  ( 0.1436960420803647400, 0.1100788075678806300, 0.02586697791584982600 ) ) ;
#1789 = CARTESIAN_POINT ( 'NONE',  ( 0.2193188213192139300, 0.2165097155769567800, -0.03013302208415016100 ) ) ;
#1790 = ORIENTED_EDGE ( 'NONE', *, *, #836, .T. ) ;
#1791 = CARTESIAN_POINT ( 'NONE',  ( 0.1636146263674068100, 0.1079954742345473200, -0.008633022084150095500 ) ) ;
#1792 = EDGE_CURVE ( 'NONE', #957, #1155, #3450, .T. ) ;
#1793 = MECHANICAL_DESIGN_GEOMETRIC_PRESENTATION_REPRESENTATION (  '', ( #1859 ), #1767 ) ;
#1794 = FILL_AREA_STYLE ('',( #2077 ) ) ;
#1795 = CARTESIAN_POINT ( 'NONE',  ( 0.08394028921923851700, 0.06150971557695646800, -0.08063302208415015800 ) ) ;
#1796 = CARTESIAN_POINT ( 'NONE',  ( 0.02158646014675904400, 0.1148430489102896800, 0.02736697791584989700 ) ) ;
#1797 = CARTESIAN_POINT ( 'NONE',  ( 0.08394028921923871200, 0.05650971557695649800, 0.04886697791584983900 ) ) ;
#1798 = CARTESIAN_POINT ( 'NONE',  ( -0.02429233848696254300, 0.1355097155769567400, 0.01508683417163982400 ) ) ;
#1799 = EDGE_LOOP ( 'NONE', ( #4901, #626, #2177, #4513 ) ) ;
#1800 = CARTESIAN_POINT ( 'NONE',  ( 0.1054402892192386500, 0.1885097155769567500, -0.08563302208415014800 ) ) ;
#1801 = EDGE_CURVE ( 'NONE', #2254, #1112, #3944, .T. ) ;
#1802 = ORIENTED_EDGE ( 'NONE', *, *, #1525, .T. ) ;
#1803 = DIMENSIONAL_EXPONENTS ( 1.000000000000000000, 0.0000000000000000000, 0.0000000000000000000, 0.0000000000000000000, 0.0000000000000000000, 0.0000000000000000000, 0.0000000000000000000 ) ;
#1804 = SURFACE_SIDE_STYLE ('',( #4217 ) ) ;
#1805 = FILL_AREA_STYLE_COLOUR ( '', #495 ) ;
#1806 = CARTESIAN_POINT ( 'NONE',  ( 0.1436960420803647400, 0.1059121409012139800, -0.04313302208415015900 ) ) ;
#1807 = VECTOR ( 'NONE', #226, 39.37007874015748100 ) ;
#1808 = ORIENTED_EDGE ( 'NONE', *, *, #1216, .T. ) ;
#1809 = VECTOR ( 'NONE', #4768, 39.37007874015748100 ) ;
#1810 = VERTEX_POINT ( 'NONE', #673 ) ;
#1811 = CARTESIAN_POINT ( 'NONE',  ( 0.02158646014675897500, 0.1841763822436228400, -0.04463302208415009100 ) ) ;
#1812 = CARTESIAN_POINT ( 'NONE',  ( 0.1237774577933226400, 0.1038288075678806500, -0.07763302208415014100 ) ) ;
#1813 = EDGE_CURVE ( 'NONE', #2733, #2733, #1571, .T. ) ;
#1814 = EDGE_LOOP ( 'NONE', ( #4241, #4575, #4808, #3417 ) ) ;
#1815 = PRESENTATION_STYLE_ASSIGNMENT (( #4007 ) ) ;
#1816 = FILL_AREA_STYLE_COLOUR ( '', #1508 ) ;
#1817 = CARTESIAN_POINT ( 'NONE',  ( 0.04237106983758547100, 0.05884304891028980400, -0.08063302208415010200 ) ) ;
#1818 = CARTESIAN_POINT ( 'NONE',  ( 0.08394028921923849000, 0.1017454742345473400, -0.07763302208415014100 ) ) ;
#1819 = CARTESIAN_POINT ( 'NONE',  ( -0.03805971078076162600, 0.1205097155769567100, 0.1463669779158498500 ) ) ;
#1820 = ORIENTED_EDGE ( 'NONE', *, *, #1313, .T. ) ;
#1821 = EDGE_CURVE ( 'NONE', #957, #2254, #813, .T. ) ;
#1822 = PRESENTATION_LAYER_ASSIGNMENT (  '', '', ( #2631 ) ) ;
#1823 = CARTESIAN_POINT ( 'NONE',  ( -0.02305971078076152900, 0.1355097155769566800, 0.01973596597344189100 ) ) ;
#1824 = ORIENTED_EDGE ( 'NONE', *, *, #1156, .T. ) ;
#1825 = CARTESIAN_POINT ( 'NONE',  ( 0.04410312064515428700, 0.09966214090121401600, -0.07763302208415014100 ) ) ;
#1826 = EDGE_CURVE ( 'NONE', #3889, #957, #1683, .T. ) ;
#1827 = MECHANICAL_DESIGN_GEOMETRIC_PRESENTATION_REPRESENTATION (  '', ( #4846 ), #769 ) ;
#1828 = CARTESIAN_POINT ( 'NONE',  ( 0.1337367499368439200, 0.05117638224362318400, 0.02011697791584962300 ) ) ;
#1829 = CARTESIAN_POINT ( 'NONE',  ( 0.1345749948660209800, 0.2460724400868460300, 0.01286697791584984000 ) ) ;
#1830 = CARTESIAN_POINT ( 'NONE',  ( 0.2439402892192384400, -0.07549028442304323000, 0.1463669779158498500 ) ) ;
#1831 = CARTESIAN_POINT ( 'NONE',  ( 0.02158646014675897500, 0.05617638224362315300, -0.04463302208415009100 ) ) ;
#1832 = CARTESIAN_POINT ( 'NONE',  ( 0.0008018504559324932600, 0.1815097155769562500, -0.008633022084150081600 ) ) ;
#1833 = CARTESIAN_POINT ( 'NONE',  ( 0.1255095086008915800, 0.03217638224362318100, -0.08063302208415019900 ) ) ;
#1834 = PRESENTATION_LAYER_ASSIGNMENT (  '', '', ( #1859 ) ) ;
#1835 = CARTESIAN_POINT ( 'NONE',  ( 0.02418453635811220600, 0.09757880756788062100, -0.04313302208415014500 ) ) ;
#1836 = ORIENTED_EDGE ( 'NONE', *, *, #652, .T. ) ;
#1837 =( NAMED_UNIT ( * ) SI_UNIT ( $, .STERADIAN. ) SOLID_ANGLE_UNIT ( ) );
#1838 = PLANE ( 'NONE',  #40 ) ;
#1839 = DIRECTION ( 'NONE',  ( 1.000000000000000000, 0.0000000000000000000, -0.0000000000000000000 ) ) ;
#1840 = VECTOR ( 'NONE', #4162, 39.37007874015748100 ) ;
#1841 = CARTESIAN_POINT ( 'NONE',  ( 0.004265952071070120200, 0.09549547423454728100, -0.008633022084150173600 ) ) ;
#1842 = EDGE_CURVE ( 'NONE', #1562, #2254, #2257, .T. ) ;
#1843 = ORIENTED_EDGE ( 'NONE', *, *, #1245, .F. ) ;
#1844 = CARTESIAN_POINT ( 'NONE',  ( 0.02418453635811217100, 0.09341214090121398300, 0.02586697791584982600 ) ) ;
#1845 = CARTESIAN_POINT ( 'NONE',  ( 0.0008018504559324932600, 0.05350971557695648200, -0.008633022084150081600 ) ) ;
#1846 = CARTESIAN_POINT ( 'NONE',  ( 0.04410312064515426600, 0.09132880756788071300, 0.06036697791584985000 ) ) ;
#1847 =( NAMED_UNIT ( * ) SI_UNIT ( $, .STERADIAN. ) SOLID_ANGLE_UNIT ( ) );
#1848 =( GEOMETRIC_REPRESENTATION_CONTEXT ( 3 ) GLOBAL_UNCERTAINTY_ASSIGNED_CONTEXT ( ( #1358 ) ) GLOBAL_UNIT_ASSIGNED_CONTEXT ( ( #1349, #1344, #1340 ) ) REPRESENTATION_CONTEXT ( 'NONE', 'WORKASPACE' ) );
#1849 = ORIENTED_EDGE ( 'NONE', *, *, #2516, .F. ) ;
#1850 = EDGE_CURVE ( 'NONE', #3889, #1562, #3347, .T. ) ;
#1851 = CARTESIAN_POINT ( 'NONE',  ( 0.1337367499368438700, 0.06117638224362309500, 0.02011697791584974800 ) ) ;
#1852 = DIRECTION ( 'NONE',  ( 0.0000000000000000000, 0.0000000000000000000, 1.000000000000000000 ) ) ;
#1853 = AXIS2_PLACEMENT_3D ( 'NONE', #93, #84, #75 ) ;
#1854 = AXIS2_PLACEMENT_3D ( 'NONE', #856, #814, #835 ) ;
#1855 = ADVANCED_FACE ( 'NONE', ( #2055 ), #475, .F. ) ;
#1856 = ORIENTED_EDGE ( 'NONE', *, *, #2097, .T. ) ;
#1857 = EDGE_CURVE ( 'NONE', #602, #3889, #4635, .T. ) ;
#1858 = ORIENTED_EDGE ( 'NONE', *, *, #2460, .T. ) ;
#1859 = STYLED_ITEM ( 'NONE', ( #1613 ), #3632 ) ;
#1860 = ORIENTED_EDGE ( 'NONE', *, *, #2559, .F. ) ;
#1861 = PLANE ( 'NONE',  #3809 ) ;
#1862 = CARTESIAN_POINT ( 'NONE',  ( 0.02158646014675904400, 0.05084304891028980400, 0.02736697791584989700 ) ) ;
#1863 = CARTESIAN_POINT ( 'NONE',  ( 0.02158646014675904400, 0.1788430489102895400, 0.02736697791584989700 ) ) ;
#1864 = CARTESIAN_POINT ( 'NONE',  ( 0.08394028921923851700, 0.02950971557695654000, -0.08063302208415015800 ) ) ;
#1865 = LINE ( 'NONE', #3523, #569 ) ;
#1866 =( NAMED_UNIT ( * ) SI_UNIT ( $, .STERADIAN. ) SOLID_ANGLE_UNIT ( ) );
#1867 = ORIENTED_EDGE ( 'NONE', *, *, #1594, .F. ) ;
#1868 =( NAMED_UNIT ( * ) PLANE_ANGLE_UNIT ( ) SI_UNIT ( $, .RADIAN. ) );
#1869 = EDGE_CURVE ( 'NONE', #1781, #1562, #3334, .T. ) ;
#1870 = ORIENTED_EDGE ( 'NONE', *, *, #1185, .T. ) ;
#1871 = VECTOR ( 'NONE', #451, 39.37007874015748100 ) ;
#1872 = CARTESIAN_POINT ( 'NONE',  ( 0.1054402892192386600, 0.2460724400868460300, 0.04200168356263221700 ) ) ;
#1873 = CARTESIAN_POINT ( 'NONE',  ( -0.02305971078076154600, 0.1675097155769567100, 0.1463669779158498500 ) ) ;
#1874 =( NAMED_UNIT ( * ) PLANE_ANGLE_UNIT ( ) SI_UNIT ( $, .RADIAN. ) );
#1875 = STYLED_ITEM ( 'NONE', ( #3896 ), #4707 ) ;
#1876 = LINE ( 'NONE', #299, #1807 ) ;
#1877 = ORIENTED_EDGE ( 'NONE', *, *, #766, .T. ) ;
#1878 =( NAMED_UNIT ( * ) SI_UNIT ( $, .STERADIAN. ) SOLID_ANGLE_UNIT ( ) );
#1879 = DIRECTION ( 'NONE',  ( 1.000000000000000000, -0.0000000000000000000, -0.0000000000000000000 ) ) ;
#1880 = CARTESIAN_POINT ( 'NONE',  ( 0.04237106983758561600, 0.04817638224362316700, 0.06336697791584985900 ) ) ;
#1881 =( CONVERSION_BASED_UNIT ( 'INCH', #1009 ) LENGTH_UNIT ( ) NAMED_UNIT ( #1060 ) );
#1882 =( CONVERSION_BASED_UNIT ( 'INCH', #3210 ) LENGTH_UNIT ( ) NAMED_UNIT ( #2715 ) );
#1883 = EDGE_CURVE ( 'NONE', #602, #1945, #583, .T. ) ;
#1884 = VERTEX_POINT ( 'NONE', #230 ) ;
#1885 = FILL_AREA_STYLE_COLOUR ( '', #3601 ) ;
#1886 =( LENGTH_UNIT ( ) NAMED_UNIT ( * ) SI_UNIT ( $, .METRE. ) );
#1887 = EDGE_CURVE ( 'NONE', #1884, #427, #41, .T. ) ;
#1888 = LINE ( 'NONE', #4747, #2022 ) ;
#1889 = B_SPLINE_CURVE_WITH_KNOTS ( 'NONE', 3,
 ( #2970, #3542, #3416, #3401 ),
 .UNSPECIFIED., .F., .F.,
 ( 4, 4 ),
 ( 3.252606517456513300E-019, 6.881945475578852000E-005 ),
 .UNSPECIFIED. ) ;
#1890 = EDGE_LOOP ( 'NONE', ( #3554, #3805, #1501, #2502 ) ) ;
#1891 = LENGTH_MEASURE_WITH_UNIT ( LENGTH_MEASURE( 0.02539999999999999900 ), #4869 );
#1892 = PLANE ( 'NONE',  #4033 ) ;
#1893 =( CONVERSION_BASED_UNIT ( 'INCH', #4279 ) LENGTH_UNIT ( ) NAMED_UNIT ( #4209 ) );
#1894 = EDGE_CURVE ( 'NONE', #1781, #1725, #885, .T. ) ;
#1895 = SURFACE_STYLE_USAGE ( .BOTH. , #1903 ) ;
#1896 = DIRECTION ( 'NONE',  ( 1.000000000000000000, 0.0000000000000000000, 0.0000000000000000000 ) ) ;
#1897 =( NAMED_UNIT ( * ) SI_UNIT ( $, .STERADIAN. ) SOLID_ANGLE_UNIT ( ) );
#1898 = CARTESIAN_POINT ( 'NONE',  ( 0.08394028921923865600, 0.04550971557695648900, 0.06336697791584983100 ) ) ;
#1899 = EDGE_LOOP ( 'NONE', ( #2493 ) ) ;
#1900 = DIMENSIONAL_EXPONENTS ( 1.000000000000000000, 0.0000000000000000000, 0.0000000000000000000, 0.0000000000000000000, 0.0000000000000000000, 0.0000000000000000000, 0.0000000000000000000 ) ;
#1901 = DIRECTION ( 'NONE',  ( 0.0000000000000000000, 0.0000000000000000000, 1.000000000000000000 ) ) ;
#1902 =( NAMED_UNIT ( * ) PLANE_ANGLE_UNIT ( ) SI_UNIT ( $, .RADIAN. ) );
#1904 = COLOUR_RGB ( '',0.8000000000000000400, 0.8039215686274510100, 0.8000000000000000400 ) ;
#1903 = SURFACE_SIDE_STYLE ('',( #3863 ) ) ;
#1905 = CARTESIAN_POINT ( 'NONE',  ( 0.2187624236935493700, 0.2233697673216185900, 0.01286697791584984000 ) ) ;
#1906 = CARTESIAN_POINT ( 'NONE',  ( 0.1171379296976421800, 0.1818430489102895200, 0.04886697791584979100 ) ) ;
#1907 = CYLINDRICAL_SURFACE ( 'NONE', #1301, 0.04700000000000003500 ) ;
#1908 = ORIENTED_EDGE ( 'NONE', *, *, #978, .T. ) ;
#1909 =( CONVERSION_BASED_UNIT ( 'INCH', #2658 ) LENGTH_UNIT ( ) NAMED_UNIT ( #3094 ) );
#1910 = EDGE_CURVE ( 'NONE', #2735, #427, #2319, .T. ) ;
#1911 = CARTESIAN_POINT ( 'NONE',  ( 0.1255095086008917400, 0.04284304891028985200, 0.06336697791584976200 ) ) ;
#1912 = LENGTH_MEASURE_WITH_UNIT ( LENGTH_MEASURE( 0.02539999999999999900 ), #4640 );
#1913 = FILL_AREA_STYLE ('',( #2066 ) ) ;
#1914 = COLOUR_RGB ( '',0.9882352941176471000, 1.000000000000000000, 0.9882352941176471000 ) ;
#1915 =( LENGTH_UNIT ( ) NAMED_UNIT ( * ) SI_UNIT ( $, .METRE. ) );
#1916 = FACE_OUTER_BOUND ( 'NONE', #3045, .T. ) ;
#1917 =( LENGTH_UNIT ( ) NAMED_UNIT ( * ) SI_UNIT ( $, .METRE. ) );
#1918 =( LENGTH_UNIT ( ) NAMED_UNIT ( * ) SI_UNIT ( $, .METRE. ) );
#1919 =( NAMED_UNIT ( * ) PLANE_ANGLE_UNIT ( ) SI_UNIT ( $, .RADIAN. ) );
#1920 = UNCERTAINTY_MEASURE_WITH_UNIT (LENGTH_MEASURE( 1.000000000000000100E-005 ), #900, 'distance_accuracy_value', 'NONE');
#1921 = EDGE_CURVE ( 'NONE', #4402, #3980, #3742, .T. ) ;
#1922 = FACE_BOUND ( 'NONE', #4695, .T. ) ;
#1923 = SURFACE_STYLE_USAGE ( .BOTH. , #1938 ) ;
#1924 =( GEOMETRIC_REPRESENTATION_CONTEXT ( 3 ) GLOBAL_UNCERTAINTY_ASSIGNED_CONTEXT ( ( #3567 ) ) GLOBAL_UNIT_ASSIGNED_CONTEXT ( ( #185, #168, #154 ) ) REPRESENTATION_CONTEXT ( 'NONE', 'WORKASPACE' ) );
#1925 = COLOUR_RGB ( '',0.8000000000000000400, 0.8039215686274510100, 0.8000000000000000400 ) ;
#1926 = STYLED_ITEM ( 'NONE', ( #2212 ), #1006 ) ;
#1927 = ORIENTED_EDGE ( 'NONE', *, *, #876, .T. ) ;
#1928 = VECTOR ( 'NONE', #584, 39.37007874015748100 ) ;
#1929 = MECHANICAL_DESIGN_GEOMETRIC_PRESENTATION_REPRESENTATION (  '', ( #1998 ), #1924 ) ;
#1930 = DIMENSIONAL_EXPONENTS ( 1.000000000000000000, 0.0000000000000000000, 0.0000000000000000000, 0.0000000000000000000, 0.0000000000000000000, 0.0000000000000000000, 0.0000000000000000000 ) ;
#1931 = DIRECTION ( 'NONE',  ( 0.0000000000000000000, 0.0000000000000000000, 1.000000000000000000 ) ) ;
#1932 = CARTESIAN_POINT ( 'NONE',  ( 0.1054402892192386600, 0.1885097155769567500, 0.06836697791584983600 ) ) ;
#1933 = CARTESIAN_POINT ( 'NONE',  ( 0.1462941182917182300, 0.04017638224362316700, 0.02736697791584973400 ) ) ;
#1934 = CARTESIAN_POINT ( 'NONE',  ( 0.04237106983758561600, 0.1761763822436228600, 0.06336697791584985900 ) ) ;
#1935 = SURFACE_STYLE_USAGE ( .BOTH. , #1941 ) ;
#1936 = FACE_OUTER_BOUND ( 'NONE', #1074, .T. ) ;
#1937 = CIRCLE ( 'NONE', #4815, 0.02999999999999998800 ) ;
#1938 = SURFACE_SIDE_STYLE ('',( #2406 ) ) ;
#1939 =( CONVERSION_BASED_UNIT ( 'INCH', #850 ) LENGTH_UNIT ( ) NAMED_UNIT ( #566 ) );
#1940 = EDGE_CURVE ( 'NONE', #373, #3233, #449, .T. ) ;
#1941 = SURFACE_SIDE_STYLE ('',( #2307 ) ) ;
#1942 = FILL_AREA_STYLE ('',( #1955 ) ) ;
#1943 = SURFACE_STYLE_FILL_AREA ( #4896 ) ;
#1944 = CARTESIAN_POINT ( 'NONE',  ( 0.1337367499368437300, 0.04584304891028985500, -0.03738302208415031400 ) ) ;
#1945 = VERTEX_POINT ( 'NONE', #104 ) ;
#1946 = CARTESIAN_POINT ( 'NONE',  ( 0.1670787279825446900, 0.03750971557695650200, -0.008633022084150246400 ) ) ;
#1947 = EDGE_CURVE ( 'NONE', #1884, #602, #2885, .T. ) ;
#1948 = CARTESIAN_POINT ( 'NONE',  ( 0.03330558357245615900, 0.2460724400868460300, 0.01286697791584984600 ) ) ;
#1949 = CARTESIAN_POINT ( 'NONE',  ( 0.1462941182917181200, 0.03484304891028985200, -0.04463302208415023000 ) ) ;
#1950 =( LENGTH_UNIT ( ) NAMED_UNIT ( * ) SI_UNIT ( $, .METRE. ) );
#1951 = PLANE ( 'NONE',  #3079 ) ;
#1952 = DIMENSIONAL_EXPONENTS ( 1.000000000000000000, 0.0000000000000000000, 0.0000000000000000000, 0.0000000000000000000, 0.0000000000000000000, 0.0000000000000000000, 0.0000000000000000000 ) ;
#1954 =( GEOMETRIC_REPRESENTATION_CONTEXT ( 3 ) GLOBAL_UNCERTAINTY_ASSIGNED_CONTEXT ( ( #4367 ) ) GLOBAL_UNIT_ASSIGNED_CONTEXT ( ( #1124, #844, #887 ) ) REPRESENTATION_CONTEXT ( 'NONE', 'WORKASPACE' ) );
#1953 = LENGTH_MEASURE_WITH_UNIT ( LENGTH_MEASURE( 0.02539999999999999900 ), #1708 );
#1955 = FILL_AREA_STYLE_COLOUR ( '', #2327 ) ;
#1956 = UNCERTAINTY_MEASURE_WITH_UNIT (LENGTH_MEASURE( 1.000000000000000100E-005 ), #4699, 'distance_accuracy_value', 'NONE');
#1957 = CARTESIAN_POINT ( 'NONE',  ( 0.08394028921923843400, 0.08924547423454733100, 0.06036697791584985700 ) ) ;
#1958 = EDGE_CURVE ( 'NONE', #1269, #3695, #2881, .T. ) ;
#1959 = PRESENTATION_LAYER_ASSIGNMENT (  '', '', ( #1998 ) ) ;
#1960 = LINE ( 'NONE', #476, #547 ) ;
#1961 = CARTESIAN_POINT ( 'NONE',  ( 0.1670787279825446900, -0.02649028442304335000, -0.008633022084150246400 ) ) ;
#1962 = CARTESIAN_POINT ( 'NONE',  ( 0.1462941182917181200, 0.1308430489102896700, -0.04463302208415023000 ) ) ;
#1963 = EDGE_CURVE ( 'NONE', #1969, #4472, #1518, .T. ) ;
#1964 = CARTESIAN_POINT ( 'NONE',  ( -0.05088184525507222900, 0.2233697673216185100, -0.03013302208415016100 ) ) ;
#1965 = FILL_AREA_STYLE_COLOUR ( '', #2555 ) ;
#1966 = PLANE ( 'NONE',  #242 ) ;
#1967 = CARTESIAN_POINT ( 'NONE',  ( 0.1255095086008915800, 0.03217638224362318100, -0.08063302208415019900 ) ) ;
#1968 = CARTESIAN_POINT ( 'NONE',  ( -0.03745654335702762500, 0.2287786929926643200, -0.03013302208415016100 ) ) ;
#1969 = VERTEX_POINT ( 'NONE', #2388 ) ;
#1970 = FILL_AREA_STYLE ('',( #1485 ) ) ;
#1971 = EDGE_CURVE ( 'NONE', #3695, #427, #2751, .T. ) ;
#1972 = DIRECTION ( 'NONE',  ( -0.0000000000000000000, 1.000000000000000000, -0.0000000000000000000 ) ) ;
#1973 = CARTESIAN_POINT ( 'NONE',  ( 0.08394028921923851700, 0.02950971557695654000, -0.08063302208415015800 ) ) ;
#1974 = DIMENSIONAL_EXPONENTS ( 1.000000000000000000, 0.0000000000000000000, 0.0000000000000000000, 0.0000000000000000000, 0.0000000000000000000, 0.0000000000000000000, 0.0000000000000000000 ) ;
#1975 = CARTESIAN_POINT ( 'NONE',  ( 0.08394028921923865600, 0.1735097155769562100, 0.06336697791584983100 ) ) ;
#1976 = COLOUR_RGB ( '',0.8000000000000000400, 0.8039215686274510100, 0.8000000000000000400 ) ;
#1977 = CARTESIAN_POINT ( 'NONE',  ( -0.02359167237791107800, 0.2334310540283257600, -0.03013302208415015400 ) ) ;
#1978 = EDGE_LOOP ( 'NONE', ( #3740, #3101, #1802, #1509, #820 ) ) ;
#1979 = PLANE ( 'NONE',  #2523 ) ;
#1980 = UNCERTAINTY_MEASURE_WITH_UNIT (LENGTH_MEASURE( 1.000000000000000100E-005 ), #516, 'distance_accuracy_value', 'NONE');
#1981 = MECHANICAL_DESIGN_GEOMETRIC_PRESENTATION_REPRESENTATION (  '', ( #1427 ), #1393 ) ;
#1982 = CARTESIAN_POINT ( 'NONE',  ( -0.02305971078076154600, 0.1675097155769567100, -0.1636330220841501200 ) ) ;
#1983 = LENGTH_MEASURE_WITH_UNIT ( LENGTH_MEASURE( 0.02539999999999999900 ), #3941 );
#1984 = SURFACE_STYLE_FILL_AREA ( #2679 ) ;
#1985 = EDGE_CURVE ( 'NONE', #857, #3710, #3100, .T. ) ;
#1986 = ORIENTED_EDGE ( 'NONE', *, *, #2638, .F. ) ;
#1987 = AXIS2_PLACEMENT_3D ( 'NONE', #404, #383, #365 ) ;
#1988 = CARTESIAN_POINT ( 'NONE',  ( 0.1171379296976419200, 0.04317638224362319700, -0.06613302208415022800 ) ) ;
#1989 = CARTESIAN_POINT ( 'NONE',  ( 0.2188190674246153500, 0.2226714166775719000, -0.03013302208415016100 ) ) ;
#1990 = SURFACE_STYLE_USAGE ( .BOTH. , #2015 ) ;
#1991 =( GEOMETRIC_REPRESENTATION_CONTEXT ( 3 ) GLOBAL_UNCERTAINTY_ASSIGNED_CONTEXT ( ( #686 ) ) GLOBAL_UNIT_ASSIGNED_CONTEXT ( ( #3510, #3504, #3493 ) ) REPRESENTATION_CONTEXT ( 'NONE', 'WORKASPACE' ) );
#1992 = COLOUR_RGB ( '',0.8000000000000000400, 0.8039215686274510100, 0.8000000000000000400 ) ;
#1993 = VECTOR ( 'NONE', #992, 39.37007874015748100 ) ;
#1994 = COLOUR_RGB ( '',0.8000000000000000400, 0.8039215686274510100, 0.8000000000000000400 ) ;
#1995 = LINE ( 'NONE', #3471, #754 ) ;
#1996 = VERTEX_POINT ( 'NONE', #4056 ) ;
#1997 = EDGE_CURVE ( 'NONE', #4650, #1969, #3803, .T. ) ;
#1998 = STYLED_ITEM ( 'NONE', ( #3549 ), #3424 ) ;
#1999 = CARTESIAN_POINT ( 'NONE',  ( -0.05112396137527961500, 0.2203847332910154100, -0.03013302208415016100 ) ) ;
#2000 = ORIENTED_EDGE ( 'NONE', *, *, #1821, .F. ) ;
#2001 = CARTESIAN_POINT ( 'NONE',  ( 0.06244028921923864400, 0.2412628073238476900, 0.06836697791584983600 ) ) ;
#2002 = CARTESIAN_POINT ( 'NONE',  ( 0.04237106983758547100, 0.02684304891028986900, -0.08063302208415010200 ) ) ;
#2003 = CARTESIAN_POINT ( 'NONE',  ( 0.1255095086008917400, 0.1708430489102895400, 0.06336697791584976200 ) ) ;
#2004 = SURFACE_STYLE_FILL_AREA ( #1732 ) ;
#2005 = CARTESIAN_POINT ( 'NONE',  ( 0.08394028921923849000, 0.04050971557695654000, -0.06613302208415015900 ) ) ;
#2006 = DIRECTION ( 'NONE',  ( 0.0000000000000000000, 0.0000000000000000000, -1.000000000000000000 ) ) ;
#2007 = CARTESIAN_POINT ( 'NONE',  ( 0.1054402892192386600, 0.2109334006014889900, 0.01286697791584984900 ) ) ;
#2008 = VERTEX_POINT ( 'NONE', #3848 ) ;
#2009 = FACE_OUTER_BOUND ( 'NONE', #3313, .T. ) ;
#2010 = DIMENSIONAL_EXPONENTS ( 1.000000000000000000, 0.0000000000000000000, 0.0000000000000000000, 0.0000000000000000000, 0.0000000000000000000, 0.0000000000000000000, 0.0000000000000000000 ) ;
#2011 = CARTESIAN_POINT ( 'NONE',  ( 0.06244028921923864400, 0.2422244973084720100, 0.06400868531454342900 ) ) ;
#2012 = CARTESIAN_POINT ( 'NONE',  ( 0.1054402892192386600, 0.2163660010782655100, 0.01824657249354222700 ) ) ;
#2013 = CARTESIAN_POINT ( 'NONE',  ( 0.01754500826243164000, 0.03250971557695654700, -0.008633022084149916800 ) ) ;
#2014 = ORIENTED_EDGE ( 'NONE', *, *, #1826, .F. ) ;
#2015 = SURFACE_SIDE_STYLE ('',( #1587 ) ) ;
#2016 = CIRCLE ( 'NONE', #3325, 0.09441742473021166900 ) ;
#2017 = CARTESIAN_POINT ( 'NONE',  ( 0.1054402892192386500, 0.2221906870831986700, 0.02314167666781518200 ) ) ;
#2018 = COLOUR_RGB ( '',0.9882352941176471000, 1.000000000000000000, 0.9882352941176471000 ) ;
#2019 = VERTEX_POINT ( 'NONE', #3808 ) ;
#2020 = CARTESIAN_POINT ( 'NONE',  ( 0.004570008673197244900, 0.2410299676008738100, -0.03013302208415017500 ) ) ;
#2021 = DIRECTION ( 'NONE',  ( 1.000000000000000000, 0.0000000000000000000, 0.0000000000000000000 ) ) ;
#2022 = VECTOR ( 'NONE', #4753, 39.37007874015748100 ) ;
#2023 = EDGE_CURVE ( 'NONE', #1269, #1884, #2439, .T. ) ;
#2024 = CARTESIAN_POINT ( 'NONE',  ( 0.06244028921923863000, 0.2431063697793949300, 0.05963247028388334000 ) ) ;
#2025 = AXIS2_PLACEMENT_3D ( 'NONE', #3382, #3374, #3363 ) ;
#2026 = CARTESIAN_POINT ( 'NONE',  ( 0.1054402892192386900, 0.2340002313945931100, 0.03273396405929630800 ) ) ;
#2027 = CARTESIAN_POINT ( 'NONE',  ( 0.01884981949180219300, 0.2439813320594380600, -0.03013302208415016800 ) ) ;
#2028 = ORIENTED_EDGE ( 'NONE', *, *, #1345, .F. ) ;
#2029 = FILL_AREA_STYLE ('',( #2241 ) ) ;
#2031 =( GEOMETRIC_REPRESENTATION_CONTEXT ( 3 ) GLOBAL_UNCERTAINTY_ASSIGNED_CONTEXT ( ( #1297 ) ) GLOBAL_UNIT_ASSIGNED_CONTEXT ( ( #461, #452, #433 ) ) REPRESENTATION_CONTEXT ( 'NONE', 'WORKASPACE' ) );
#2030 =( NAMED_UNIT ( * ) PLANE_ANGLE_UNIT ( ) SI_UNIT ( $, .RADIAN. ) );
#2032 = CARTESIAN_POINT ( 'NONE',  ( 0.1337367499368438700, 0.1791763822436228900, 0.02011697791584974800 ) ) ;
#2033 = LINE ( 'NONE', #4556, #859 ) ;
#2034 = VERTEX_POINT ( 'NONE', #3175 ) ;
#2035 = CARTESIAN_POINT ( 'NONE',  ( -0.05088184525507222900, 0.2233697673216185100, -0.03013302208415016100 ) ) ;
#2036 = CARTESIAN_POINT ( 'NONE',  ( 0.08394028921923865600, -0.1158436637438094600, -0.008633022084150159700 ) ) ;
#2037 = EDGE_CURVE ( 'NONE', #249, #4650, #4254, .T. ) ;
#2038 = PRODUCT_DEFINITION_SHAPE ( 'NONE', 'NONE',  #1348 ) ;
#2039 = CARTESIAN_POINT ( 'NONE',  ( 0.03330558357245615900, 0.2460724400868460300, -0.03013302208415017200 ) ) ;
#2040 = CARTESIAN_POINT ( 'NONE',  ( 0.08394028921923843400, 0.09750971557695677100, 0.05260273657344072300 ) ) ;
#2041 = EDGE_LOOP ( 'NONE', ( #670 ) ) ;
#2042 = DIRECTION ( 'NONE',  ( 0.0000000000000000000, 0.7288100870211221500, -0.6847158951391915100 ) ) ;
#2043 = LINE ( 'NONE', #4220, #1840 ) ;
#2044 = ORIENTED_EDGE ( 'NONE', *, *, #2428, .T. ) ;
#2045 = CARTESIAN_POINT ( 'NONE',  ( 0.06244028921923864400, 0.2412628073238476900, 0.06836697791584983600 ) ) ;
#2046 = DIRECTION ( 'NONE',  ( 0.0000000000000000000, 0.0000000000000000000, -1.000000000000000000 ) ) ;
#2047 =( CONVERSION_BASED_UNIT ( 'INCH', #994 ) LENGTH_UNIT ( ) NAMED_UNIT ( #1238 ) );
#2048 = CARTESIAN_POINT ( 'NONE',  ( 0.1345749948660209800, 0.2460724400868460300, 0.01286697791584984000 ) ) ;
#2049 = FILL_AREA_STYLE_COLOUR ( '', #763 ) ;
#2050 = ORIENTED_EDGE ( 'NONE', *, *, #664, .T. ) ;
#2051 = EDGE_CURVE ( 'NONE', #3695, #4394, #393, .T. ) ;
#2052 = CARTESIAN_POINT ( 'NONE',  ( 0.006940289219238612200, 0.2165097155769567800, 0.01286697791584984900 ) ) ;
#2053 = SURFACE_STYLE_FILL_AREA ( #3517 ) ;
#2054 = VERTEX_POINT ( 'NONE', #1982 ) ;
#2055 = FACE_OUTER_BOUND ( 'NONE', #3281, .T. ) ;
#2056 = PRESENTATION_LAYER_ASSIGNMENT (  '', '', ( #1427 ) ) ;
#2057 = CARTESIAN_POINT ( 'NONE',  ( 0.1299625709078459100, 0.2400091630922486500, 0.01286697791584983900 ) ) ;
#2058 = DIMENSIONAL_EXPONENTS ( 1.000000000000000000, 0.0000000000000000000, 0.0000000000000000000, 0.0000000000000000000, 0.0000000000000000000, 0.0000000000000000000, 0.0000000000000000000 ) ;
#2059 = CARTESIAN_POINT ( 'NONE',  ( 0.06244028921923865100, 0.2447099120809268200, 0.05084406791059623000 ) ) ;
#2060 = CARTESIAN_POINT ( 'NONE',  ( 0.02158646014675897500, 0.02417638224362322500, -0.04463302208415009100 ) ) ;
#2061 = EDGE_CURVE ( 'NONE', #3460, #857, #4347, .T. ) ;
#2062 = CARTESIAN_POINT ( 'NONE',  ( 0.04237106983758547100, 0.02684304891028986900, -0.08063302208415010200 ) ) ;
#2063 = DIRECTION ( 'NONE',  ( -1.000000000000000000, 0.0000000000000000000, 0.0000000000000000000 ) ) ;
#2064 = COLOUR_RGB ( '',0.8000000000000000400, 0.8039215686274510100, 0.8000000000000000400 ) ;
#2065 = MECHANICAL_DESIGN_GEOMETRIC_PRESENTATION_REPRESENTATION (  '', ( #2132 ), #2031 ) ;
#2066 = FILL_AREA_STYLE_COLOUR ( '', #4285 ) ;
#2067 = ORIENTED_EDGE ( 'NONE', *, *, #2344, .F. ) ;
#2068 = DIRECTION ( 'NONE',  ( 0.0000000000000000000, 1.000000000000000000, -1.707404996040165000E-016 ) ) ;
#2069 = CARTESIAN_POINT ( 'NONE',  ( 0.1503355701760455700, 0.05850971557695645900, -0.008633022084150241200 ) ) ;
#2070 = LENGTH_MEASURE_WITH_UNIT ( LENGTH_MEASURE( 0.02539999999999999900 ), #2276 );
#2071 = CARTESIAN_POINT ( 'NONE',  ( 0.1299671970919242500, 0.2400152444576545400, -0.03013302208415016500 ) ) ;
#2072 = EDGE_CURVE ( 'NONE', #249, #4164, #2494, .T. ) ;
#2073 = DIRECTION ( 'NONE',  ( 2.793185071074506400E-014, 0.0000000000000000000, -1.000000000000000000 ) ) ;
#2074 = CARTESIAN_POINT ( 'NONE',  ( 0.03414382850163345800, 0.02984304891028989300, 0.02011697791584998700 ) ) ;
#2075 = CIRCLE ( 'NONE', #4206, 0.05750000000000000200 ) ;
#2076 = CARTESIAN_POINT ( 'NONE',  ( 0.1252929463690457000, 0.2339817993816637700, 0.01286697791584984400 ) ) ;
#2077 = FILL_AREA_STYLE_COLOUR ( '', #4736 ) ;
#2078 = CARTESIAN_POINT ( 'NONE',  ( 0.0008018504559324932600, 0.02150971557695655400, -0.008633022084150081600 ) ) ;
#2079 = EDGE_CURVE ( 'NONE', #623, #4164, #915, .T. ) ;
#2080 = CARTESIAN_POINT ( 'NONE',  ( 0.1156911605813561200, 0.2221621460143153900, 0.01286697791584985200 ) ) ;
#2081 =( NAMED_UNIT ( * ) SI_UNIT ( $, .STERADIAN. ) SOLID_ANGLE_UNIT ( ) );
#2082 = DIRECTION ( 'NONE',  ( 1.000000000000000000, -0.0000000000000000000, -0.0000000000000000000 ) ) ;
#2083 = SURFACE_STYLE_USAGE ( .BOTH. , #2104 ) ;
#2084 = LENGTH_MEASURE_WITH_UNIT ( LENGTH_MEASURE( 0.02539999999999999900 ), #880 );
#2085 = PRESENTATION_STYLE_ASSIGNMENT (( #3018 ) ) ;
#2086 = EDGE_CURVE ( 'NONE', #2187, #1269, #2179, .T. ) ;
#2087 = CARTESIAN_POINT ( 'NONE',  ( 0.08394028921923843400, 0.08924547423454733100, 0.06036697791584985700 ) ) ;
#2088 = DIRECTION ( 'NONE',  ( 1.000000000000000000, 0.0000000000000000000, 2.793185071074506400E-014 ) ) ;
#2089 = FACE_OUTER_BOUND ( 'NONE', #2814, .T. ) ;
#2090 = STYLED_ITEM ( 'NONE', ( #3111 ), #1243 ) ;
#2091 = DIRECTION ( 'NONE',  ( -1.000000000000000000, 0.0000000000000000000, 0.0000000000000000000 ) ) ;
#2092 = ADVANCED_FACE ( 'NONE', ( #3907 ), #248, .F. ) ;
#2093 = CARTESIAN_POINT ( 'NONE',  ( 0.1462941182917182300, 0.1681763822436229100, 0.02736697791584973400 ) ) ;
#2094 =( BOUNDED_CURVE ( )  B_SPLINE_CURVE ( 2, ( #979, #969, #960, #939, #929, #923, #919, #1231, #913, #908, #903, #897, #892, #865, #848, #829, #826, #819, #802, #797, #786, #945, #781, #767, #762, #750, #746, #729, #716, #708, #696, #684, #669, #654, #636, #620, #611, #601, #588, #581, #576, #568, #560, #556, #733, #545, #538, #533, #528, #519, #509, #504, #501, #492, #488, #479, #472, #471, #465, #457, #447, #429, #425, #409, #406, #436, #394, #384, #368, #363, #350, #330, #322, #307, #293, #187, #278, #246, #239, #229, #222, #215, #206, #196, #183, #177, #167, #158, #150 ),
 .UNSPECIFIED., .F., .F. ) 
 B_SPLINE_CURVE_WITH_KNOTS ( ( 3, 2, 2, 2, 2, 2, 2, 2, 2, 2, 2, 2, 2, 2, 2, 2, 2, 2, 2, 2, 2, 2, 2, 2, 2, 2, 2, 2, 2, 2, 2, 2, 2, 2, 2, 2, 2, 2, 2, 2, 2, 2, 2, 2, 3 ),
 ( 0.08787444800494828600, 0.09259259259259260100, 0.1111111111111111500, 0.1296296296296297100, 0.1481481481481482500, 0.1666666666666668000, 0.1851851851851853400, 0.2037037037037038900, 0.2222222222222224600, 0.2407407407407410000, 0.2592592592592595200, 0.2777777777777781200, 0.2962962962962966700, 0.3148148148148152100, 0.3333333333333337600, 0.3518518518518523000, 0.3703703703703709000, 0.3888888888888893900, 0.4074074074074080000, 0.4259259259259266000, 0.4444444444444450900, 0.4629629629629636900, 0.4814814814814821800, 0.5000000000000007800, 0.5185185185185192700, 0.5370370370370379800, 0.5555555555555564700, 0.5740740740740749600, 0.5925925925925934500, 0.6111111111111120500, 0.6296296296296306500, 0.6481481481481491400, 0.6666666666666677400, 0.6851851851851863400, 0.7037037037037048300, 0.7222222222222233200, 0.7407407407407419200, 0.7592592592592605200, 0.7777777777777790100, 0.7962962962962976100, 0.8148148148148159900, 0.8333333333333347000, 0.8518518518518533000, 0.8703703703703716800, 0.8888888888888902800 ),
 .UNSPECIFIED. ) 
 CURVE ( )  GEOMETRIC_REPRESENTATION_ITEM ( )  RATIONAL_B_SPLINE_CURVE ( ( 0.9491252753260033300, 0.9658659781351208700, 1.000000000000000000, 0.8660254037844387100, 1.000000000000000000, 0.8660254037844387100, 1.000000000000000000, 0.8660254037844387100, 1.000000000000000000, 0.8660254037844387100, 1.000000000000000000, 0.8660254037844387100, 1.000000000000000000, 0.8660254037844387100, 1.000000000000000000, 0.8660254037844387100, 1.000000000000000000, 0.8660254037844387100, 1.000000000000000000, 0.8660254037844387100, 1.000000000000000000, 0.8660254037844387100, 1.000000000000000000, 0.8660254037844387100, 1.000000000000000000, 0.8660254037844387100, 1.000000000000000000, 0.8660254037844387100, 1.000000000000000000, 0.8660254037844387100, 1.000000000000000000, 0.8660254037844387100, 1.000000000000000000, 0.8660254037844387100, 1.000000000000000000, 0.8660254037844387100, 1.000000000000000000, 0.8660254037844387100, 1.000000000000000000, 0.8660254037844387100, 1.000000000000000000, 0.8660254037844387100, 1.000000000000000000, 0.8660254037844387100, 1.000000000000000000, 0.8660254037844387100, 1.000000000000000000, 0.8660254037844387100, 1.000000000000000000, 0.8660254037844387100, 1.000000000000000000, 0.8660254037844387100, 1.000000000000000000, 0.8660254037844387100, 1.000000000000000000, 0.8660254037844387100, 1.000000000000000000, 0.8660254037844387100, 1.000000000000000000, 0.8660254037844387100, 1.000000000000000000, 0.8660254037844387100, 1.000000000000000000, 0.8660254037844387100, 1.000000000000000000, 0.8660254037844387100, 1.000000000000000000, 0.8660254037844387100, 1.000000000000000000, 0.8660254037844387100, 1.000000000000000000, 0.8660254037844387100, 1.000000000000000000, 0.8660254037844387100, 1.000000000000000000, 0.8660254037844387100, 1.000000000000000000, 0.8660254037844387100, 1.000000000000000000, 0.8660254037844387100, 1.000000000000000000, 0.8660254037844387100, 1.000000000000000000, 0.8660254037844387100, 1.000000000000000000, 0.8660254037844387100, 1.000000000000000000, 0.8660254037844282700, 1.000000000000010400 ) ) 
 REPRESENTATION_ITEM ( '' )  );
#2095 = CARTESIAN_POINT ( 'NONE',  ( 0.05074264874083481800, 0.03784304891028987500, -0.06613302208414999200 ) ) ;
#2096 = ADVANCED_FACE ( 'NONE', ( #2176, #1021 ), #1499, .T. ) ;
#2097 = EDGE_CURVE ( 'NONE', #1171, #4316, #1995, .T. ) ;
#2098 = CARTESIAN_POINT ( 'NONE',  ( 0.1054402892192386600, 0.1885097155769567500, 0.06836697791584983600 ) ) ;
#2099 = CARTESIAN_POINT ( 'NONE',  ( 0.02158646014675904400, 0.01884304891028987600, 0.02736697791584989700 ) ) ;
#2100 = PRESENTATION_LAYER_ASSIGNMENT (  '', '', ( #2545 ) ) ;
#2101 = CARTESIAN_POINT ( 'NONE',  ( 0.1054402892192386600, 0.2400152444576544300, 0.03739388578853546100 ) ) ;
#2102 = CARTESIAN_POINT ( 'NONE',  ( -0.03805971078076162600, -0.2424902844230432100, -0.1070582189345438700 ) ) ;
#2103 = EDGE_CURVE ( 'NONE', #4316, #4573, #535, .T. ) ;
#2105 = PRESENTATION_LAYER_ASSIGNMENT (  '', '', ( #2132 ) ) ;
#2104 = SURFACE_SIDE_STYLE ('',( #4103 ) ) ;
#2106 = DIRECTION ( 'NONE',  ( 0.0000000000000000000, 0.7288100870211221500, 0.6847158951391915100 ) ) ;
#2107 =( CONVERSION_BASED_UNIT ( 'INCH', #1069 ) LENGTH_UNIT ( ) NAMED_UNIT ( #3530 ) );
#2108 = VERTEX_POINT ( 'NONE', #3531 ) ;
#2109 = CARTESIAN_POINT ( 'NONE',  ( 0.1670787279825446900, 0.1655097155769562300, -0.008633022084150246400 ) ) ;
#2110 = EDGE_CURVE ( 'NONE', #2660, #4098, #1937, .T. ) ;
#2111 = DIRECTION ( 'NONE',  ( 0.0000000000000000000, 0.0000000000000000000, 1.000000000000000000 ) ) ;
#2112 = LENGTH_MEASURE_WITH_UNIT ( LENGTH_MEASURE( 0.02539999999999999900 ), #4360 );
#2113 = ORIENTED_EDGE ( 'NONE', *, *, #899, .F. ) ;
#2114 = PRESENTATION_LAYER_ASSIGNMENT (  '', '', ( #2949 ) ) ;
#2115 = CARTESIAN_POINT ( 'NONE',  ( 0.04237106983758561600, 0.01617638224362323900, 0.06336697791584985900 ) ) ;
#2116 = PRESENTATION_STYLE_ASSIGNMENT (( #3500 ) ) ;
#2117 = VERTEX_POINT ( 'NONE', #3226 ) ;
#2118 = CARTESIAN_POINT ( 'NONE',  ( 0.02158646014675897500, 0.02417638224362322500, -0.04463302208415009100 ) ) ;
#2119 = DIRECTION ( 'NONE',  ( -0.0000000000000000000, 1.000000000000000000, -0.0000000000000000000 ) ) ;
#2120 = CARTESIAN_POINT ( 'NONE',  ( 0.03414382850163324300, 0.03517638224362322500, -0.03738302208414995300 ) ) ;
#2121 = ADVANCED_FACE ( 'NONE', ( #3748 ), #3645, .T. ) ;
#2122 = ADVANCED_FACE ( 'NONE', ( #1442, #1321 ), #2904, .F. ) ;
#2123 = ORIENTED_EDGE ( 'NONE', *, *, #737, .T. ) ;
#2124 = FILL_AREA_STYLE ('',( #2321 ) ) ;
#2125 = UNCERTAINTY_MEASURE_WITH_UNIT (LENGTH_MEASURE( 1.000000000000000100E-005 ), #1881, 'distance_accuracy_value', 'NONE');
#2126 = MECHANICAL_DESIGN_GEOMETRIC_PRESENTATION_REPRESENTATION (  '', ( #2545 ), #1848 ) ;
#2127 = CARTESIAN_POINT ( 'NONE',  ( 0.08394028921923846200, 0.07750971557695671100, -0.008633022084150142300 ) ) ;
#2128 = SURFACE_STYLE_FILL_AREA ( #959 ) ;
#2129 = FACE_OUTER_BOUND ( 'NONE', #29, .T. ) ;
#2130 = COLOUR_RGB ( '',0.8000000000000000400, 0.8039215686274510100, 0.8000000000000000400 ) ;
#2131 = EDGE_CURVE ( 'NONE', #2187, #1200, #148, .T. ) ;
#2132 = STYLED_ITEM ( 'NONE', ( #4457 ), #3344 ) ;
#2133 = PRESENTATION_LAYER_ASSIGNMENT (  '', '', ( #600 ) ) ;
#2134 = CARTESIAN_POINT ( 'NONE',  ( 0.1054402892192386600, 0.2109334006014889900, 0.01286697791584984900 ) ) ;
#2135 = CARTESIAN_POINT ( 'NONE',  ( 0.06244028921923864400, 0.2454319400310773800, 0.04642944032052429000 ) ) ;
#2136 = CARTESIAN_POINT ( 'NONE',  ( 0.08394028921923865600, 0.01350971557695656100, 0.06336697791584983100 ) ) ;
#2137 = CARTESIAN_POINT ( 'NONE',  ( 0.1054402892192386600, 0.2460724400868460300, 0.04200168356263221700 ) ) ;
#2138 = AXIS2_PLACEMENT_3D ( 'NONE', #824, #811, #681 ) ;
#2139 =( NAMED_UNIT ( * ) PLANE_ANGLE_UNIT ( ) SI_UNIT ( $, .RADIAN. ) );
#2140 = EDGE_CURVE ( 'NONE', #1733, #623, #4115, .T. ) ;
#2141 = LENGTH_MEASURE_WITH_UNIT ( LENGTH_MEASURE( 0.02539999999999999900 ), #1917 );
#2142 = CARTESIAN_POINT ( 'NONE',  ( 0.1171379296976419300, 0.01117638224362326800, -0.06613302208415022800 ) ) ;
#2143 =( GEOMETRIC_REPRESENTATION_CONTEXT ( 3 ) GLOBAL_UNCERTAINTY_ASSIGNED_CONTEXT ( ( #1181 ) ) GLOBAL_UNIT_ASSIGNED_CONTEXT ( ( #9, #418, #2415 ) ) REPRESENTATION_CONTEXT ( 'NONE', 'WORKASPACE' ) );
#2144 = VECTOR ( 'NONE', #4386, 39.37007874015748100 ) ;
#2145 = PRESENTATION_STYLE_ASSIGNMENT (( #3321 ) ) ;
#2146 = ORIENTED_EDGE ( 'NONE', *, *, #603, .T. ) ;
#2147 = DIRECTION ( 'NONE',  ( 1.000000000000000000, 2.449212707644754500E-016, 0.0000000000000000000 ) ) ;
#2148 = SURFACE_STYLE_USAGE ( .BOTH. , #2163 ) ;
#2149 = CARTESIAN_POINT ( 'NONE',  ( 0.08394028921923843400, 0.1057739569193662200, 0.06036697791584985700 ) ) ;
#2150 = UNCERTAINTY_MEASURE_WITH_UNIT (LENGTH_MEASURE( 1.000000000000000100E-005 ), #749, 'distance_accuracy_value', 'NONE');
#2151 = VECTOR ( 'NONE', #4531, 39.37007874015748100 ) ;
#2152 =( CONVERSION_BASED_UNIT ( 'INCH', #573 ) LENGTH_UNIT ( ) NAMED_UNIT ( #4548 ) );
#2153 = EDGE_CURVE ( 'NONE', #4098, #3063, #152, .T. ) ;
#2154 = CARTESIAN_POINT ( 'NONE',  ( 0.1054402892192386500, 0.2109334006014889600, -0.03013302208415016800 ) ) ;
#2155 = PRESENTATION_STYLE_ASSIGNMENT (( #2656 ) ) ;
#2156 = CARTESIAN_POINT ( 'NONE',  ( 0.1409350552327683100, 0.1518842916109778600, 0.03025909340296348600 ) ) ;
#2157 = AXIS2_PLACEMENT_3D ( 'NONE', #1677, #1672, #1664 ) ;
#2158 = CARTESIAN_POINT ( 'NONE',  ( 0.1462941182917181200, 0.1628430489102895800, -0.04463302208415023000 ) ) ;
#2159 = CARTESIAN_POINT ( 'NONE',  ( 0.1423981636146758600, 0.1517430385283409200, 0.02811496936047252700 ) ) ;
#2160 = EDGE_CURVE ( 'NONE', #127, #2187, #955, .T. ) ;
#2161 =( GEOMETRIC_REPRESENTATION_CONTEXT ( 3 ) GLOBAL_UNCERTAINTY_ASSIGNED_CONTEXT ( ( #2150 ) ) GLOBAL_UNIT_ASSIGNED_CONTEXT ( ( #749, #745, #707 ) ) REPRESENTATION_CONTEXT ( 'NONE', 'WORKASPACE' ) );
#2162 = DIRECTION ( 'NONE',  ( 2.449212707644754500E-016, -1.000000000000000000, -0.0000000000000000000 ) ) ;
#2163 = SURFACE_SIDE_STYLE ('',( #1661 ) ) ;
#2164 = CARTESIAN_POINT ( 'NONE',  ( 0.1108198837969310300, 0.2163660010782656200, -0.03013302208415017200 ) ) ;
#2165 = CARTESIAN_POINT ( 'NONE',  ( 0.1436960420803647400, 0.1516072902526994500, 0.02586697791584982600 ) ) ;
#2166 =( LENGTH_UNIT ( ) NAMED_UNIT ( * ) SI_UNIT ( $, .METRE. ) );
#2167 = ADVANCED_FACE ( 'NONE', ( #951, #274 ), #4062, .F. ) ;
#2168 = FACE_OUTER_BOUND ( 'NONE', #1311, .T. ) ;
#2169 = EDGE_CURVE ( 'NONE', #4219, #1733, #3702, .T. ) ;
#2170 = DIMENSIONAL_EXPONENTS ( 1.000000000000000000, 0.0000000000000000000, 0.0000000000000000000, 0.0000000000000000000, 0.0000000000000000000, 0.0000000000000000000, 0.0000000000000000000 ) ;
#2171 = CARTESIAN_POINT ( 'NONE',  ( 0.1157149879712039700, 0.2221906870831985800, -0.03013302208415016100 ) ) ;
#2172 = CARTESIAN_POINT ( 'NONE',  ( 0.1636146263674068100, 0.1495239569193662100, -0.008633022084150135400 ) ) ;
#2173 = AXIS2_PLACEMENT_3D ( 'NONE', #1022, #927, #912 ) ;
#2174 = CARTESIAN_POINT ( 'NONE',  ( 0.08394028921923868400, 0.02450971557695657800, 0.04886697791584983900 ) ) ;
#2175 = COLOUR_RGB ( '',0.9882352941176471000, 1.000000000000000000, 0.9882352941176471000 ) ;
#2176 = FACE_OUTER_BOUND ( 'NONE', #1772, .T. ) ;
#2177 = ORIENTED_EDGE ( 'NONE', *, *, #1034, .T. ) ;
#2178 = CARTESIAN_POINT ( 'NONE',  ( 0.1462941182917182300, 0.008176382243623246000, 0.02736697791584973400 ) ) ;
#2179 = LINE ( 'NONE', #4795, #1809 ) ;
#2180 = CARTESIAN_POINT ( 'NONE',  ( 0.1253072753626851600, 0.2340002313945931900, -0.03013302208415016800 ) ) ;
#2181 = VECTOR ( 'NONE', #2608, 39.37007874015748100 ) ;
#2182 = CARTESIAN_POINT ( 'NONE',  ( 0.1436960420803646800, 0.1474406235860328000, -0.04313302208415022800 ) ) ;
#2183 = LENGTH_MEASURE_WITH_UNIT ( LENGTH_MEASURE( 0.02539999999999999900 ), #4191 );
#2184 = SURFACE_STYLE_USAGE ( .BOTH. , #2206 ) ;
#2185 = B_SPLINE_CURVE_WITH_KNOTS ( 'NONE', 3,
 ( #4506, #4438, #4273, #4260, #4246, #4228, #4218, #4213, #1576, #4201 ),
 .UNSPECIFIED., .F., .F.,
 ( 4, 2, 2, 2, 4 ),
 ( 7.698674172520799700E-007, 0.0003629989556327165800, 0.0007252280438481810200, 0.001087457132063645600, 0.001449686220279110000 ),
 .UNSPECIFIED. ) ;
#2186 = EDGE_CURVE ( 'NONE', #127, #623, #3393, .T. ) ;
#2187 = VERTEX_POINT ( 'NONE', #2396 ) ;
#2188 = CARTESIAN_POINT ( 'NONE',  ( 0.1237774577933225500, 0.1453572902526995300, -0.07763302208415014100 ) ) ;
#2189 = CARTESIAN_POINT ( 'NONE',  ( 0.08394028921923672700, 0.1475097155769568000, 0.05260273657344072300 ) ) ;
#2190 = EDGE_CURVE ( 'NONE', #2008, #127, #3151, .T. ) ;
#2191 = ADVANCED_FACE ( 'NONE', ( #1743 ), #1892, .T. ) ;
#2192 = EDGE_LOOP ( 'NONE', ( #3730, #131, #609 ) ) ;
#2193 = MECHANICAL_DESIGN_GEOMETRIC_PRESENTATION_REPRESENTATION (  '', ( #2931 ), #2161 ) ;
#2194 = CARTESIAN_POINT ( 'NONE',  ( 0.1255095086008915800, 0.1601763822436229300, -0.08063302208415019900 ) ) ;
#2195 = CARTESIAN_POINT ( 'NONE',  ( 0.08394028921923846200, 0.1432739569193661700, -0.07763302208415014100 ) ) ;
#2196 = ADVANCED_FACE ( 'NONE', ( #2492 ), #1861, .T. ) ;
#2197 = ORIENTED_EDGE ( 'NONE', *, *, #603, .F. ) ;
#2198 =( NAMED_UNIT ( * ) SI_UNIT ( $, .STERADIAN. ) SOLID_ANGLE_UNIT ( ) );
#2199 = CARTESIAN_POINT ( 'NONE',  ( 0.1670787279825446900, 0.005509715576956570300, -0.008633022084150246400 ) ) ;
#2200 = CARTESIAN_POINT ( 'NONE',  ( 0.08394028921923851700, 0.1575097155769562300, -0.08063302208415015800 ) ) ;
#2201 = EDGE_CURVE ( 'NONE', #2008, #1733, #1622, .T. ) ;
#2202 = CARTESIAN_POINT ( 'NONE',  ( 0.0008018504559324932600, 0.02150971557695655400, -0.008633022084150081600 ) ) ;
#2203 = CARTESIAN_POINT ( 'NONE',  ( 0.1107940501446015400, 0.2163399128833402600, 0.01286697791584984900 ) ) ;
#2204 = PRESENTATION_LAYER_ASSIGNMENT (  '', '', ( #2931 ) ) ;
#2205 = CARTESIAN_POINT ( 'NONE',  ( 0.04410312064515419700, 0.1411906235860328800, -0.07763302208415010000 ) ) ;
#2206 = SURFACE_SIDE_STYLE ('',( #268 ) ) ;
#2207 = PLANE ( 'NONE',  #3909 ) ;
#2208 = CARTESIAN_POINT ( 'NONE',  ( 0.2439402892192384400, -0.2424902844230432100, -0.1070582189345438700 ) ) ;
#2209 = CARTESIAN_POINT ( 'NONE',  ( 0.1345749948660210100, 0.2460724400868460900, -0.03013302208415016800 ) ) ;
#2210 = EDGE_CURVE ( 'NONE', #4219, #4472, #2485, .T. ) ;
#2211 = PLANE ( 'NONE',  #514 ) ;
#2212 = PRESENTATION_STYLE_ASSIGNMENT (( #3869 ) ) ;
#2213 = CARTESIAN_POINT ( 'NONE',  ( 0.04237106983758547100, 0.1548430489102896000, -0.08063302208415010200 ) ) ;
#2214 = VERTEX_POINT ( 'NONE', #1128 ) ;
#2215 = CARTESIAN_POINT ( 'NONE',  ( 0.1337367499368439200, 0.01917638224362324500, 0.02011697791584963700 ) ) ;
#2216 = STYLED_ITEM ( 'NONE', ( #4629 ), #4421 ) ;
#2217 =( NAMED_UNIT ( * ) SI_UNIT ( $, .STERADIAN. ) SOLID_ANGLE_UNIT ( ) );
#2218 =( NAMED_UNIT ( * ) PLANE_ANGLE_UNIT ( ) SI_UNIT ( $, .RADIAN. ) );
#2219 = CARTESIAN_POINT ( 'NONE',  ( 0.1462941182917181200, 0.002843048910289930200, -0.04463302208415023000 ) ) ;
#2220 = ORIENTED_EDGE ( 'NONE', *, *, #2387, .F. ) ;
#2221 = DIRECTION ( 'NONE',  ( 1.000000000000000000, 0.0000000000000000000, -0.0000000000000000000 ) ) ;
#2222 = CARTESIAN_POINT ( 'NONE',  ( 0.02418453635811216400, 0.1391072902526995200, -0.04313302208415011100 ) ) ;
#2223 = FILL_AREA_STYLE ('',( #2418 ) ) ;
#2224 = EDGE_CURVE ( 'NONE', #2606, #2008, #2323, .T. ) ;
#2225 = CARTESIAN_POINT ( 'NONE',  ( 0.004265952071070100300, 0.1370239569193661400, -0.008633022084150074700 ) ) ;
#2226 = SURFACE_STYLE_FILL_AREA ( #668 ) ;
#2227 = AXIS2_PLACEMENT_3D ( 'NONE', #4002, #3998, #3976 ) ;
#2228 = CARTESIAN_POINT ( 'NONE',  ( 0.1157463607266877200, 0.1815097155769577500, 0.03926920975595334100 ) ) ;
#2229 = CARTESIAN_POINT ( 'NONE',  ( 0.02158646014675897500, 0.1521763822436229300, -0.04463302208415009100 ) ) ;
#2230 = CARTESIAN_POINT ( 'NONE',  ( 0.02418453635811218900, 0.1349406235860328200, 0.02586697791584985700 ) ) ;
#2231 = PRESENTATION_STYLE_ASSIGNMENT (( #4372 ) ) ;
#2232 = AXIS2_PLACEMENT_3D ( 'NONE', #3600, #3593, #3582 ) ;
#2233 =( NAMED_UNIT ( * ) PLANE_ANGLE_UNIT ( ) SI_UNIT ( $, .RADIAN. ) );
#2234 =( CONVERSION_BASED_UNIT ( 'INCH', #574 ) LENGTH_UNIT ( ) NAMED_UNIT ( #3806 ) );
#2235 = CARTESIAN_POINT ( 'NONE',  ( 0.1255095086008915800, 0.0001763822436232557000, -0.08063302208415019900 ) ) ;
#2236 = CARTESIAN_POINT ( 'NONE',  ( 0.0008018504559324932600, 0.1495097155769562800, -0.008633022084150081600 ) ) ;
#2237 = FACE_OUTER_BOUND ( 'NONE', #1716, .T. ) ;
#2238 = CARTESIAN_POINT ( 'NONE',  ( 0.1503355701760455400, 0.01650971557695658100, -0.008633022084150392100 ) ) ;
#2239 = LENGTH_MEASURE_WITH_UNIT ( LENGTH_MEASURE( 0.02539999999999999900 ), #4042 );
#2240 = CARTESIAN_POINT ( 'NONE',  ( -0.02588978151623512100, 0.1352477931158823600, 0.0009058617689383535200 ) ) ;
#2241 = FILL_AREA_STYLE_COLOUR ( '', #791 ) ;
#2242 = EDGE_CURVE ( 'NONE', #2728, #2728, #2440, .T. ) ;
#2243 = VERTEX_POINT ( 'NONE', #962 ) ;
#2244 = DIRECTION ( 'NONE',  ( 1.000000000000000000, 0.0000000000000000000, 0.0000000000000000000 ) ) ;
#2245 = DIRECTION ( 'NONE',  ( 0.0000000000000000000, -0.0000000000000000000, 1.000000000000000000 ) ) ;
#2246 = ORIENTED_EDGE ( 'NONE', *, *, #1692, .F. ) ;
#2247 = CARTESIAN_POINT ( 'NONE',  ( 0.04410312064515432100, 0.1328572902526994900, 0.06036697791584989100 ) ) ;
#2248 = CIRCLE ( 'NONE', #3862, 0.01470435830240391500 ) ;
#2249 = ORIENTED_EDGE ( 'NONE', *, *, #2617, .F. ) ;
#2250 = ADVANCED_BREP_SHAPE_REPRESENTATION ( '7701', ( #4451, #1076, #954 ), #14 ) ;
#2251 = CARTESIAN_POINT ( 'NONE',  ( 0.1909402892192384200, 0.1675097155769567100, -0.1636330220841501200 ) ) ;
#2252 = ORIENTED_EDGE ( 'NONE', *, *, #2023, .T. ) ;
#2253 = CARTESIAN_POINT ( 'NONE',  ( 0.08394028921923844800, 0.1307739569193661600, 0.06036697791584985700 ) ) ;
#2254 = VERTEX_POINT ( 'NONE', #1151 ) ;
#2255 = DIMENSIONAL_EXPONENTS ( 1.000000000000000000, 0.0000000000000000000, 0.0000000000000000000, 0.0000000000000000000, 0.0000000000000000000, 0.0000000000000000000, 0.0000000000000000000 ) ;
#2256 = VERTEX_POINT ( 'NONE', #1013 ) ;
#2257 = B_SPLINE_CURVE_WITH_KNOTS ( 'NONE', 3,
 ( #589, #649, #546, #536, #529, #510 ),
 .UNSPECIFIED., .F., .F.,
 ( 4, 2, 4 ),
 ( 0.05659104146043795300, 0.05713599775450804700, 0.05768095404857813400 ),
 .UNSPECIFIED. ) ;
#2258 =( LENGTH_UNIT ( ) NAMED_UNIT ( * ) SI_UNIT ( $, .METRE. ) );
#2259 = CARTESIAN_POINT ( 'NONE',  ( 0.08394028921923851700, -0.002490284423043385200, -0.08063302208415015800 ) ) ;
#2260 = CARTESIAN_POINT ( 'NONE',  ( 0.02158646014675904400, 0.01884304891028987600, 0.02736697791584989700 ) ) ;
#2261 = CARTESIAN_POINT ( 'NONE',  ( 0.1237774577933226500, 0.1286906235860328400, 0.06036697791584981500 ) ) ;
#2262 = PLANE ( 'NONE',  #3173 ) ;
#2263 = ORIENTED_EDGE ( 'NONE', *, *, #2131, .T. ) ;
#2264 = EDGE_CURVE ( 'NONE', #3063, #4292, #2376, .T. ) ;
#2265 = AXIS2_PLACEMENT_3D ( 'NONE', #1329, #1404, #1322 ) ;
#2266 = DIRECTION ( 'NONE',  ( -1.000000000000000000, 0.0000000000000000000, 0.0000000000000000000 ) ) ;
#2267 = CARTESIAN_POINT ( 'NONE',  ( 0.2439402892192384400, -0.2424902844230432100, 0.1197921747662435300 ) ) ;
#2268 = ORIENTED_EDGE ( 'NONE', *, *, #1127, .F. ) ;
#2269 = CARTESIAN_POINT ( 'NONE',  ( 0.1436960420803647400, 0.1266072902526995100, 0.02586697791584982600 ) ) ;
#2270 =( CONVERSION_BASED_UNIT ( 'INCH', #2070 ) LENGTH_UNIT ( ) NAMED_UNIT ( #3782 ) );
#2271 = EDGE_CURVE ( 'NONE', #2721, #2721, #2248, .T. ) ;
#2272 = PRESENTATION_LAYER_ASSIGNMENT (  '', '', ( #2965 ) ) ;
#2273 = ORIENTED_EDGE ( 'NONE', *, *, #1425, .T. ) ;
#2275 = PRESENTATION_LAYER_ASSIGNMENT (  '', '', ( #367 ) ) ;
#2274 = FACE_OUTER_BOUND ( 'NONE', #3864, .T. ) ;
#2276 =( LENGTH_UNIT ( ) NAMED_UNIT ( * ) SI_UNIT ( $, .METRE. ) );
#2277 = SURFACE_STYLE_USAGE ( .BOTH. , #2356 ) ;
#2278 = FILL_AREA_STYLE ('',( #2326 ) ) ;
#2279 = EDGE_CURVE ( 'NONE', #1996, #1762, #1752, .T. ) ;
#2280 = CARTESIAN_POINT ( 'NONE',  ( 0.04237106983758547100, -0.06915695108970991400, -0.08063302208415010200 ) ) ;
#2281 = MECHANICAL_DESIGN_GEOMETRIC_PRESENTATION_REPRESENTATION (  '', ( #2965 ), #2302 ) ;
#2283 = CYLINDRICAL_SURFACE ( 'NONE', #3713, 0.06899999999999999200 ) ;
#2282 = CARTESIAN_POINT ( 'NONE',  ( 0.1171379296976423500, 0.02184304891028992000, 0.04886697791584968700 ) ) ;
#2284 = ORIENTED_EDGE ( 'NONE', *, *, #988, .F. ) ;
#2285 = CARTESIAN_POINT ( 'NONE',  ( 0.1503355701760455700, 0.1765097155769562200, -0.008633022084150241200 ) ) ;
#2286 = SURFACE_STYLE_USAGE ( .BOTH. , #1804 ) ;
#2287 =( NAMED_UNIT ( * ) SI_UNIT ( $, .STERADIAN. ) SOLID_ANGLE_UNIT ( ) );
#2288 = CARTESIAN_POINT ( 'NONE',  ( 0.1636146263674068100, 0.1245239569193661700, -0.008633022084150095500 ) ) ;
#2289 = ADVANCED_FACE ( 'NONE', ( #1629 ), #4058, .F. ) ;
#2290 = UNCERTAINTY_MEASURE_WITH_UNIT (LENGTH_MEASURE( 1.000000000000000100E-005 ), #3684, 'distance_accuracy_value', 'NONE');
#2291 = COLOUR_RGB ( '',0.9882352941176471000, 1.000000000000000000, 0.9882352941176471000 ) ;
#2292 = SURFACE_STYLE_USAGE ( .BOTH. , #2305 ) ;
#2293 = CARTESIAN_POINT ( 'NONE',  ( 0.1633105697652800800, 0.2410299676008738100, 0.01286697791584983700 ) ) ;
#2294 = CARTESIAN_POINT ( 'NONE',  ( 0.02158646014675897500, -0.007823617756376726600, -0.04463302208415009100 ) ) ;
#2295 = CARTESIAN_POINT ( 'NONE',  ( 0.02158646014675904400, 0.1468430489102896000, 0.02736697791584989700 ) ) ;
#2296 = CARTESIAN_POINT ( 'NONE',  ( 0.1436960420803647400, 0.1224406235860328700, -0.04313302208415015900 ) ) ;
#2297 = CARTESIAN_POINT ( 'NONE',  ( -0.03805971078076162600, -0.04249028442304322900, 0.05979217476624352400 ) ) ;
#2298 = CARTESIAN_POINT ( 'NONE',  ( 0.0008018504559324932600, -0.01049028442304338200, -0.008633022084150081600 ) ) ;
#2299 = EDGE_CURVE ( 'NONE', #2714, #2714, #4406, .T. ) ;
#2300 = CARTESIAN_POINT ( 'NONE',  ( -0.05705971078076135800, 0.2165097155769567800, 0.01286697791584984000 ) ) ;
#2301 =( NAMED_UNIT ( * ) PLANE_ANGLE_UNIT ( ) SI_UNIT ( $, .RADIAN. ) );
#2302 =( GEOMETRIC_REPRESENTATION_CONTEXT ( 3 ) GLOBAL_UNCERTAINTY_ASSIGNED_CONTEXT ( ( #2869 ) ) GLOBAL_UNIT_ASSIGNED_CONTEXT ( ( #3486, #3474, #3453 ) ) REPRESENTATION_CONTEXT ( 'NONE', 'WORKASPACE' ) );
#2303 = CARTESIAN_POINT ( 'NONE',  ( 0.1237774577933226400, 0.1203572902526995300, -0.07763302208415014100 ) ) ;
#2304 = COLOUR_RGB ( '',0.9882352941176471000, 1.000000000000000000, 0.9882352941176471000 ) ;
#2305 = SURFACE_SIDE_STYLE ('',( #1196 ) ) ;
#2306 = SURFACE_STYLE_USAGE ( .BOTH. , #1108 ) ;
#2307 = SURFACE_STYLE_FILL_AREA ( #2367 ) ;
#2308 = EDGE_CURVE ( 'NONE', #2669, #3099, #4179, .T. ) ;
#2309 = FILL_AREA_STYLE_COLOUR ( '', #3674 ) ;
#2310 = UNCERTAINTY_MEASURE_WITH_UNIT (LENGTH_MEASURE( 1.000000000000000100E-005 ), #1483, 'distance_accuracy_value', 'NONE');
#2311 = CARTESIAN_POINT ( 'NONE',  ( 0.2053371217955049200, 0.2287786929926642900, 0.01286697791584982000 ) ) ;
#2312 = CARTESIAN_POINT ( 'NONE',  ( 0.02158646014675904400, -0.01315695108971004200, 0.02736697791584989700 ) ) ;
#2313 = CARTESIAN_POINT ( 'NONE',  ( 0.04237106983758561600, 0.1441763822436229200, 0.06336697791584985900 ) ) ;
#2314 = CARTESIAN_POINT ( 'NONE',  ( 0.05074264874083525600, 0.02717638224362323500, 0.04886697791584990200 ) ) ;
#2315 = ORIENTED_EDGE ( 'NONE', *, *, #1606, .T. ) ;
#2316 =( CONVERSION_BASED_UNIT ( 'INCH', #2571 ) LENGTH_UNIT ( ) NAMED_UNIT ( #1803 ) );
#2317 = EDGE_CURVE ( 'NONE', #2669, #3566, #4170, .T. ) ;
#2318 = ORIENTED_EDGE ( 'NONE', *, *, #1041, .T. ) ;
#2319 = LINE ( 'NONE', #161, #1744 ) ;
#2320 = ORIENTED_EDGE ( 'NONE', *, *, #1370, .T. ) ;
#2321 = FILL_AREA_STYLE_COLOUR ( '', #3265 ) ;
#2322 = CARTESIAN_POINT ( 'NONE',  ( 0.08394028921923849000, 0.1182739569193662200, -0.07763302208415014100 ) ) ;
#2323 = LINE ( 'NONE', #1114, #1993 ) ;
#2324 = LENGTH_MEASURE_WITH_UNIT ( LENGTH_MEASURE( 0.02539999999999999900 ), #3842 );
#2325 = CARTESIAN_POINT ( 'NONE',  ( 0.1914722508163883800, 0.2334310540283257600, 0.01286697791584982600 ) ) ;
#2326 = FILL_AREA_STYLE_COLOUR ( '', #1552 ) ;
#2327 = COLOUR_RGB ( '',0.8000000000000000400, 0.8039215686274510100, 0.8000000000000000400 ) ;
#2328 = CARTESIAN_POINT ( 'NONE',  ( 0.04410312064515428700, 0.1161906235860329500, -0.07763302208415014100 ) ) ;
#2329 = CARTESIAN_POINT ( 'NONE',  ( 0.03330558357245615900, 0.2460724400868460300, -0.03013302208415017200 ) ) ;
#2330 = EDGE_CURVE ( 'NONE', #3566, #373, #1865, .T. ) ;
#2331 =( LENGTH_UNIT ( ) NAMED_UNIT ( * ) SI_UNIT ( $, .METRE. ) );
#2332 = PLANE ( 'NONE',  #2554 ) ;
#2333 = VECTOR ( 'NONE', #2042, 39.37007874015748900 ) ;
#2334 = MECHANICAL_DESIGN_GEOMETRIC_PRESENTATION_REPRESENTATION (  '', ( #2780 ), #3966 ) ;
#2335 = SURFACE_STYLE_USAGE ( .BOTH. , #2347 ) ;
#2336 = CARTESIAN_POINT ( 'NONE',  ( 0.02418453635811220600, 0.1141072902526995100, -0.04313302208415014500 ) ) ;
#2337 = DIRECTION ( 'NONE',  ( -0.0000000000000000000, -1.000000000000000000, -1.707404996040165000E-016 ) ) ;
#2338 = PRESENTATION_STYLE_ASSIGNMENT (( #1923 ) ) ;
#2339 = AXIS2_PLACEMENT_3D ( 'NONE', #3199, #3187, #3171 ) ;
#2340 = FILL_AREA_STYLE ('',( #2049 ) ) ;
#2341 = CARTESIAN_POINT ( 'NONE',  ( 0.2187624236935493700, 0.2233697673216185900, 0.01286697791584984000 ) ) ;
#2342 = CARTESIAN_POINT ( 'NONE',  ( 0.04237106983758561600, -0.01582361775637670900, 0.06336697791584985900 ) ) ;
#2343 = CARTESIAN_POINT ( 'NONE',  ( 0.08394028921923865600, 0.1415097155769563000, 0.06336697791584983100 ) ) ;
#2344 = EDGE_CURVE ( 'NONE', #4681, #3738, #1876, .T. ) ;
#2345 = CARTESIAN_POINT ( 'NONE',  ( 0.004265952071070120200, 0.1120239569193662200, -0.008633022084150173600 ) ) ;
#2346 = CARTESIAN_POINT ( 'NONE',  ( 0.03791800753063126500, 0.2400091630922486200, -0.03013302208415017200 ) ) ;
#2347 = SURFACE_SIDE_STYLE ('',( #2770 ) ) ;
#2348 = FILL_AREA_STYLE_COLOUR ( '', #1409 ) ;
#2349 = PRODUCT ( '7701', '7701', '', ( #1312 ) ) ;
#2350 = CARTESIAN_POINT ( 'NONE',  ( 0.04258763206943143300, 0.2339817993816637200, -0.03013302208415016800 ) ) ;
#2351 = FILL_AREA_STYLE ('',( #2369 ) ) ;
#2352 = CARTESIAN_POINT ( 'NONE',  ( 0.1337367499368437300, 0.01384304891028992900, -0.03738302208415030000 ) ) ;
#2353 = PLANE ( 'NONE',  #260 ) ;
#2354 = LENGTH_MEASURE_WITH_UNIT ( LENGTH_MEASURE( 0.02539999999999999900 ), #3824 );
#2355 = EDGE_CURVE ( 'NONE', #3099, #4577, #1748, .T. ) ;
#2356 = SURFACE_SIDE_STYLE ('',( #4350 ) ) ;
#2357 = CARTESIAN_POINT ( 'NONE',  ( 0.1255095086008917400, -0.02115695108971002100, 0.06336697791584976200 ) ) ;
#2358 = CARTESIAN_POINT ( 'NONE',  ( 0.1255095086008917400, 0.1388430489102896200, 0.06336697791584976200 ) ) ;
#2359 = FACE_OUTER_BOUND ( 'NONE', #4227, .T. ) ;
#2360 = CARTESIAN_POINT ( 'NONE',  ( 0.05074264874083495000, 0.005843048910289943200, -0.06613302208415007500 ) ) ;
#2361 = CARTESIAN_POINT ( 'NONE',  ( 0.05218941785712114700, 0.2221621460143152500, -0.03013302208415017500 ) ) ;
#2362 = PRESENTATION_LAYER_ASSIGNMENT (  '', '', ( #2817 ) ) ;
#2363 = PLANE ( 'NONE',  #932 ) ;
#2364 = CARTESIAN_POINT ( 'NONE',  ( 0.1503355701760455700, -0.06949028442304326600, -0.008633022084150241200 ) ) ;
#2365 = DIRECTION ( 'NONE',  ( 0.0000000000000000000, 0.0000000000000000000, -1.000000000000000000 ) ) ;
#2366 = FILL_AREA_STYLE ('',( #2634 ) ) ;
#2367 = FILL_AREA_STYLE ('',( #3154 ) ) ;
#2368 = EDGE_CURVE ( 'NONE', #3476, #1810, #4186, .T. ) ;
#2369 = FILL_AREA_STYLE_COLOUR ( '', #2637 ) ;
#2370 = AXIS2_PLACEMENT_3D ( 'NONE', #3425, #3410, #3390 ) ;
#2371 = EDGE_LOOP ( 'NONE', ( #4458, #3352, #4669, #4915 ) ) ;
#2372 = CARTESIAN_POINT ( 'NONE',  ( 0.02418453635811217100, 0.1099406235860328600, 0.02586697791584982600 ) ) ;
#2373 = LENGTH_MEASURE_WITH_UNIT ( LENGTH_MEASURE( 0.02539999999999999900 ), #1608 );
#2374 = AXIS2_PLACEMENT_3D ( 'NONE', #354, #272, #252 ) ;
#2375 = EDGE_CURVE ( 'NONE', #2633, #4591, #3092, .T. ) ;
#2376 = LINE ( 'NONE', #847, #4464 ) ;
#2377 = STYLED_ITEM ( 'NONE', ( #453 ), #2933 ) ;
#2378 = LENGTH_MEASURE_WITH_UNIT ( LENGTH_MEASURE( 0.02539999999999999900 ), #4656 );
#2379 = CARTESIAN_POINT ( 'NONE',  ( 0.08394028921923860100, 0.1586776238946949700, -0.008633022084150159700 ) ) ;
#2380 = CARTESIAN_POINT ( 'NONE',  ( 0.1337367499368437600, -0.07215695108970993100, -0.03738302208415023700 ) ) ;
#2381 = CARTESIAN_POINT ( 'NONE',  ( 0.08394028921923865600, 0.1095097155769563700, 0.06336697791584983100 ) ) ;
#2382 = FILL_AREA_STYLE_COLOUR ( '', #4520 ) ;
#2383 = CARTESIAN_POINT ( 'NONE',  ( 0.06244028921923864400, 0.2109334006014888200, -0.03013302208415017500 ) ) ;
#2384 = EDGE_LOOP ( 'NONE', ( #1372, #2623, #2903, #3937, #3164, #1199, #3197, #3286 ) ) ;
#2385 = FACE_OUTER_BOUND ( 'NONE', #3235, .T. ) ;
#2386 = CARTESIAN_POINT ( 'NONE',  ( 0.1171379296976420000, -0.07482361775637659500, -0.06613302208415021400 ) ) ;
#2387 = EDGE_CURVE ( 'NONE', #3710, #2019, #1135, .T. ) ;
#2388 = CARTESIAN_POINT ( 'NONE',  ( -0.05088184525507220800, 0.2233697673216185600, 0.01286697791584984000 ) ) ;
#2389 = DIRECTION ( 'NONE',  ( -1.000000000000000000, 0.0000000000000000000, 0.0000000000000000000 ) ) ;
#2390 = ORIENTED_EDGE ( 'NONE', *, *, #876, .F. ) ;
#2391 = CARTESIAN_POINT ( 'NONE',  ( 0.08394028921923839300, 0.008509715576956613700, -0.06613302208415015900 ) ) ;
#2392 = LINE ( 'NONE', #2149, #2401 ) ;
#2393 = CARTESIAN_POINT ( 'NONE',  ( 0.1054402892192386500, 0.1885097155769567500, -0.03013302208415016800 ) ) ;
#2394 = ORIENTED_EDGE ( 'NONE', *, *, #1441, .F. ) ;
#2395 = CIRCLE ( 'NONE', #2766, 0.07900000000000016700 ) ;
#2396 = CARTESIAN_POINT ( 'NONE',  ( 0.1054402892192386600, 0.1885097155769567500, 0.01286697791584984900 ) ) ;
#2397 = CARTESIAN_POINT ( 'NONE',  ( 0.1462941182917182300, -0.02382361775637668900, 0.02736697791584973400 ) ) ;
#2398 = ORIENTED_EDGE ( 'NONE', *, *, #2488, .T. ) ;
#2399 = CARTESIAN_POINT ( 'NONE',  ( 0.1255095086008917400, 0.1068430489102896900, 0.06336697791584976200 ) ) ;
#2400 = CARTESIAN_POINT ( 'NONE',  ( 0.1345749948660210100, 0.2460724400868460900, -0.03013302208415016800 ) ) ;
#2401 = VECTOR ( 'NONE', #2106, 39.37007874015748900 ) ;
#2402 = CARTESIAN_POINT ( 'NONE',  ( 0.2193188213192139300, 0.2165097155769567800, -0.03013302208415016100 ) ) ;
#2403 = EDGE_CURVE ( 'NONE', #3746, #4240, #1422, .T. ) ;
#2404 = CARTESIAN_POINT ( 'NONE',  ( 0.2439402892192384400, -0.07549028442304323000, -0.1636330220841501200 ) ) ;
#2405 = PRESENTATION_LAYER_ASSIGNMENT (  '', '', ( #2377 ) ) ;
#2407 = AXIS2_PLACEMENT_3D ( 'NONE', #4786, #4769, #4760 ) ;
#2406 = SURFACE_STYLE_FILL_AREA ( #1942 ) ;
#2408 = CONICAL_SURFACE ( 'NONE', #271, 0.05501021192411735500, 0.6108652381980168600 ) ;
#2409 = UNCERTAINTY_MEASURE_WITH_UNIT (LENGTH_MEASURE( 1.000000000000000100E-005 ), #4587, 'distance_accuracy_value', 'NONE');
#2410 = FILL_AREA_STYLE_COLOUR ( '', #2130 ) ;
#2411 = EDGE_CURVE ( 'NONE', #4470, #3746, #4126, .T. ) ;
#2412 = MECHANICAL_DESIGN_GEOMETRIC_PRESENTATION_REPRESENTATION (  '', ( #2377 ), #2437 ) ;
#2413 = CARTESIAN_POINT ( 'NONE',  ( 0.1609402892192387000, 0.1885097155769567500, 0.01286697791584983200 ) ) ;
#2414 = B_SPLINE_CURVE_WITH_KNOTS ( 'NONE', 3,
 ( #2776, #1244, #4616, #4664, #4933, #4921, #4913 ),
 .UNSPECIFIED., .F., .F.,
 ( 4, 3, 4 ),
 ( 0.006399947929235580400, 0.006426642468549671100, 0.006574765423666385600 ),
 .UNSPECIFIED. ) ;
#2415 =( NAMED_UNIT ( * ) SI_UNIT ( $, .STERADIAN. ) SOLID_ANGLE_UNIT ( ) );
#2416 = DIRECTION ( 'NONE',  ( -7.691013495676420000E-017, 0.0000000000000000000, -1.000000000000000000 ) ) ;
#2417 = CARTESIAN_POINT ( 'NONE',  ( 0.1462941182917182300, 0.1041763822436230500, 0.02736697791584973400 ) ) ;
#2418 = FILL_AREA_STYLE_COLOUR ( '', #381 ) ;
#2419 = ORIENTED_EDGE ( 'NONE', *, *, #1019, .T. ) ;
#2420 = DIRECTION ( 'NONE',  ( 0.0000000000000000000, 0.0000000000000000000, 1.000000000000000000 ) ) ;
#2421 = VECTOR ( 'NONE', #3938, 39.37007874015748100 ) ;
#2422 = DIRECTION ( 'NONE',  ( 0.0000000000000000000, 0.0000000000000000000, -1.000000000000000000 ) ) ;
#2423 = DIRECTION ( 'NONE',  ( 1.117274028429802500E-013, 0.0000000000000000000, -1.000000000000000000 ) ) ;
#2424 = DIRECTION ( 'NONE',  ( -0.0000000000000000000, 1.000000000000000000, -0.0000000000000000000 ) ) ;
#2425 = DIRECTION ( 'NONE',  ( 0.0000000000000000000, -1.000000000000000000, -0.0000000000000000000 ) ) ;
#2426 = LENGTH_MEASURE_WITH_UNIT ( LENGTH_MEASURE( 0.02539999999999999900 ), #759 );
#2427 = ORIENTED_EDGE ( 'NONE', *, *, #2736, .T. ) ;
#2428 = EDGE_CURVE ( 'NONE', #4240, #459, #4866, .T. ) ;
#2429 = CARTESIAN_POINT ( 'NONE',  ( 0.1462941182917182300, 0.1361763822436229700, 0.02736697791584973400 ) ) ;
#2430 = VECTOR ( 'NONE', #1972, 39.37007874015748100 ) ;
#2431 = CARTESIAN_POINT ( 'NONE',  ( -0.02610233468224862000, 0.1351978890480585200, -0.01342287407390815500 ) ) ;
#2432 = CARTESIAN_POINT ( 'NONE',  ( 0.08394028921923843400, 0.07750971557695671100, -0.008633022084150142300 ) ) ;
#2433 = DIMENSIONAL_EXPONENTS ( 1.000000000000000000, 0.0000000000000000000, 0.0000000000000000000, 0.0000000000000000000, 0.0000000000000000000, 0.0000000000000000000, 0.0000000000000000000 ) ;
#2434 = CARTESIAN_POINT ( 'NONE',  ( 0.1054402892192386600, 0.1885097155769567500, 0.06836697791584983600 ) ) ;
#2435 = FACE_OUTER_BOUND ( 'NONE', #4812, .T. ) ;
#2436 = CARTESIAN_POINT ( 'NONE',  ( 0.2379402892192384900, 0.1205097155769567100, -0.1636330220841501200 ) ) ;
#2437 =( GEOMETRIC_REPRESENTATION_CONTEXT ( 3 ) GLOBAL_UNCERTAINTY_ASSIGNED_CONTEXT ( ( #1334 ) ) GLOBAL_UNIT_ASSIGNED_CONTEXT ( ( #2152, #2139, #2081 ) ) REPRESENTATION_CONTEXT ( 'NONE', 'WORKASPACE' ) );
#2438 = DIRECTION ( 'NONE',  ( 1.000000000000000000, 0.0000000000000000000, 1.117274028429802500E-013 ) ) ;
#2439 = LINE ( 'NONE', #3421, #4737 ) ;
#2440 = CIRCLE ( 'NONE', #3887, 0.1409999999999999300 ) ;
#2441 = ORIENTED_EDGE ( 'NONE', *, *, #1056, .T. ) ;
#2442 = FILL_AREA_STYLE ('',( #1885 ) ) ;
#2443 = ORIENTED_EDGE ( 'NONE', *, *, #1127, .T. ) ;
#2444 = CARTESIAN_POINT ( 'NONE',  ( 0.1337367499368437600, 0.1738430489102895900, -0.03738302208415023700 ) ) ;
#2445 = CARTESIAN_POINT ( 'NONE',  ( 0.2379402892192384900, -0.2424902844230432100, 0.1197921747662435700 ) ) ;
#2446 = COLOUR_RGB ( '',0.8000000000000000400, 0.8039215686274510100, 0.8000000000000000400 ) ;
#2447 = ORIENTED_EDGE ( 'NONE', *, *, #1010, .T. ) ;
#2448 = UNCERTAINTY_MEASURE_WITH_UNIT (LENGTH_MEASURE( 1.000000000000000100E-005 ), #2947, 'distance_accuracy_value', 'NONE');
#2449 = EDGE_LOOP ( 'NONE', ( #2390, #2050, #3289, #3781 ) ) ;
#2450 = LINE ( 'NONE', #2087, #2333 ) ;
#2451 = DIRECTION ( 'NONE',  ( 0.0000000000000000000, 0.0000000000000000000, 1.000000000000000000 ) ) ;
#2452 = CARTESIAN_POINT ( 'NONE',  ( 0.05708652829387572000, 0.2163399128833401200, -0.03013302208415018200 ) ) ;
#2453 = ORIENTED_EDGE ( 'NONE', *, *, #737, .F. ) ;
#2454 = CARTESIAN_POINT ( 'NONE',  ( 0.2191616839098022300, 0.2184472247051325300, -0.03013302208415016100 ) ) ;
#2455 = CARTESIAN_POINT ( 'NONE',  ( 0.08394028921923060700, 0.1735097155769568000, 0.06336697791584983100 ) ) ;
#2456 = DIRECTION ( 'NONE',  ( 0.0000000000000000000, -0.0000000000000000000, -1.000000000000000000 ) ) ;
#2457 = EDGE_CURVE ( 'NONE', #2019, #3167, #1068, .T. ) ;
#2458 = PRESENTATION_LAYER_ASSIGNMENT (  '', '', ( #1491 ) ) ;
#2459 = CARTESIAN_POINT ( 'NONE',  ( 0.01754500826243164000, 0.0005097155769566285200, -0.008633022084149932400 ) ) ;
#2460 = EDGE_CURVE ( 'NONE', #3355, #1207, #4748, .T. ) ;
#2461 = CARTESIAN_POINT ( 'NONE',  ( 0.1054402892192386500, 0.2460724400868460300, -0.05926772773093255000 ) ) ;
#2462 =( GEOMETRIC_REPRESENTATION_CONTEXT ( 3 ) GLOBAL_UNCERTAINTY_ASSIGNED_CONTEXT ( ( #1212 ) ) GLOBAL_UNIT_ASSIGNED_CONTEXT ( ( #2824, #2812, #2804 ) ) REPRESENTATION_CONTEXT ( 'NONE', 'WORKASPACE' ) );
#2463 = CARTESIAN_POINT ( 'NONE',  ( 0.06244028921923864400, 0.2460724400868460300, 0.04200168356263232100 ) ) ;
#2464 = CARTESIAN_POINT ( 'NONE',  ( 0.1462941182917181200, -0.02915695108971000400, -0.04463302208415023000 ) ) ;
#2465 = CARTESIAN_POINT ( 'NONE',  ( 0.1054402892192386500, 0.2400091630922486500, -0.05465530377275743000 ) ) ;
#2466 = DIRECTION ( 'NONE',  ( 0.0000000000000000000, 0.0000000000000000000, 1.000000000000000000 ) ) ;
#2467 = DIRECTION ( 'NONE',  ( 0.0000000000000000000, -1.000000000000000000, 0.0000000000000000000 ) ) ;
#2468 = PLANE ( 'NONE',  #85 ) ;
#2469 = EDGE_CURVE ( 'NONE', #3167, #4402, #3739, .T. ) ;
#2470 = DIRECTION ( 'NONE',  ( 0.0000000000000000000, -1.000000000000000000, 0.0000000000000000000 ) ) ;
#2471 = UNCERTAINTY_MEASURE_WITH_UNIT (LENGTH_MEASURE( 1.000000000000000100E-005 ), #3273, 'distance_accuracy_value', 'NONE');
#2472 = CARTESIAN_POINT ( 'NONE',  ( 0.2379402892192384900, -0.2424902844230432100, -0.1070582189345438700 ) ) ;
#2473 = SURFACE_STYLE_FILL_AREA ( #1281 ) ;
#2474 =( NAMED_UNIT ( * ) PLANE_ANGLE_UNIT ( ) SI_UNIT ( $, .RADIAN. ) );
#2475 = SURFACE_STYLE_FILL_AREA ( #3951 ) ;
#2476 = EDGE_CURVE ( 'NONE', #2117, #761, #4903, .T. ) ;
#2477 = CARTESIAN_POINT ( 'NONE',  ( 0.08394028921923843400, 0.1057739569193662200, 0.06036697791584985700 ) ) ;
#2478 = CARTESIAN_POINT ( 'NONE',  ( 0.1054402892192386500, 0.2339817993816637200, -0.04998567923395728200 ) ) ;
#2479 = LINE ( 'NONE', #2725, #735 ) ;
#2480 = CARTESIAN_POINT ( 'NONE',  ( 0.1255095086008915800, -0.03182361775637667500, -0.08063302208415019900 ) ) ;
#2481 = CARTESIAN_POINT ( 'NONE',  ( 0.2439402892192384400, -0.2424902844230432100, -0.1370582189345438100 ) ) ;
#2482 = ADVANCED_FACE ( 'NONE', ( #2980, #4914 ), #4344, .T. ) ;
#2483 = CARTESIAN_POINT ( 'NONE',  ( 0.2439402892192384400, -0.07549028442304323000, 0.1197921747662435300 ) ) ;
#2484 = CARTESIAN_POINT ( 'NONE',  ( 0.1054402892192386500, 0.2109334006014889600, -0.03013302208415016800 ) ) ;
#2485 = CIRCLE ( 'NONE', #3466, 0.05501021192411734200 ) ;
#2486 = ORIENTED_EDGE ( 'NONE', *, *, #1540, .F. ) ;
#2487 = LENGTH_MEASURE_WITH_UNIT ( LENGTH_MEASURE( 0.02539999999999999900 ), #2678 );
#2488 = EDGE_CURVE ( 'NONE', #3099, #4292, #4351, .T. ) ;
#2489 = CARTESIAN_POINT ( 'NONE',  ( 0.1670787279825446900, 0.1335097155769562900, -0.008633022084150246400 ) ) ;
#2490 = CARTESIAN_POINT ( 'NONE',  ( 0.04410312064515426600, 0.1078572902526995600, 0.06036697791584985000 ) ) ;
#2491 = COLOUR_RGB ( '',0.8000000000000000400, 0.8039215686274510100, 0.8000000000000000400 ) ;
#2492 = FACE_OUTER_BOUND ( 'NONE', #1407, .T. ) ;
#2493 = ORIENTED_EDGE ( 'NONE', *, *, #2271, .T. ) ;
#2494 = CIRCLE ( 'NONE', #4546, 0.05501021192411734200 ) ;
#2495 = PRESENTATION_LAYER_ASSIGNMENT (  '', '', ( #91 ) ) ;
#2496 = ORIENTED_EDGE ( 'NONE', *, *, #1513, .T. ) ;
#2497 = CARTESIAN_POINT ( 'NONE',  ( 0.1054402892192386600, 0.2412628073239102600, 0.06836697791584983600 ) ) ;
#2498 = CARTESIAN_POINT ( 'NONE',  ( 0.08394028921923851700, -0.03449028442304332600, -0.08063302208415015800 ) ) ;
#2499 = ORIENTED_EDGE ( 'NONE', *, *, #1648, .T. ) ;
#2500 = AXIS2_PLACEMENT_3D ( 'NONE', #873, #862, #851 ) ;
#2501 = CARTESIAN_POINT ( 'NONE',  ( 0.006940289219238612200, 0.2165097155769567800, -0.03013302208415016800 ) ) ;
#2502 = ORIENTED_EDGE ( 'NONE', *, *, #2051, .T. ) ;
#2503 =( NAMED_UNIT ( * ) SI_UNIT ( $, .STERADIAN. ) SOLID_ANGLE_UNIT ( ) );
#2504 = ORIENTED_EDGE ( 'NONE', *, *, #1500, .F. ) ;
#2505 = EDGE_CURVE ( 'NONE', #1377, #4577, #1198, .T. ) ;
#2506 = ORIENTED_EDGE ( 'NONE', *, *, #756, .F. ) ;
#2507 = CARTESIAN_POINT ( 'NONE',  ( 0.1345749948660210100, 0.2460724400868460900, -0.03013302208415016800 ) ) ;
#2508 = CARTESIAN_POINT ( 'NONE',  ( 0.1054402892192386600, 0.2163399128833401500, -0.03548678300951305100 ) ) ;
#2509 = CARTESIAN_POINT ( 'NONE',  ( 0.09829307746126705900, 0.2417031624877410700, 0.06836697791584983600 ) ) ;
#2510 = CARTESIAN_POINT ( 'NONE',  ( 0.04237106983758547100, -0.03715695108970999000, -0.08063302208415010200 ) ) ;
#2511 = CARTESIAN_POINT ( 'NONE',  ( 0.1054402892192386600, 0.2221621460143153000, -0.04038389344626759600 ) ) ;
#2512 = CARTESIAN_POINT ( 'NONE',  ( 0.1490918521543991000, 0.2439724945814342500, -0.03013302208415017200 ) ) ;
#2513 = CARTESIAN_POINT ( 'NONE',  ( -0.07005971078076157800, 0.1205097155769567100, 0.1463669779158498500 ) ) ;
#2514 =( NAMED_UNIT ( * ) SI_UNIT ( $, .STERADIAN. ) SOLID_ANGLE_UNIT ( ) );
#2515 = CIRCLE ( 'NONE', #3827, 0.04700000000000003500 ) ;
#2516 = EDGE_CURVE ( 'NONE', #3710, #3355, #1257, .T. ) ;
#2517 = FILL_AREA_STYLE_COLOUR ( '', #1643 ) ;
#2518 = MECHANICAL_DESIGN_GEOMETRIC_PRESENTATION_REPRESENTATION (  '', ( #91 ), #508 ) ;
#2519 = VECTOR ( 'NONE', #853, 39.37007874015748100 ) ;
#2520 = CARTESIAN_POINT ( 'NONE',  ( 0.1916255477876054900, 0.2333825455615082000, -0.03013302208415016800 ) ) ;
#2521 = EDGE_CURVE ( 'NONE', #459, #4470, #2185, .T. ) ;
#2522 = DIRECTION ( 'NONE',  ( 0.0000000000000000000, 0.0000000000000000000, -1.000000000000000000 ) ) ;
#2523 = AXIS2_PLACEMENT_3D ( 'NONE', #1819, #1783, #1735 ) ;
#2524 = CARTESIAN_POINT ( 'NONE',  ( 0.09112228631391945700, 0.2419251322065250300, 0.06836697791584982200 ) ) ;
#2525 = CARTESIAN_POINT ( 'NONE',  ( 0.02158646014675897500, -0.03982361775637664700, -0.04463302208415009100 ) ) ;
#2526 = STYLED_ITEM ( 'NONE', ( #482 ), #794 ) ;
#2527 = CARTESIAN_POINT ( 'NONE',  ( 0.006940289219238612200, 0.1885097155769567500, -0.03013302208415016800 ) ) ;
#2528 = CARTESIAN_POINT ( 'NONE',  ( -0.07005971078076161900, -0.2424902844230432100, -0.07705821893454388400 ) ) ;
#2529 = ADVANCED_FACE ( 'NONE', ( #4069 ), #4197, .F. ) ;
#2530 = EDGE_CURVE ( 'NONE', #2019, #459, #3793, .T. ) ;
#2531 = ADVANCED_FACE ( 'NONE', ( #3752, #3804 ), #3338, .F. ) ;
#2532 =( GEOMETRIC_REPRESENTATION_CONTEXT ( 3 ) GLOBAL_UNCERTAINTY_ASSIGNED_CONTEXT ( ( #2290 ) ) GLOBAL_UNIT_ASSIGNED_CONTEXT ( ( #3684, #3665, #3649 ) ) REPRESENTATION_CONTEXT ( 'NONE', 'WORKASPACE' ) );
#2533 =( NAMED_UNIT ( * ) SI_UNIT ( $, .STERADIAN. ) SOLID_ANGLE_UNIT ( ) );
#2534 = VECTOR ( 'NONE', #4274, 39.37007874015748100 ) ;
#2535 =( NAMED_UNIT ( * ) PLANE_ANGLE_UNIT ( ) SI_UNIT ( $, .RADIAN. ) );
#2536 = ORIENTED_EDGE ( 'NONE', *, *, #928, .T. ) ;
#2537 = CARTESIAN_POINT ( 'NONE',  ( 0.07672680080434282600, 0.2419244832886186500, 0.06836697791584983600 ) ) ;
#2538 = PRESENTATION_STYLE_ASSIGNMENT (( #578 ) ) ;
#2539 = EDGE_LOOP ( 'NONE', ( #4514, #4116, #3561, #2504 ) ) ;
#2540 =( CONVERSION_BASED_UNIT ( 'INCH', #3009 ) LENGTH_UNIT ( ) NAMED_UNIT ( #3735 ) );
#2541 = CARTESIAN_POINT ( 'NONE',  ( 0.06244028921923863000, 0.2109334006014888200, 0.01286697791584984000 ) ) ;
#2542 = CARTESIAN_POINT ( 'NONE',  ( -0.02496298078440860300, 0.1353958666752316200, -0.02764043930741951300 ) ) ;
#2543 = EDGE_LOOP ( 'NONE', ( #3484 ) ) ;
#2544 = PRESENTATION_STYLE_ASSIGNMENT (( #4619 ) ) ;
#2545 = STYLED_ITEM ( 'NONE', ( #1580 ), #1384 ) ;
#2546 =( LENGTH_UNIT ( ) NAMED_UNIT ( * ) SI_UNIT ( $, .METRE. ) );
#2547 = CARTESIAN_POINT ( 'NONE',  ( 0.2187624236935493700, 0.2233697673216185600, -0.03013302208415016100 ) ) ;
#2548 = CARTESIAN_POINT ( 'NONE',  ( 0.2188473889607497300, 0.2223222413288309900, -0.03013302208415016100 ) ) ;
#2549 = EDGE_LOOP ( 'NONE', ( #3797 ) ) ;
#2550 = CARTESIAN_POINT ( 'NONE',  ( -0.03805971078076162600, -0.2424902844230432100, -0.1370582189345438100 ) ) ;
#2551 = ORIENTED_EDGE ( 'NONE', *, *, #598, .T. ) ;
#2552 = AXIS2_PLACEMENT_3D ( 'NONE', #2786, #2778, #2741 ) ;
#2553 = CARTESIAN_POINT ( 'NONE',  ( 0.1670787279825446900, 0.1015097155769564000, -0.008633022084150246400 ) ) ;
#2554 = AXIS2_PLACEMENT_3D ( 'NONE', #1800, #1696, #1659 ) ;
#2555 = COLOUR_RGB ( '',0.8000000000000000400, 0.8039215686274510100, 0.8000000000000000400 ) ;
#2556 = ORIENTED_EDGE ( 'NONE', *, *, #702, .F. ) ;
#2557 = CARTESIAN_POINT ( 'NONE',  ( -0.07005971078076161900, 0.1205097155769567100, -0.1370582189345438100 ) ) ;
#2558 = CARTESIAN_POINT ( 'NONE',  ( 0.0008018504559324932600, -0.04249028442304331200, -0.008633022084150081600 ) ) ;
#2559 = EDGE_CURVE ( 'NONE', #1207, #1377, #1016, .T. ) ;
#2560 = CARTESIAN_POINT ( 'NONE',  ( 0.2379402892192384900, 0.1205097155769567100, -0.1370582189345438100 ) ) ;
#2561 = PRESENTATION_LAYER_ASSIGNMENT (  '', '', ( #4875 ) ) ;
#2562 = CARTESIAN_POINT ( 'NONE',  ( 0.03414382850163329800, 0.003176382243623281400, -0.03738302208415005000 ) ) ;
#2563 = EDGE_LOOP ( 'NONE', ( #2870, #359, #3625, #4689 ) ) ;
#2564 = UNCERTAINTY_MEASURE_WITH_UNIT (LENGTH_MEASURE( 1.000000000000000100E-005 ), #2234, 'distance_accuracy_value', 'NONE');
#2565 = SURFACE_STYLE_USAGE ( .BOTH. , #2574 ) ;
#2566 = ORIENTED_EDGE ( 'NONE', *, *, #1339, .F. ) ;
#2567 = DIRECTION ( 'NONE',  ( -0.0000000000000000000, 1.000000000000000000, -0.0000000000000000000 ) ) ;
#2568 = EDGE_CURVE ( 'NONE', #4470, #1207, #4391, .T. ) ;
#2569 = CARTESIAN_POINT ( 'NONE',  ( 0.1462941182917181200, 0.09884304891028970800, -0.04463302208415023000 ) ) ;
#2570 = DIRECTION ( 'NONE',  ( 1.000000000000000000, 0.0000000000000000000, -1.538202699135282800E-016 ) ) ;
#2571 = LENGTH_MEASURE_WITH_UNIT ( LENGTH_MEASURE( 0.02539999999999999900 ), #2331 );
#2572 = DIRECTION ( 'NONE',  ( 0.0000000000000000000, 1.000000000000000000, 0.0000000000000000000 ) ) ;
#2573 = CARTESIAN_POINT ( 'NONE',  ( 0.02158646014675904400, -0.04515695108970997600, 0.02736697791584989700 ) ) ;
#2574 = SURFACE_SIDE_STYLE ('',( #3185 ) ) ;
#2576 = SURFACE_STYLE_FILL_AREA ( #513 ) ;
#2575 = CARTESIAN_POINT ( 'NONE',  ( 0.2053577203558301600, 0.2287703940298122000, -0.03013302208415016500 ) ) ;
#2577 = CARTESIAN_POINT ( 'NONE',  ( -0.02588917231860474200, 0.1352478999506616100, -0.01817927396557437300 ) ) ;
#2578 = ADVANCED_FACE ( 'NONE', ( #3280 ), #3791, .T. ) ;
#2579 = ADVANCED_FACE ( 'NONE', ( #2129 ), #20, .T. ) ;
#2580 = DIMENSIONAL_EXPONENTS ( 1.000000000000000000, 0.0000000000000000000, 0.0000000000000000000, 0.0000000000000000000, 0.0000000000000000000, 0.0000000000000000000, 0.0000000000000000000 ) ;
#2581 = LINE ( 'NONE', #4688, #2151 ) ;
#2582 = EDGE_CURVE ( 'NONE', #4402, #4577, #458, .T. ) ;
#2583 = FILL_AREA_STYLE_COLOUR ( '', #178 ) ;
#2584 = SURFACE_STYLE_FILL_AREA ( #1113 ) ;
#2585 = ORIENTED_EDGE ( 'NONE', *, *, #1275, .F. ) ;
#2586 = CARTESIAN_POINT ( 'NONE',  ( 0.1670787279825446900, 0.03750971557695650200, -0.008633022084150454600 ) ) ;
#2587 = EDGE_CURVE ( 'NONE', #3167, #4240, #3700, .T. ) ;
#2588 = PRESENTATION_LAYER_ASSIGNMENT (  '', '', ( #4358 ) ) ;
#2589 = UNCERTAINTY_MEASURE_WITH_UNIT (LENGTH_MEASURE( 1.000000000000000100E-005 ), #2624, 'distance_accuracy_value', 'NONE');
#2590 = CARTESIAN_POINT ( 'NONE',  ( 0.2439402892192384400, -0.07549028442304323000, -0.1370582189345438100 ) ) ;
#2591 = CARTESIAN_POINT ( 'NONE',  ( 0.1490307589466751100, 0.2439813320594380600, 0.01286697791584983700 ) ) ;
#2592 = CARTESIAN_POINT ( 'NONE',  ( 0.04237106983758561600, -0.04782361775637664100, 0.06336697791584985900 ) ) ;
#2593 = CARTESIAN_POINT ( 'NONE',  ( 0.04237106983758547100, 0.09084304891028975600, -0.08063302208415010200 ) ) ;
#2594 = FILL_AREA_STYLE ('',( #2689 ) ) ;
#2595 = DIRECTION ( 'NONE',  ( 1.000000000000000000, 2.501221967493828800E-016, 0.0000000000000000000 ) ) ;
#2596 =( CONVERSION_BASED_UNIT ( 'INCH', #1665 ) LENGTH_UNIT ( ) NAMED_UNIT ( #499 ) );
#2597 = SURFACE_STYLE_FILL_AREA ( #4657 ) ;
#2598 = EDGE_CURVE ( 'NONE', #4342, #3216, #760, .T. ) ;
#2599 = PRESENTATION_STYLE_ASSIGNMENT (( #4057 ) ) ;
#2600 = SURFACE_STYLE_FILL_AREA ( #1050 ) ;
#2601 =( NAMED_UNIT ( * ) PLANE_ANGLE_UNIT ( ) SI_UNIT ( $, .RADIAN. ) );
#2602 = DIRECTION ( 'NONE',  ( 0.0000000000000000000, 1.000000000000000000, 1.707404996040165000E-016 ) ) ;
#2603 = DIRECTION ( 'NONE',  ( 2.449212707644754500E-016, -1.000000000000000000, -0.0000000000000000000 ) ) ;
#2604 =( GEOMETRIC_REPRESENTATION_CONTEXT ( 3 ) GLOBAL_UNCERTAINTY_ASSIGNED_CONTEXT ( ( #1017 ) ) GLOBAL_UNIT_ASSIGNED_CONTEXT ( ( #2717, #3832, #1878 ) ) REPRESENTATION_CONTEXT ( 'NONE', 'WORKASPACE' ) );
#2605 = COLOUR_RGB ( '',0.9882352941176471000, 1.000000000000000000, 0.9882352941176471000 ) ;
#2606 = VERTEX_POINT ( 'NONE', #3222 ) ;
#2607 =( NAMED_UNIT ( * ) SI_UNIT ( $, .STERADIAN. ) SOLID_ANGLE_UNIT ( ) );
#2608 = DIRECTION ( 'NONE',  ( 1.000000000000000000, 0.0000000000000000000, 0.0000000000000000000 ) ) ;
#2609 = CARTESIAN_POINT ( 'NONE',  ( 0.08394028921923865600, -0.05049028442304329100, 0.06336697791584983100 ) ) ;
#2610 = CARTESIAN_POINT ( 'NONE',  ( 0.1255095086008917400, 0.07484304891028975600, 0.06336697791584976200 ) ) ;
#2611 = LENGTH_MEASURE_WITH_UNIT ( LENGTH_MEASURE( 0.02539999999999999900 ), #910 );
#2612 = CARTESIAN_POINT ( 'NONE',  ( 0.08394028921923843400, 0.1205097155769563700, -0.008633022084150142300 ) ) ;
#2613 = ORIENTED_EDGE ( 'NONE', *, *, #1850, .F. ) ;
#2614 = PRESENTATION_STYLE_ASSIGNMENT (( #4670 ) ) ;
#2615 = CARTESIAN_POINT ( 'NONE',  ( 0.08394028921923858700, 0.2233697673216185600, -0.008633022084150159700 ) ) ;
#2616 = ORIENTED_EDGE ( 'NONE', *, *, #598, .F. ) ;
#2617 = EDGE_CURVE ( 'NONE', #3746, #1377, #752, .T. ) ;
#2618 = UNCERTAINTY_MEASURE_WITH_UNIT (LENGTH_MEASURE( 1.000000000000000100E-005 ), #2849, 'distance_accuracy_value', 'NONE');
#2619 =( NAMED_UNIT ( * ) SI_UNIT ( $, .STERADIAN. ) SOLID_ANGLE_UNIT ( ) );
#2620 = VECTOR ( 'NONE', #2570, 39.37007874015748100 ) ;
#2621 = ORIENTED_EDGE ( 'NONE', *, *, #4110, .T. ) ;
#2622 = VECTOR ( 'NONE', #1520, 39.37007874015748100 ) ;
#2623 = ORIENTED_EDGE ( 'NONE', *, *, #1635, .F. ) ;
#2624 =( CONVERSION_BASED_UNIT ( 'INCH', #4791 ) LENGTH_UNIT ( ) NAMED_UNIT ( #3189 ) );
#2625 = CARTESIAN_POINT ( 'NONE',  ( 0.2190045398137567800, 0.2203847332910154100, -0.03013302208415016100 ) ) ;
#2626 = EDGE_CURVE ( 'NONE', #761, #1258, #4547, .T. ) ;
#2627 = ORIENTED_EDGE ( 'NONE', *, *, #2476, .F. ) ;
#2628 = MECHANICAL_DESIGN_GEOMETRIC_PRESENTATION_REPRESENTATION (  '', ( #4358 ), #2640 ) ;
#2629 = CARTESIAN_POINT ( 'NONE',  ( 0.1255095086008915800, 0.1281763822436229900, -0.08063302208415019900 ) ) ;
#2630 = CARTESIAN_POINT ( 'NONE',  ( 0.1171379296976420000, 0.1711763822436229400, -0.06613302208415021400 ) ) ;
#2631 = STYLED_ITEM ( 'NONE', ( #4156 ), #840 ) ;
#2632 =( NAMED_UNIT ( * ) PLANE_ANGLE_UNIT ( ) SI_UNIT ( $, .RADIAN. ) );
#2633 = VERTEX_POINT ( 'NONE', #3360 ) ;
#2634 = FILL_AREA_STYLE_COLOUR ( '', #4235 ) ;
#2635 = CARTESIAN_POINT ( 'NONE',  ( 0.1255095086008917400, -0.05315695108970994900, 0.06336697791584976200 ) ) ;
#2636 = CARTESIAN_POINT ( 'NONE',  ( 0.1255095086008915800, 0.09617638224362305700, -0.08063302208415019900 ) ) ;
#2637 = COLOUR_RGB ( '',0.8000000000000000400, 0.8039215686274510100, 0.8000000000000000400 ) ;
#2638 = EDGE_CURVE ( 'NONE', #1810, #1258, #319, .T. ) ;
#2639 = CARTESIAN_POINT ( 'NONE',  ( 0.04237106983758561600, 0.01617638224362323900, 0.06336697791584985900 ) ) ;
#2640 =( GEOMETRIC_REPRESENTATION_CONTEXT ( 3 ) GLOBAL_UNCERTAINTY_ASSIGNED_CONTEXT ( ( #2564 ) ) GLOBAL_UNIT_ASSIGNED_CONTEXT ( ( #2234, #2218, #2198 ) ) REPRESENTATION_CONTEXT ( 'NONE', 'WORKASPACE' ) );
#2641 = CARTESIAN_POINT ( 'NONE',  ( 0.2379402892192384900, 0.1205097155769567100, 0.1463669779158498500 ) ) ;
#2642 =( CONVERSION_BASED_UNIT ( 'INCH', #1317 ) LENGTH_UNIT ( ) NAMED_UNIT ( #33 ) );
#2643 =( LENGTH_UNIT ( ) NAMED_UNIT ( * ) SI_UNIT ( $, .METRE. ) );
#2644 = PRESENTATION_STYLE_ASSIGNMENT (( #2335 ) ) ;
#2645 =( LENGTH_UNIT ( ) NAMED_UNIT ( * ) SI_UNIT ( $, .METRE. ) );
#2646 = CARTESIAN_POINT ( 'NONE',  ( 0.08394028921923846200, 0.07750971557695671100, -0.008633022084150142300 ) ) ;
#2647 = CARTESIAN_POINT ( 'NONE',  ( -0.07005971078076161900, -0.2424902844230432100, 0.05979217476624355800 ) ) ;
#2648 = CARTESIAN_POINT ( 'NONE',  ( 0.08394028921923549200, 0.1625097155769564800, 0.04886697791584983900 ) ) ;
#2649 = MECHANICAL_DESIGN_GEOMETRIC_PRESENTATION_REPRESENTATION (  '', ( #2949 ), #2604 ) ;
#2650 = SURFACE_STYLE_FILL_AREA ( #4480 ) ;
#2651 = CARTESIAN_POINT ( 'NONE',  ( 0.1462941182917182300, -0.05582361775637661300, 0.02736697791584973400 ) ) ;
#2652 = CARTESIAN_POINT ( 'NONE',  ( 0.02158646014675897500, -0.07182361775637657900, -0.04463302208415009100 ) ) ;
#2653 = DIRECTION ( 'NONE',  ( -0.0000000000000000000, 1.000000000000000000, -0.0000000000000000000 ) ) ;
#2654 = CARTESIAN_POINT ( 'NONE',  ( 0.08394028921923650500, 0.1392454742345472200, 0.06036697791584985700 ) ) ;
#2655 = LINE ( 'NONE', #1262, #1162 ) ;
#2656 = SURFACE_STYLE_USAGE ( .BOTH. , #2670 ) ;
#2657 =( GEOMETRIC_REPRESENTATION_CONTEXT ( 3 ) GLOBAL_UNCERTAINTY_ASSIGNED_CONTEXT ( ( #2125 ) ) GLOBAL_UNIT_ASSIGNED_CONTEXT ( ( #1881, #1874, #1866 ) ) REPRESENTATION_CONTEXT ( 'NONE', 'WORKASPACE' ) );
#2658 = LENGTH_MEASURE_WITH_UNIT ( LENGTH_MEASURE( 0.02539999999999999900 ), #3948 );
#2659 = SURFACE_SIDE_STYLE ('',( #1492 ) ) ;
#2660 = VERTEX_POINT ( 'NONE', #2528 ) ;
#2661 = UNCERTAINTY_MEASURE_WITH_UNIT (LENGTH_MEASURE( 1.000000000000000100E-005 ), #1882, 'distance_accuracy_value', 'NONE');
#2662 = DIMENSIONAL_EXPONENTS ( 1.000000000000000000, 0.0000000000000000000, 0.0000000000000000000, 0.0000000000000000000, 0.0000000000000000000, 0.0000000000000000000, 0.0000000000000000000 ) ;
#2663 =( LENGTH_UNIT ( ) NAMED_UNIT ( * ) SI_UNIT ( $, .METRE. ) );
#2664 = CARTESIAN_POINT ( 'NONE',  ( -0.02305971078076154600, 0.1205097155769567100, 0.1463669779158498500 ) ) ;
#2665 = CARTESIAN_POINT ( 'NONE',  ( 0.1670787279825446900, -0.05849028442304326400, -0.008633022084150246400 ) ) ;
#2666 = CARTESIAN_POINT ( 'NONE',  ( 0.08394028921923851700, 0.09350971557695639300, -0.08063302208415015800 ) ) ;
#2667 = CARTESIAN_POINT ( 'NONE',  ( 0.08394028921923865600, 0.01350971557695656100, 0.06336697791584983100 ) ) ;
#2668 = CARTESIAN_POINT ( 'NONE',  ( 0.1237774577933227500, 0.1371621409012139000, 0.06036697791584981500 ) ) ;
#2669 = VERTEX_POINT ( 'NONE', #2513 ) ;
#2670 = SURFACE_SIDE_STYLE ('',( #4113 ) ) ;
#2671 =( GEOMETRIC_REPRESENTATION_CONTEXT ( 3 ) GLOBAL_UNCERTAINTY_ASSIGNED_CONTEXT ( ( #3777 ) ) GLOBAL_UNIT_ASSIGNED_CONTEXT ( ( #3468, #3324, #3220 ) ) REPRESENTATION_CONTEXT ( 'NONE', 'WORKASPACE' ) );
#2672 = SURFACE_STYLE_USAGE ( .BOTH. , #2693 ) ;
#2673 = VECTOR ( 'NONE', #1364, 39.37007874015748100 ) ;
#2674 = EDGE_LOOP ( 'NONE', ( #132, #2683, #3701 ) ) ;
#2675 = PRESENTATION_STYLE_ASSIGNMENT (( #1895 ) ) ;
#2676 = ORIENTED_EDGE ( 'NONE', *, *, #1765, .F. ) ;
#2677 = ORIENTED_EDGE ( 'NONE', *, *, #1345, .T. ) ;
#2678 =( LENGTH_UNIT ( ) NAMED_UNIT ( * ) SI_UNIT ( $, .METRE. ) );
#2679 = FILL_AREA_STYLE ('',( #4751 ) ) ;
#2680 = CARTESIAN_POINT ( 'NONE',  ( 0.1462941182917181200, -0.06115695108970993500, -0.04463302208415023000 ) ) ;
#2681 = DIRECTION ( 'NONE',  ( 1.000000000000000000, 0.0000000000000000000, 0.0000000000000000000 ) ) ;
#2682 = DIRECTION ( 'NONE',  ( 0.0000000000000000000, 0.0000000000000000000, 1.000000000000000000 ) ) ;
#2683 = ORIENTED_EDGE ( 'NONE', *, *, #1309, .F. ) ;
#2684 = CARTESIAN_POINT ( 'NONE',  ( 0.1255095086008915800, -0.06382361775637659900, -0.08063302208415019900 ) ) ;
#2685 = UNCERTAINTY_MEASURE_WITH_UNIT (LENGTH_MEASURE( 1.000000000000000100E-005 ), #1087, 'distance_accuracy_value', 'NONE');
#2686 = DIMENSIONAL_EXPONENTS ( 1.000000000000000000, 0.0000000000000000000, 0.0000000000000000000, 0.0000000000000000000, 0.0000000000000000000, 0.0000000000000000000, 0.0000000000000000000 ) ;
#2687 = STYLED_ITEM ( 'NONE', ( #2338 ), #1315 ) ;
#2688 = CARTESIAN_POINT ( 'NONE',  ( -0.07005971078076161900, -0.2424902844230432100, -0.1370582189345438100 ) ) ;
#2689 = FILL_AREA_STYLE_COLOUR ( '', #3174 ) ;
#2690 = ORIENTED_EDGE ( 'NONE', *, *, #1472, .F. ) ;
#2691 = DIRECTION ( 'NONE',  ( 6.213024729846984300E-017, -1.000000000000000000, -0.0000000000000000000 ) ) ;
#2692 = CONICAL_SURFACE ( 'NONE', #3024, 0.07900000000000016700, 0.7853981633974418400 ) ;
#2693 = SURFACE_SIDE_STYLE ('',( #1444 ) ) ;
#2694 =( CONVERSION_BASED_UNIT ( 'INCH', #3317 ) LENGTH_UNIT ( ) NAMED_UNIT ( #3952 ) );
#2695 = PRESENTATION_LAYER_ASSIGNMENT (  '', '', ( #1237 ) ) ;
#2696 = EDGE_LOOP ( 'NONE', ( #846, #2273, #4932, #3931, #4136 ) ) ;
#2697 = CIRCLE ( 'NONE', #902, 0.1009999999999999900 ) ;
#2698 = FILL_AREA_STYLE ('',( #2951 ) ) ;
#2699 = CARTESIAN_POINT ( 'NONE',  ( 0.06956571182005152900, 0.2417018200106743100, 0.06836697791584983600 ) ) ;
#2700 = CARTESIAN_POINT ( 'NONE',  ( 0.08394028921923851700, -0.06649028442304326400, -0.08063302208415015800 ) ) ;
#2701 = CARTESIAN_POINT ( 'NONE',  ( 0.08394028921923843400, 0.1515097155769567200, -0.008633022084150142300 ) ) ;
#2702 = LINE ( 'NONE', #2404, #2777 ) ;
#2703 = CARTESIAN_POINT ( 'NONE',  ( 0.1436960420803647400, 0.1350788075678805700, 0.02586697791584982600 ) ) ;
#2704 = CARTESIAN_POINT ( 'NONE',  ( 0.06244028921923864400, 0.2109334006014888200, -0.03013302208415017500 ) ) ;
#2705 = CARTESIAN_POINT ( 'NONE',  ( 0.04237106983758547100, -0.06915695108970991400, -0.08063302208415010200 ) ) ;
#2706 = SURFACE_STYLE_USAGE ( .BOTH. , #2726 ) ;
#2707 = MECHANICAL_DESIGN_GEOMETRIC_PRESENTATION_REPRESENTATION (  '', ( #2917 ), #2143 ) ;
#2708 = LINE ( 'NONE', #52, #3264 ) ;
#2709 = PLANE ( 'NONE',  #335 ) ;
#2710 = CARTESIAN_POINT ( 'NONE',  ( 0.06244028921923864400, 0.2163660010782654500, -0.03551261666184255700 ) ) ;
#2711 = CARTESIAN_POINT ( 'NONE',  ( 0.2379402892192384900, 0.1205097155769567100, 0.1463669779158498500 ) ) ;
#2712 = PLANE ( 'NONE',  #324 ) ;
#2713 = SURFACE_STYLE_USAGE ( .BOTH. , #138 ) ;
#2714 = VERTEX_POINT ( 'NONE', #4157 ) ;
#2715 = DIMENSIONAL_EXPONENTS ( 1.000000000000000000, 0.0000000000000000000, 0.0000000000000000000, 0.0000000000000000000, 0.0000000000000000000, 0.0000000000000000000, 0.0000000000000000000 ) ;
#2716 = FACE_OUTER_BOUND ( 'NONE', #3447, .T. ) ;
#2717 =( CONVERSION_BASED_UNIT ( 'INCH', #4000 ) LENGTH_UNIT ( ) NAMED_UNIT ( #4655 ) );
#2718 = CARTESIAN_POINT ( 'NONE',  ( 0.1054402892192386600, 0.1885097155769567500, 0.01286697791584984900 ) ) ;
#2719 = CARTESIAN_POINT ( 'NONE',  ( 0.02158646014675897500, -0.07182361775637657900, -0.04463302208415009100 ) ) ;
#2720 = CARTESIAN_POINT ( 'NONE',  ( 0.02158646014675897500, 0.08817638224362307800, -0.04463302208415009100 ) ) ;
#2721 = VERTEX_POINT ( 'NONE', #3847 ) ;
#2722 = CARTESIAN_POINT ( 'NONE',  ( 0.006940289219238612200, 0.1885097155769567500, 0.01286697791584984900 ) ) ;
#2723 = CARTESIAN_POINT ( 'NONE',  ( 0.1636146263674068100, 0.1329954742345472200, -0.008633022084150135400 ) ) ;
#2724 = STYLED_ITEM ( 'NONE', ( #2085 ), #564 ) ;
#2725 = CARTESIAN_POINT ( 'NONE',  ( 0.2379402892192384900, 0.1205097155769567800, -0.07705821893454377300 ) ) ;
#2726 = SURFACE_SIDE_STYLE ('',( #473 ) ) ;
#2727 = PRESENTATION_STYLE_ASSIGNMENT (( #4340 ) ) ;
#2728 = VERTEX_POINT ( 'NONE', #4765 ) ;
#2729 = STYLED_ITEM ( 'NONE', ( #3624 ), #2531 ) ;
#2730 = CARTESIAN_POINT ( 'NONE',  ( 0.08394028921923868400, -0.007490284423043365800, 0.04886697791584983900 ) ) ;
#2731 = FACE_OUTER_BOUND ( 'NONE', #4719, .T. ) ;
#2732 = FILL_AREA_STYLE ('',( #2410 ) ) ;
#2733 = VERTEX_POINT ( 'NONE', #4876 ) ;
#2734 = FILL_AREA_STYLE ('',( #3112 ) ) ;
#2735 = VERTEX_POINT ( 'NONE', #2402 ) ;
#2736 = EDGE_CURVE ( 'NONE', #3619, #376, #3213, .T. ) ;
#2737 = AXIS2_PLACEMENT_3D ( 'NONE', #4044, #361, #4032 ) ;
#2738 = VERTEX_POINT ( 'NONE', #521 ) ;
#2739 = FACE_OUTER_BOUND ( 'NONE', #399, .T. ) ;
#2740 =( NAMED_UNIT ( * ) SI_UNIT ( $, .STERADIAN. ) SOLID_ANGLE_UNIT ( ) );
#2741 = DIRECTION ( 'NONE',  ( 0.0000000000000000000, 0.0000000000000000000, 1.000000000000000000 ) ) ;
#2742 = CARTESIAN_POINT ( 'NONE',  ( 0.0008018504559324932600, -0.07449028442304324300, -0.008633022084150081600 ) ) ;
#2743 = CARTESIAN_POINT ( 'NONE',  ( 0.0008018504559324932600, 0.08550971557695639900, -0.008633022084150081600 ) ) ;
#2744 = ORIENTED_EDGE ( 'NONE', *, *, #1963, .F. ) ;
#2745 = CARTESIAN_POINT ( 'NONE',  ( 0.1436960420803646800, 0.1309121409012139200, -0.04313302208415022800 ) ) ;
#2746 = VERTEX_POINT ( 'NONE', #466 ) ;
#2747 = CARTESIAN_POINT ( 'NONE',  ( 0.06244028921923864400, 0.2460724400868460300, -0.05926772773093260500 ) ) ;
#2748 = CARTESIAN_POINT ( 'NONE',  ( 0.02158646014675904400, -0.07715695108970989400, 0.02736697791584989700 ) ) ;
#2750 = ORIENTED_EDGE ( 'NONE', *, *, #1635, .T. ) ;
#2749 = PLANE ( 'NONE',  #82 ) ;
#2751 = LINE ( 'NONE', #4183, #1263 ) ;
#2752 = CLOSED_SHELL ( 'NONE', ( #562, #1751, #44, #2191, #1777, #2579, #3983, #1219, #983, #1387, #1855, #1775, #4780, #511, #2958, #3686, #1315, #2957, #692, #3714, #4376, #4755, #4075, #2578, #4073, #2196, #3344, #1384, #4421, #65, #2121, #413, #816, #840, #1194, #1271, #1599, #4130, #1476, #176, #564, #2096, #2122, #1243, #2092, #1750, #199, #2933, #794, #2531 ) ) ;
#2753 = CARTESIAN_POINT ( 'NONE',  ( 0.1237774577933225500, 0.1288288075678805900, -0.07763302208415014100 ) ) ;
#2754 = ORIENTED_EDGE ( 'NONE', *, *, #1792, .T. ) ;
#2755 = CARTESIAN_POINT ( 'NONE',  ( 0.08394028921923650500, 0.1392454742345472200, 0.06036697791584985700 ) ) ;
#2756 = CARTESIAN_POINT ( 'NONE',  ( 0.06133708857155725100, -0.06807509368580706700, -0.07699306392498475600 ) ) ;
#2757 = PRESENTATION_LAYER_ASSIGNMENT (  '', '', ( #2917 ) ) ;
#2758 = CARTESIAN_POINT ( 'NONE',  ( 0.2187624236935493700, 0.2233697673216185900, 0.01286697791584984000 ) ) ;
#2759 = CARTESIAN_POINT ( 'NONE',  ( -0.03805971078076162600, 0.1205097155769567800, -0.07705821893454377300 ) ) ;
#2760 = CIRCLE ( 'NONE', #113, 0.1365256677120062200 ) ;
#2761 = SURFACE_STYLE_FILL_AREA ( #1794 ) ;
#2762 = EDGE_LOOP ( 'NONE', ( #2536, #209, #2113, #1790 ) ) ;
#2763 = SURFACE_STYLE_FILL_AREA ( #4730 ) ;
#2764 = ORIENTED_EDGE ( 'NONE', *, *, #1554, .T. ) ;
#2765 = ORIENTED_EDGE ( 'NONE', *, *, #1034, .F. ) ;
#2766 = AXIS2_PLACEMENT_3D ( 'NONE', #2127, #2119, #2111 ) ;
#2767 = DIRECTION ( 'NONE',  ( -1.000000000000000000, -0.0000000000000000000, 0.0000000000000000000 ) ) ;
#2768 = CARTESIAN_POINT ( 'NONE',  ( 0.04237106983758561600, -0.07982361775637657200, 0.06336697791584985900 ) ) ;
#2769 = CARTESIAN_POINT ( 'NONE',  ( 0.02158646014675904400, 0.08284304891028976300, 0.02736697791584989700 ) ) ;
#2770 = SURFACE_STYLE_FILL_AREA ( #2351 ) ;
#2771 = CARTESIAN_POINT ( 'NONE',  ( 0.03414382850163344400, -0.002156951089710033500, 0.02011697791584997300 ) ) ;
#2772 = CARTESIAN_POINT ( 'NONE',  ( 0.08394028921923846200, 0.1267454742345472700, -0.07763302208415014100 ) ) ;
#2773 = UNCERTAINTY_MEASURE_WITH_UNIT (LENGTH_MEASURE( 1.000000000000000100E-005 ), #1306, 'distance_accuracy_value', 'NONE');
#2774 = DIRECTION ( 'NONE',  ( -0.0000000000000000000, -1.000000000000000000, -0.0000000000000000000 ) ) ;
#2775 = EDGE_LOOP ( 'NONE', ( #200 ) ) ;
#2776 = CARTESIAN_POINT ( 'NONE',  ( -0.05088184525507220800, 0.2233697673216185600, 0.01286697791584984000 ) ) ;
#2777 = VECTOR ( 'NONE', #2389, 39.37007874015748100 ) ;
#2778 = DIRECTION ( 'NONE',  ( -0.0000000000000000000, 1.000000000000000000, 0.0000000000000000000 ) ) ;
#2779 = CARTESIAN_POINT ( 'NONE',  ( 0.04410312064515419700, 0.1246621409012140100, -0.07763302208415010000 ) ) ;
#2780 = STYLED_ITEM ( 'NONE', ( #102 ), #1599 ) ;
#2781 = DIRECTION ( 'NONE',  ( -0.0000000000000000000, 0.0000000000000000000, -1.000000000000000000 ) ) ;
#2782 = CARTESIAN_POINT ( 'NONE',  ( 0.07282014952108836800, -0.06807509368580706700, -0.07960928847160288200 ) ) ;
#2783 = PRESENTATION_LAYER_ASSIGNMENT (  '', '', ( #2729 ) ) ;
#2784 = CARTESIAN_POINT ( 'NONE',  ( 0.2187907456690202400, 0.2230205920085124600, 0.01286697791584984000 ) ) ;
#2785 =( NAMED_UNIT ( * ) PLANE_ANGLE_UNIT ( ) SI_UNIT ( $, .RADIAN. ) );
#2786 = CARTESIAN_POINT ( 'NONE',  ( 0.08394028921923843400, 0.07750971557695671100, -0.07763302208415014100 ) ) ;
#2787 =( NAMED_UNIT ( * ) SI_UNIT ( $, .STERADIAN. ) SOLID_ANGLE_UNIT ( ) );
#2788 = CARTESIAN_POINT ( 'NONE',  ( 0.05074264874083524200, -0.004823617756376704900, 0.04886697791584990200 ) ) ;
#2789 = CARTESIAN_POINT ( 'NONE',  ( 0.02418453635811216400, 0.1225788075678806300, -0.04313302208415011100 ) ) ;
#2790 = CIRCLE ( 'NONE', #1005, 0.04700000000000003500 ) ;
#2791 = DIRECTION ( 'NONE',  ( 1.000000000000000000, 0.0000000000000000000, -0.0000000000000000000 ) ) ;
#2792 =( NAMED_UNIT ( * ) PLANE_ANGLE_UNIT ( ) SI_UNIT ( $, .RADIAN. ) );
#2793 = EDGE_LOOP ( 'NONE', ( #531, #2268, #2616, #4516 ) ) ;
#2794 = CARTESIAN_POINT ( 'NONE',  ( -0.07005971078076161900, 0.1205097155769567100, 0.1463669779158498500 ) ) ;
#2796 = CIRCLE ( 'NONE', #1363, 0.02999999999999998800 ) ;
#2795 = CARTESIAN_POINT ( 'NONE',  ( 0.1337367499368438700, -0.01282361775637668900, 0.02011697791584973700 ) ) ;
#2797 = VERTEX_POINT ( 'NONE', #128 ) ;
#2798 = CARTESIAN_POINT ( 'NONE',  ( 0.2188190674246152900, 0.2226714166775719300, 0.01286697791584984000 ) ) ;
#2799 = VERTEX_POINT ( 'NONE', #1298 ) ;
#2800 = ORIENTED_EDGE ( 'NONE', *, *, #2190, .T. ) ;
#2801 = SHAPE_DEFINITION_REPRESENTATION ( #2038, #2250 ) ;
#2802 = UNCERTAINTY_MEASURE_WITH_UNIT (LENGTH_MEASURE( 1.000000000000000100E-005 ), #4109, 'distance_accuracy_value', 'NONE');
#2803 =( CONVERSION_BASED_UNIT ( 'INCH', #3563 ) LENGTH_UNIT ( ) NAMED_UNIT ( #867 ) );
#2804 =( NAMED_UNIT ( * ) SI_UNIT ( $, .STERADIAN. ) SOLID_ANGLE_UNIT ( ) );
#2805 =( CONVERSION_BASED_UNIT ( 'INCH', #4678 ) LENGTH_UNIT ( ) NAMED_UNIT ( #2010 ) );
#2806 = CARTESIAN_POINT ( 'NONE',  ( 0.04237106983758561600, 0.08017638224362309800, 0.06336697791584985900 ) ) ;
#2807 = CARTESIAN_POINT ( 'NONE',  ( 0.08477849157291979200, -0.06807509368580706700, -0.07950066782497930400 ) ) ;
#2808 = CARTESIAN_POINT ( 'NONE',  ( 0.004265952071070100300, 0.1204954742345472800, -0.008633022084150074700 ) ) ;
#2809 = PRESENTATION_LAYER_ASSIGNMENT (  '', '', ( #2090 ) ) ;
#2810 = CARTESIAN_POINT ( 'NONE',  ( 0.06244028921923864400, 0.2400152444576544300, -0.05465992995683584300 ) ) ;
#2811 = DIMENSIONAL_EXPONENTS ( 1.000000000000000000, 0.0000000000000000000, 0.0000000000000000000, 0.0000000000000000000, 0.0000000000000000000, 0.0000000000000000000, 0.0000000000000000000 ) ;
#2812 =( NAMED_UNIT ( * ) PLANE_ANGLE_UNIT ( ) SI_UNIT ( $, .RADIAN. ) );
#2813 = AXIS2_PLACEMENT_3D ( 'NONE', #3012, #2994, #2978 ) ;
#2814 = EDGE_LOOP ( 'NONE', ( #1808 ) ) ;
#2815 = CARTESIAN_POINT ( 'NONE',  ( 0.1017192177915291500, -0.06807509368580709500, -0.07475448172104974500 ) ) ;
#2816 = DIMENSIONAL_EXPONENTS ( 1.000000000000000000, 0.0000000000000000000, 0.0000000000000000000, 0.0000000000000000000, 0.0000000000000000000, 0.0000000000000000000, 0.0000000000000000000 ) ;
#2817 = STYLED_ITEM ( 'NONE', ( #1529 ), #692 ) ;
#2818 = ORIENTED_EDGE ( 'NONE', *, *, #2521, .T. ) ;
#2819 = CARTESIAN_POINT ( 'NONE',  ( 0.08394028921923851700, 0.1685097155769562400, -0.06613302208415015900 ) ) ;
#2820 =( NAMED_UNIT ( * ) SI_UNIT ( $, .STERADIAN. ) SOLID_ANGLE_UNIT ( ) );
#2821 = MECHANICAL_DESIGN_GEOMETRIC_PRESENTATION_REPRESENTATION (  '', ( #2729 ), #2851 ) ;
#2822 = CARTESIAN_POINT ( 'NONE',  ( 0.2188473889607497100, 0.2223222413288310200, 0.01286697791584984000 ) ) ;
#2823 = ORIENTED_EDGE ( 'NONE', *, *, #1857, .F. ) ;
#2824 =( CONVERSION_BASED_UNIT ( 'INCH', #1146 ) LENGTH_UNIT ( ) NAMED_UNIT ( #687 ) );
#2825 = CARTESIAN_POINT ( 'NONE',  ( 0.1071225696913633300, -0.06807509368580706700, -0.07242918613185014800 ) ) ;
#2826 = VECTOR ( 'NONE', #23, 39.37007874015748100 ) ;
#2827 = CARTESIAN_POINT ( 'NONE',  ( 0.02418453635811218900, 0.1184121409012139200, 0.02586697791584985700 ) ) ;
#2828 = VERTEX_POINT ( 'NONE', #2297 ) ;
#2829 = ORIENTED_EDGE ( 'NONE', *, *, #1406, .T. ) ;
#2830 = CARTESIAN_POINT ( 'NONE',  ( 0.1345749948660209800, 0.2460724400868460300, 0.01286697791584984000 ) ) ;
#2831 =( NAMED_UNIT ( * ) PLANE_ANGLE_UNIT ( ) SI_UNIT ( $, .RADIAN. ) );
#2832 = LENGTH_MEASURE_WITH_UNIT ( LENGTH_MEASURE( 0.02539999999999999900 ), #3706 );
#2833 = CARTESIAN_POINT ( 'NONE',  ( 0.1171229592423479600, -0.06807509368580705300, -0.06646095987701115800 ) ) ;
#2834 = CARTESIAN_POINT ( 'NONE',  ( -0.05143824288073677700, 0.2165097155769567800, -0.03013302208415016100 ) ) ;
#2835 = CARTESIAN_POINT ( 'NONE',  ( -0.03805971078076162600, 0.1205097155769567100, 0.05979217476624348900 ) ) ;
#2836 = ORIENTED_EDGE ( 'NONE', *, *, #2344, .T. ) ;
#2837 =( CONVERSION_BASED_UNIT ( 'INCH', #3472 ) LENGTH_UNIT ( ) NAMED_UNIT ( #619 ) );
#2838 = CARTESIAN_POINT ( 'NONE',  ( 0.2190045398137567300, 0.2203847332910154100, 0.01286697791584984000 ) ) ;
#2839 = PRESENTATION_LAYER_ASSIGNMENT (  '', '', ( #1570 ) ) ;
#2840 = ORIENTED_EDGE ( 'NONE', *, *, #1500, .T. ) ;
#2841 = CARTESIAN_POINT ( 'NONE',  ( 0.1217864604182888700, -0.06807509368580873200, -0.06275901819542410700 ) ) ;
#2842 = CARTESIAN_POINT ( 'NONE',  ( 0.04410312064515432100, 0.1163288075678806200, 0.06036697791584989100 ) ) ;
#2843 = STYLED_ITEM ( 'NONE', ( #2675 ), #1750 ) ;
#2844 =( LENGTH_UNIT ( ) NAMED_UNIT ( * ) SI_UNIT ( $, .METRE. ) );
#2846 = MECHANICAL_DESIGN_GEOMETRIC_PRESENTATION_REPRESENTATION (  '', ( #2090 ), #858 ) ;
#2845 = FACE_OUTER_BOUND ( 'NONE', #193, .T. ) ;
#2847 =( LENGTH_UNIT ( ) NAMED_UNIT ( * ) SI_UNIT ( $, .METRE. ) );
#2848 = CARTESIAN_POINT ( 'NONE',  ( 0.1339029351889358400, -0.06807509368580873200, -0.05018883395934681900 ) ) ;
#2849 =( CONVERSION_BASED_UNIT ( 'INCH', #3287 ) LENGTH_UNIT ( ) NAMED_UNIT ( #162 ) );
#2851 =( GEOMETRIC_REPRESENTATION_CONTEXT ( 3 ) GLOBAL_UNCERTAINTY_ASSIGNED_CONTEXT ( ( #3540 ) ) GLOBAL_UNIT_ASSIGNED_CONTEXT ( ( #3924, #3913, #3898 ) ) REPRESENTATION_CONTEXT ( 'NONE', 'WORKASPACE' ) );
#2850 = CARTESIAN_POINT ( 'NONE',  ( 0.1337367499368437600, 0.05584304891028978000, -0.03738302208415023700 ) ) ;
#2852 = SURFACE_STYLE_USAGE ( .BOTH. , #2858 ) ;
#2853 = LINE ( 'NONE', #4263, #1715 ) ;
#2854 = COLOUR_RGB ( '',0.7921568627450980000, 0.8196078431372548800, 0.9333333333333333500 ) ;
#2855 = ORIENTED_EDGE ( 'NONE', *, *, #2617, .T. ) ;
#2856 = CARTESIAN_POINT ( 'NONE',  ( 0.1398891448173074100, -0.06807509368580708100, -0.03952929477726374600 ) ) ;
#2857 = CARTESIAN_POINT ( 'NONE',  ( 0.08394028921923844800, 0.1142454742345472700, 0.06036697791584985700 ) ) ;
#2858 = SURFACE_SIDE_STYLE ('',( #3708 ) ) ;
#2859 = DIMENSIONAL_EXPONENTS ( 1.000000000000000000, 0.0000000000000000000, 0.0000000000000000000, 0.0000000000000000000, 0.0000000000000000000, 0.0000000000000000000, 0.0000000000000000000 ) ;
#2860 = SURFACE_STYLE_USAGE ( .BOTH. , #1061 ) ;
#2861 = VERTEX_POINT ( 'NONE', #4431 ) ;
#2862 = DIRECTION ( 'NONE',  ( 0.0000000000000000000, 0.0000000000000000000, 1.000000000000000000 ) ) ;
#2863 = CARTESIAN_POINT ( 'NONE',  ( 0.1462941182917184800, 0.1361763822436229700, 0.02736697791584931400 ) ) ;
#2864 = CARTESIAN_POINT ( 'NONE',  ( 0.1237774577933226500, 0.1121621409012139900, 0.06036697791584981500 ) ) ;
#2865 = VECTOR ( 'NONE', #4590, 39.37007874015748100 ) ;
#2866 = CARTESIAN_POINT ( 'NONE',  ( -0.05096681052227257400, 0.2223222413288310200, -0.03013302208415016100 ) ) ;
#2867 = VERTEX_POINT ( 'NONE', #4744 ) ;
#2868 = DIRECTION ( 'NONE',  ( -0.0000000000000000000, 1.000000000000000000, -0.0000000000000000000 ) ) ;
#2869 = UNCERTAINTY_MEASURE_WITH_UNIT (LENGTH_MEASURE( 1.000000000000000100E-005 ), #3486, 'distance_accuracy_value', 'NONE');
#2870 = ORIENTED_EDGE ( 'NONE', *, *, #1533, .T. ) ;
#2871 = DIRECTION ( 'NONE',  ( -0.0000000000000000000, 1.000000000000000000, -0.0000000000000000000 ) ) ;
#2872 = CARTESIAN_POINT ( 'NONE',  ( 0.1436099701132928200, -0.06807509368580706700, -0.02239013071977765900 ) ) ;
#2873 = MECHANICAL_DESIGN_GEOMETRIC_PRESENTATION_REPRESENTATION (  '', ( #2724 ), #169 ) ;
#2874 = COLOUR_RGB ( '',0.9882352941176471000, 1.000000000000000000, 0.9882352941176471000 ) ;
#2875 = DIRECTION ( 'NONE',  ( -0.0000000000000000000, 1.000000000000000000, -0.0000000000000000000 ) ) ;
#2876 =( LENGTH_UNIT ( ) NAMED_UNIT ( * ) SI_UNIT ( $, .METRE. ) );
#2877 = FILL_AREA_STYLE_COLOUR ( '', #4363 ) ;
#2878 = MECHANICAL_DESIGN_GEOMETRIC_PRESENTATION_REPRESENTATION (  '', ( #2843 ), #2657 ) ;
#2879 = CARTESIAN_POINT ( 'NONE',  ( 0.1439990715561380600, -0.06807509368580705300, -0.01651774955377899700 ) ) ;
#2880 = CARTESIAN_POINT ( 'NONE',  ( -0.02429324283822844800, 0.1355097155769567100, -0.03234946737634649500 ) ) ;
#2881 = LINE ( 'NONE', #13, #4471 ) ;
#2882 = VECTOR ( 'NONE', #92, 39.37007874015748100 ) ;
#2883 = ORIENTED_EDGE ( 'NONE', *, *, #1883, .T. ) ;
#2884 = CARTESIAN_POINT ( 'NONE',  ( 0.1909402892192384200, 0.1355097155769566800, -0.1636330220841501200 ) ) ;
#2885 = LINE ( 'NONE', #56, #2826 ) ;
#2886 = CARTESIAN_POINT ( 'NONE',  ( 0.2191616839098022300, 0.2184472247051325000, 0.01286697791584984000 ) ) ;
#2887 = FACE_OUTER_BOUND ( 'NONE', #2543, .T. ) ;
#2888 = VECTOR ( 'NONE', #100, 39.37007874015748100 ) ;
#2889 = ORIENTED_EDGE ( 'NONE', *, *, #1245, .T. ) ;
#2890 = CARTESIAN_POINT ( 'NONE',  ( 0.1430225627541617000, -0.06807509368580706700, -0.004812908632360840200 ) ) ;
#2891 = CARTESIAN_POINT ( 'NONE',  ( 0.1054402892192386600, 0.2109334006014889900, 0.01286697791584984900 ) ) ;
#2892 = EDGE_LOOP ( 'NONE', ( #4362, #4922, #1820 ) ) ;
#2893 = SURFACE_STYLE_USAGE ( .BOTH. , #2905 ) ;
#2894 = FILL_AREA_STYLE ('',( #2877 ) ) ;
#2895 = DIRECTION ( 'NONE',  ( -1.000000000000000000, 0.0000000000000000000, 0.0000000000000000000 ) ) ;
#2896 = CARTESIAN_POINT ( 'NONE',  ( 0.1436960420803647400, 0.1100788075678806300, 0.02586697791584982600 ) ) ;
#2897 = DIRECTION ( 'NONE',  ( -2.449212707644754500E-016, 1.000000000000000000, 0.0000000000000000000 ) ) ;
#2898 =( NAMED_UNIT ( * ) SI_UNIT ( $, .STERADIAN. ) SOLID_ANGLE_UNIT ( ) );
#2899 = DIRECTION ( 'NONE',  ( 0.0000000000000000000, 0.0000000000000000000, 1.000000000000000000 ) ) ;
#2900 =( BOUNDED_SURFACE ( )  B_SPLINE_SURFACE ( 1, 2, ( 
 ( #683, #1373, #1230, #68, #4886, #4834, #4805, #4789, #4772, #4766, #3539, #4540, #4527, #3353, #4498, #4459, #4441, #4433, #3064, #3019, #4147, #4090, #4065, #4047, #4038, #4034, #4026, #4022, #4009, #4006, #3996, #3968, #3932, #3891, #3829, #3802, #3715, #3696, #3672, #3668, #3652, #3637, #3622, #3607, #3604, #3591, #3588, #3574, #3569, #3529, #3512, #3482, #3457, #3446, #3442, #3433, #3418, #3413, #3400, #3386, #3380, #3367, #3346, #3302, #3298, #3268, #3262, #3253, #3249, #3236, #3234, #3215, #3198, #3166, #3144, #3126, #3115, #3098, #3093, #3082, #3076, #3069, #3048, #3041, #3036, #3003, #2991, #2984, #2968, #2945, #2819, #2630, #2444, #2285, #2032, #1906, #1718, #1418, #4493, #3984, #935, #860, #713, #484, #297, #255, #235, #108, #4797 ),
 ( #4733, #4845, #4475, #4361, #2652, #2280, #1063, #1033, #629, #4863, #4830, #4818, #4673, #4503, #4454, #4373, #4143, #4125, #4106, #4094, #4079, #4720, #4016, #4001, #3975, #3408, #3787, #3762, #3743, #3728, #1473, #3662, #3647, #3373, #3014, #2925, #2667, #2639, #2260, #2202, #2118, #2062, #1864, #1833, #1455, #1436, #1416, #1353, #1291, #964, #944, #891, #660, #648, #544, #286, #267, #228, #149, #2610, #3757, #2806, #2769, #2743, #2720, #2593, #2666, #2636, #2569, #2553, #2417, #2399, #2381, #1685, #1796, #1489, #1522, #1619, #1505, #2629, #1962, #2489, #2429, #2358, #2343, #2313, #2295, #2236, #2229, #2213, #2200, #2194, #2158, #2109, #2093, #2003, #1975, #1934, #1863, #1832, #1811, #1759, #1703, #1636, #1605, #1470, #1453, #958, #4304 ) ),
 .UNSPECIFIED., .F., .F., .F. ) 
 B_SPLINE_SURFACE_WITH_KNOTS ( ( 2, 2 ),
 ( 3, 2, 2, 2, 2, 2, 2, 2, 2, 2, 2, 2, 2, 2, 2, 2, 2, 2, 2, 2, 2, 2, 2, 2, 2, 2, 2, 2, 2, 2, 2, 2, 2, 2, 2, 2, 2, 2, 2, 2, 2, 2, 2, 2, 2, 2, 2, 2, 2, 2, 2, 2, 2, 2, 3 ),
 ( 0.0000000000000000000, 1.000000000000000000 ),
 ( 0.0000000000000000000, 0.01851851851851851700, 0.03703703703703703500, 0.05555555555555555200, 0.07407407407407407000, 0.09259259259259258700, 0.1111111111111111000, 0.1296296296296296200, 0.1481481481481481400, 0.1666666666666666600, 0.1851851851851851700, 0.2037037037037036900, 0.2222222222222222100, 0.2407407407407407300, 0.2592592592592592400, 0.2777777777777777900, 0.2962962962962962800, 0.3148148148148148300, 0.3333333333333333100, 0.3518518518518518600, 0.3703703703703703500, 0.3888888888888889000, 0.4074074074074073800, 0.4259259259259259300, 0.4444444444444444200, 0.4629629629629629700, 0.4814814814814814500, 0.5000000000000000000, 0.5185185185185184900, 0.5370370370370370900, 0.5555555555555555800, 0.5740740740740740700, 0.5925925925925925600, 0.6111111111111111600, 0.6296296296296296500, 0.6481481481481481400, 0.6666666666666666300, 0.6851851851851852300, 0.7037037037037037200, 0.7222222222222222100, 0.7407407407407407000, 0.7592592592592593000, 0.7777777777777777900, 0.7962962962962962800, 0.8148148148148147700, 0.8333333333333333700, 0.8518518518518518600, 0.8703703703703703500, 0.8888888888888888400, 0.9074074074074074400, 0.9259259259259259300, 0.9444444444444444200, 0.9629629629629629100, 0.9814814814814815100, 1.000000000000000000 ),
 .UNSPECIFIED. ) 
 GEOMETRIC_REPRESENTATION_ITEM ( )  RATIONAL_B_SPLINE_SURFACE ( (
 ( 1.000000000000000000, 0.8660254037844387100, 1.000000000000000000, 0.8660254037844387100, 1.000000000000000000, 0.8660254037844387100, 1.000000000000000000, 0.8660254037844387100, 1.000000000000000000, 0.8660254037844387100, 1.000000000000000000, 0.8660254037844387100, 1.000000000000000000, 0.8660254037844387100, 1.000000000000000000, 0.8660254037844387100, 1.000000000000000000, 0.8660254037844387100, 1.000000000000000000, 0.8660254037844387100, 1.000000000000000000, 0.8660254037844387100, 1.000000000000000000, 0.8660254037844387100, 1.000000000000000000, 0.8660254037844387100, 1.000000000000000000, 0.8660254037844387100, 1.000000000000000000, 0.8660254037844387100, 1.000000000000000000, 0.8660254037844387100, 1.000000000000000000, 0.8660254037844387100, 1.000000000000000000, 0.8660254037844387100, 1.000000000000000000, 0.8660254037844387100, 1.000000000000000000, 0.8660254037844387100, 1.000000000000000000, 0.8660254037844387100, 1.000000000000000000, 0.8660254037844387100, 1.000000000000000000, 0.8660254037844387100, 1.000000000000000000, 0.8660254037844387100, 1.000000000000000000, 0.8660254037844387100, 1.000000000000000000, 0.8660254037844387100, 1.000000000000000000, 0.8660254037844387100, 1.000000000000000000, 0.8660254037844387100, 1.000000000000000000, 0.8660254037844387100, 1.000000000000000000, 0.8660254037844387100, 1.000000000000000000, 0.8660254037844387100, 1.000000000000000000, 0.8660254037844387100, 1.000000000000000000, 0.8660254037844387100, 1.000000000000000000, 0.8660254037844387100, 1.000000000000000000, 0.8660254037844387100, 1.000000000000000000, 0.8660254037844387100, 1.000000000000000000, 0.8660254037844387100, 1.000000000000000000, 0.8660254037844387100, 1.000000000000000000, 0.8660254037844387100, 1.000000000000000000, 0.8660254037844387100, 1.000000000000000000, 0.8660254037844387100, 1.000000000000000000, 0.8660254037844387100, 1.000000000000000000, 0.8660254037844387100, 1.000000000000000000, 0.8660254037844387100, 1.000000000000000000, 0.8660254037844387100, 1.000000000000000000, 0.8660254037844387100, 1.000000000000000000, 0.8660254037844387100, 1.000000000000000000, 0.8660254037844387100, 1.000000000000000000, 0.8660254037844387100, 1.000000000000000000, 0.8660254037844387100, 1.000000000000000000, 0.8660254037844387100, 1.000000000000000000, 0.8660254037844387100, 1.000000000000000000, 0.8660254037844387100, 1.000000000000000000, 0.8660254037844387100, 1.000000000000000000),
 ( 1.000000000000000000, 0.8660254037844387100, 1.000000000000000000, 0.8660254037844387100, 1.000000000000000000, 0.8660254037844387100, 1.000000000000000000, 0.8660254037844387100, 1.000000000000000000, 0.8660254037844387100, 1.000000000000000000, 0.8660254037844387100, 1.000000000000000000, 0.8660254037844387100, 1.000000000000000000, 0.8660254037844387100, 1.000000000000000000, 0.8660254037844387100, 1.000000000000000000, 0.8660254037844387100, 1.000000000000000000, 0.8660254037844387100, 1.000000000000000000, 0.8660254037844387100, 1.000000000000000000, 0.8660254037844387100, 1.000000000000000000, 0.8660254037844387100, 1.000000000000000000, 0.8660254037844387100, 1.000000000000000000, 0.8660254037844387100, 1.000000000000000000, 0.8660254037844387100, 1.000000000000000000, 0.8660254037844387100, 1.000000000000000000, 0.8660254037844387100, 1.000000000000000000, 0.8660254037844387100, 1.000000000000000000, 0.8660254037844387100, 1.000000000000000000, 0.8660254037844387100, 1.000000000000000000, 0.8660254037844387100, 1.000000000000000000, 0.8660254037844387100, 1.000000000000000000, 0.8660254037844387100, 1.000000000000000000, 0.8660254037844387100, 1.000000000000000000, 0.8660254037844387100, 1.000000000000000000, 0.8660254037844387100, 1.000000000000000000, 0.8660254037844387100, 1.000000000000000000, 0.8660254037844387100, 1.000000000000000000, 0.8660254037844387100, 1.000000000000000000, 0.8660254037844387100, 1.000000000000000000, 0.8660254037844387100, 1.000000000000000000, 0.8660254037844387100, 1.000000000000000000, 0.8660254037844387100, 1.000000000000000000, 0.8660254037844387100, 1.000000000000000000, 0.8660254037844387100, 1.000000000000000000, 0.8660254037844387100, 1.000000000000000000, 0.8660254037844387100, 1.000000000000000000, 0.8660254037844387100, 1.000000000000000000, 0.8660254037844387100, 1.000000000000000000, 0.8660254037844387100, 1.000000000000000000, 0.8660254037844387100, 1.000000000000000000, 0.8660254037844387100, 1.000000000000000000, 0.8660254037844387100, 1.000000000000000000, 0.8660254037844387100, 1.000000000000000000, 0.8660254037844387100, 1.000000000000000000, 0.8660254037844387100, 1.000000000000000000, 0.8660254037844387100, 1.000000000000000000, 0.8660254037844387100, 1.000000000000000000, 0.8660254037844387100, 1.000000000000000000, 0.8660254037844387100, 1.000000000000000000, 0.8660254037844387100, 1.000000000000000000, 0.8660254037844387100, 1.000000000000000000) ) ) 
 REPRESENTATION_ITEM ( '' )  SURFACE ( )  );
#2901 = CARTESIAN_POINT ( 'NONE',  ( 0.2379402892192384900, -0.04249028442304322900, -0.07705821893454381500 ) ) ;
#2902 = PLANE ( 'NONE',  #869 ) ;
#2903 = ORIENTED_EDGE ( 'NONE', *, *, #1736, .F. ) ;
#2904 = PLANE ( 'NONE',  #2552 ) ;
#2905 = SURFACE_SIDE_STYLE ('',( #4842 ) ) ;
#2906 = AXIS2_PLACEMENT_3D ( 'NONE', #3813, #3796, #3779 ) ;
#2907 = DIRECTION ( 'NONE',  ( 0.0000000000000000000, 0.0000000000000000000, 1.000000000000000000 ) ) ;
#2908 = CARTESIAN_POINT ( 'NONE',  ( 0.1394979735826435400, -0.06807509368580706700, 0.006329548724230178400 ) ) ;
#2909 = CARTESIAN_POINT ( 'NONE',  ( 0.1636146263674068100, 0.1079954742345473200, -0.008633022084150095500 ) ) ;
#2910 = SURFACE_STYLE_FILL_AREA ( #4059 ) ;
#2911 = CARTESIAN_POINT ( 'NONE',  ( 0.2187907456690202400, 0.2230205920085124300, -0.03013302208415016100 ) ) ;
#2912 =( NAMED_UNIT ( * ) PLANE_ANGLE_UNIT ( ) SI_UNIT ( $, .RADIAN. ) );
#2914 = STYLED_ITEM ( 'NONE', ( #3518 ), #2958 ) ;
#2913 = CARTESIAN_POINT ( 'NONE',  ( 0.1171379296976420000, 0.05317638224362311600, -0.06613302208415021400 ) ) ;
#2915 = CARTESIAN_POINT ( 'NONE',  ( 0.2439402892192384400, -0.2424902844230432100, 0.08979217476624358500 ) ) ;
#2916 = ORIENTED_EDGE ( 'NONE', *, *, #2457, .T. ) ;
#2917 = STYLED_ITEM ( 'NONE', ( #4499 ), #4451 ) ;
#2918 = DIRECTION ( 'NONE',  ( -1.000000000000000000, 0.0000000000000000000, 0.0000000000000000000 ) ) ;
#2919 =( NAMED_UNIT ( * ) SI_UNIT ( $, .STERADIAN. ) SOLID_ANGLE_UNIT ( ) );
#2920 = UNCERTAINTY_MEASURE_WITH_UNIT (LENGTH_MEASURE( 1.000000000000000100E-005 ), #4187, 'distance_accuracy_value', 'NONE');
#2921 = CARTESIAN_POINT ( 'NONE',  ( 0.1416886931799330200, -0.06807509368580710900, 0.0008528771831920063100 ) ) ;
#2922 = CARTESIAN_POINT ( 'NONE',  ( 0.06244028921923864400, 0.2412628073238476900, 0.06836697791584983600 ) ) ;
#2923 = FILL_AREA_STYLE ('',( #3150 ) ) ;
#2924 = SURFACE_STYLE_FILL_AREA ( #1414 ) ;
#2925 = CARTESIAN_POINT ( 'NONE',  ( 0.1255095086008917400, 0.01084304891028992300, 0.06336697791584976200 ) ) ;
#2926 =( NAMED_UNIT ( * ) SI_UNIT ( $, .STERADIAN. ) SOLID_ANGLE_UNIT ( ) );
#2927 = DIRECTION ( 'NONE',  ( -1.000000000000000000, 0.0000000000000000000, -0.0000000000000000000 ) ) ;
#2928 = CARTESIAN_POINT ( 'NONE',  ( 0.1436960420803647400, 0.1059121409012139800, -0.04313302208415015900 ) ) ;
#2929 = FACE_OUTER_BOUND ( 'NONE', #3266, .T. ) ;
#2930 =( NAMED_UNIT ( * ) PLANE_ANGLE_UNIT ( ) SI_UNIT ( $, .RADIAN. ) );
#2931 = STYLED_ITEM ( 'NONE', ( #4336 ), #3296 ) ;
#2932 = DIRECTION ( 'NONE',  ( 0.0000000000000000000, 0.0000000000000000000, -1.000000000000000000 ) ) ;
#2933 = ADVANCED_FACE ( 'NONE', ( #700 ), #2262, .T. ) ;
#2934 = VECTOR ( 'NONE', #281, 39.37007874015748100 ) ;
#2935 =( CONVERSION_BASED_UNIT ( 'INCH', #4140 ) LENGTH_UNIT ( ) NAMED_UNIT ( #2580 ) );
#2936 = LENGTH_MEASURE_WITH_UNIT ( LENGTH_MEASURE( 0.02539999999999999900 ), #4593 );
#2937 = LENGTH_MEASURE_WITH_UNIT ( LENGTH_MEASURE( 0.02539999999999999900 ), #970 );
#2938 = CARTESIAN_POINT ( 'NONE',  ( -0.05705971078076135800, 0.2165097155769567800, 0.01286697791584984000 ) ) ;
#2939 = FILL_AREA_STYLE ('',( #2966 ) ) ;
#2940 =( LENGTH_UNIT ( ) NAMED_UNIT ( * ) SI_UNIT ( $, .METRE. ) );
#2941 = ORIENTED_EDGE ( 'NONE', *, *, #1048, .T. ) ;
#2942 = PRESENTATION_STYLE_ASSIGNMENT (( #4205 ) ) ;
#2943 = CARTESIAN_POINT ( 'NONE',  ( 0.1237774577933226400, 0.1038288075678806500, -0.07763302208415014100 ) ) ;
#2944 = DIRECTION ( 'NONE',  ( -0.0000000000000000000, 0.0000000000000000000, -1.000000000000000000 ) ) ;
#2945 = CARTESIAN_POINT ( 'NONE',  ( 0.05074264874083504000, 0.1658430489102896100, -0.06613302208415011700 ) ) ;
#2946 = CARTESIAN_POINT ( 'NONE',  ( 0.1054402892192386500, 0.1885097155769567500, -0.08563302208415014800 ) ) ;
#2947 =( CONVERSION_BASED_UNIT ( 'INCH', #3130 ) LENGTH_UNIT ( ) NAMED_UNIT ( #2058 ) );
#2948 = ORIENTED_EDGE ( 'NONE', *, *, #1887, .T. ) ;
#2949 = STYLED_ITEM ( 'NONE', ( #4171 ), #4705 ) ;
#2950 = SURFACE_STYLE_USAGE ( .BOTH. , #2954 ) ;
#2951 = FILL_AREA_STYLE_COLOUR ( '', #1440 ) ;
#2952 = ORIENTED_EDGE ( 'NONE', *, *, #1910, .F. ) ;
#2953 = DIRECTION ( 'NONE',  ( -0.0000000000000000000, -0.0000000000000000000, -1.000000000000000000 ) ) ;
#2954 = SURFACE_SIDE_STYLE ('',( #4146 ) ) ;
#2955 =( NAMED_UNIT ( * ) SI_UNIT ( $, .STERADIAN. ) SOLID_ANGLE_UNIT ( ) );
#2956 = CARTESIAN_POINT ( 'NONE',  ( 0.08394028921923849000, 0.1017454742345473400, -0.07763302208415014100 ) ) ;
#2957 = ADVANCED_FACE ( 'NONE', ( #3158 ), #1979, .T. ) ;
#2958 = ADVANCED_FACE ( 'NONE', ( #2435 ), #1951, .T. ) ;
#2959 = DIMENSIONAL_EXPONENTS ( 1.000000000000000000, 0.0000000000000000000, 0.0000000000000000000, 0.0000000000000000000, 0.0000000000000000000, 0.0000000000000000000, 0.0000000000000000000 ) ;
#2960 = DIRECTION ( 'NONE',  ( -1.000000000000000000, 0.0000000000000000000, 0.0000000000000000000 ) ) ;
#2961 =( NAMED_UNIT ( * ) PLANE_ANGLE_UNIT ( ) SI_UNIT ( $, .RADIAN. ) );
#2962 = LINE ( 'NONE', #106, #4155 ) ;
#2963 = AXIS2_PLACEMENT_3D ( 'NONE', #2915, #2960, #2907 ) ;
#2964 =( CONVERSION_BASED_UNIT ( 'INCH', #4403 ) LENGTH_UNIT ( ) NAMED_UNIT ( #1443 ) );
#2965 = STYLED_ITEM ( 'NONE', ( #2116 ), #2579 ) ;
#2966 = FILL_AREA_STYLE_COLOUR ( '', #3667 ) ;
#2967 = CARTESIAN_POINT ( 'NONE',  ( -0.02610302173578476000, 0.1351977467096209500, -0.003865491115805910800 ) ) ;
#2968 = CARTESIAN_POINT ( 'NONE',  ( 0.03414382850163333300, 0.1631763822436229400, -0.03738302208415009800 ) ) ;
#2969 = CARTESIAN_POINT ( 'NONE',  ( 0.08394028921923843400, 0.1515097155769567200, 0.05636073008825533800 ) ) ;
#2970 = CARTESIAN_POINT ( 'NONE',  ( 0.1422185467247208100, 0.1515097155769567200, 0.02790254105604100800 ) ) ;
#2971 = MECHANICAL_DESIGN_GEOMETRIC_PRESENTATION_REPRESENTATION (  '', ( #3623 ), #2671 ) ;
#2972 =( NAMED_UNIT ( * ) SI_UNIT ( $, .STERADIAN. ) SOLID_ANGLE_UNIT ( ) );
#2973 = ADVANCED_FACE ( 'NONE', ( #89 ), #3088, .T. ) ;
#2974 =( LENGTH_UNIT ( ) NAMED_UNIT ( * ) SI_UNIT ( $, .METRE. ) );
#2975 = CIRCLE ( 'NONE', #34, 0.02999999999999998800 ) ;
#2976 = TOROIDAL_SURFACE ( 'NONE', #1737, -0.001867007094342244700, 0.3663581366030180300 ) ;
#2977 = UNCERTAINTY_MEASURE_WITH_UNIT (LENGTH_MEASURE( 1.000000000000000100E-005 ), #4694, 'distance_accuracy_value', 'NONE');
#2978 = DIRECTION ( 'NONE',  ( 0.0000000000000000000, -1.000000000000000000, -1.707404996040165000E-016 ) ) ;
#2979 = DIRECTION ( 'NONE',  ( -1.000000000000000000, 0.0000000000000000000, 1.538202699135282500E-016 ) ) ;
#2980 = FACE_BOUND ( 'NONE', #3050, .T. ) ;
#2981 = SURFACE_STYLE_USAGE ( .BOTH. , #2998 ) ;
#2982 = CARTESIAN_POINT ( 'NONE',  ( -0.02305971078076152900, 0.1355097155769566800, -0.03700201014174217500 ) ) ;
#2983 =( CONVERSION_BASED_UNIT ( 'INCH', #3365 ) LENGTH_UNIT ( ) NAMED_UNIT ( #2816 ) );
#2984 = CARTESIAN_POINT ( 'NONE',  ( 0.01754500826243164000, 0.1605097155769563100, -0.008633022084150085100 ) ) ;
#2985 = PRESENTATION_LAYER_ASSIGNMENT (  '', '', ( #1077 ) ) ;
#2986 = CARTESIAN_POINT ( 'NONE',  ( 0.2439402892192384400, -0.2424902844230432100, -0.1370582189345438100 ) ) ;
#2987 =( NAMED_UNIT ( * ) PLANE_ANGLE_UNIT ( ) SI_UNIT ( $, .RADIAN. ) );
#2988 = VERTEX_POINT ( 'NONE', #1188 ) ;
#2989 = ORIENTED_EDGE ( 'NONE', *, *, #1525, .F. ) ;
#2990 = PRESENTATION_LAYER_ASSIGNMENT (  '', '', ( #2914 ) ) ;
#2991 = CARTESIAN_POINT ( 'NONE',  ( 0.03414382850163340300, 0.1578430489102896100, 0.02011697791584989700 ) ) ;
#2992 = ORIENTED_EDGE ( 'NONE', *, *, #2330, .T. ) ;
#2993 = CONICAL_SURFACE ( 'NONE', #220, 0.05501021192411735500, 0.6108652381980168600 ) ;
#2994 = DIRECTION ( 'NONE',  ( 0.0000000000000000000, -1.707404996040165000E-016, 1.000000000000000000 ) ) ;
#2995 = DIRECTION ( 'NONE',  ( -1.538202699135282500E-016, 0.0000000000000000000, -1.000000000000000000 ) ) ;
#2996 = DIRECTION ( 'NONE',  ( -1.000000000000000000, 0.0000000000000000000, 0.0000000000000000000 ) ) ;
#2997 = MECHANICAL_DESIGN_GEOMETRIC_PRESENTATION_REPRESENTATION (  '', ( #2914 ), #3027 ) ;
#2998 = SURFACE_SIDE_STYLE ('',( #296 ) ) ;
#2999 = CARTESIAN_POINT ( 'NONE',  ( 0.04410312064515428700, 0.09966214090121401600, -0.07763302208415014100 ) ) ;
#3000 = EDGE_LOOP ( 'NONE', ( #2989, #2764, #1464, #4576, #4404, #2840 ) ) ;
#3001 = B_SPLINE_CURVE_WITH_KNOTS ( 'NONE', 3,
 ( #3032, #2886, #2838, #2822, #2798, #2784, #2758 ),
 .UNSPECIFIED., .F., .F.,
 ( 4, 3, 4 ),
 ( 0.006278519464354957000, 0.006426642420064950500, 0.006453336959488571500 ),
 .UNSPECIFIED. ) ;
#3002 =( LENGTH_UNIT ( ) NAMED_UNIT ( * ) SI_UNIT ( $, .METRE. ) );
#3003 = CARTESIAN_POINT ( 'NONE',  ( 0.05074264874083517900, 0.1551763822436229300, 0.04886697791584988100 ) ) ;
#3004 = DIMENSIONAL_EXPONENTS ( 1.000000000000000000, 0.0000000000000000000, 0.0000000000000000000, 0.0000000000000000000, 0.0000000000000000000, 0.0000000000000000000, 0.0000000000000000000 ) ;
#3005 = CARTESIAN_POINT ( 'NONE',  ( 0.08394028921923851700, 0.05050971557695646500, -0.06613302208415015900 ) ) ;
#3006 = FILL_AREA_STYLE_COLOUR ( '', #4092 ) ;
#3007 = EDGE_LOOP ( 'NONE', ( #1753, #3227, #3568, #3970 ) ) ;
#3008 =( CONVERSION_BASED_UNIT ( 'INCH', #4137 ) LENGTH_UNIT ( ) NAMED_UNIT ( #423 ) );
#3009 = LENGTH_MEASURE_WITH_UNIT ( LENGTH_MEASURE( 0.02539999999999999900 ), #2546 );
#3010 =( LENGTH_UNIT ( ) NAMED_UNIT ( * ) SI_UNIT ( $, .METRE. ) );
#3011 = UNCERTAINTY_MEASURE_WITH_UNIT (LENGTH_MEASURE( 1.000000000000000100E-005 ), #3065, 'distance_accuracy_value', 'NONE');
#3012 = CARTESIAN_POINT ( 'NONE',  ( 0.2439402892192384400, -0.04249028442304322900, -0.07705821893454381500 ) ) ;
#3013 = CARTESIAN_POINT ( 'NONE',  ( 0.006940289219238612200, 0.1885097155769567500, -0.03013302208415016800 ) ) ;
#3014 = CARTESIAN_POINT ( 'NONE',  ( 0.1462941182917182300, 0.008176382243623246000, 0.02736697791584973400 ) ) ;
#3015 = FILL_AREA_STYLE ('',( #3006 ) ) ;
#3016 = CARTESIAN_POINT ( 'NONE',  ( 0.02418453635811220600, 0.09757880756788062100, -0.04313302208415014500 ) ) ;
#3017 = STYLED_ITEM ( 'NONE', ( #1719 ), #592 ) ;
#3018 = SURFACE_STYLE_USAGE ( .BOTH. , #3033 ) ;
#3019 = CARTESIAN_POINT ( 'NONE',  ( 0.1171379296976420000, -0.02082361775637667200, -0.06613302208415021400 ) ) ;
#3020 = LENGTH_MEASURE_WITH_UNIT ( LENGTH_MEASURE( 0.02539999999999999900 ), #1569 );
#3021 =( NAMED_UNIT ( * ) SI_UNIT ( $, .STERADIAN. ) SOLID_ANGLE_UNIT ( ) );
#3022 = FACE_OUTER_BOUND ( 'NONE', #2449, .T. ) ;
#3023 = SURFACE_STYLE_USAGE ( .BOTH. , #3028 ) ;
#3024 = AXIS2_PLACEMENT_3D ( 'NONE', #2646, #2774, #2522 ) ;
#3025 = COLOUR_RGB ( '',0.8000000000000000400, 0.8039215686274510100, 0.8000000000000000400 ) ;
#3026 = LINE ( 'NONE', #2300, #1177 ) ;
#3027 =( GEOMETRIC_REPRESENTATION_CONTEXT ( 3 ) GLOBAL_UNCERTAINTY_ASSIGNED_CONTEXT ( ( #1451 ) ) GLOBAL_UNIT_ASSIGNED_CONTEXT ( ( #1593, #1564, #1558 ) ) REPRESENTATION_CONTEXT ( 'NONE', 'WORKASPACE' ) );
#3028 = SURFACE_SIDE_STYLE ('',( #4176 ) ) ;
#3029 = CARTESIAN_POINT ( 'NONE',  ( 0.1436960420803647400, 0.1516072902526994500, 0.02586697791584982600 ) ) ;
#3030 = SURFACE_STYLE_FILL_AREA ( #1970 ) ;
#3031 = CARTESIAN_POINT ( 'NONE',  ( 0.004265952071070120200, 0.09549547423454728100, -0.008633022084150173600 ) ) ;
#3032 = CARTESIAN_POINT ( 'NONE',  ( 0.2193188213192139300, 0.2165097155769567800, 0.01286697791584984000 ) ) ;
#3033 = SURFACE_SIDE_STYLE ('',( #3304 ) ) ;
#3034 = B_SPLINE_CURVE_WITH_KNOTS ( 'NONE', 3,
 ( #1616, #2911, #1989, #2548, #2625, #2454, #1789 ),
 .UNSPECIFIED., .F., .F.,
 ( 4, 3, 4 ),
 ( 0.006399947929235580400, 0.006426642468549671100, 0.006574765423666385600 ),
 .UNSPECIFIED. ) ;
#3035 = TOROIDAL_SURFACE ( 'NONE', #224, -0.001867007094342244700, 0.3663581366030180300 ) ;
#3036 = CARTESIAN_POINT ( 'NONE',  ( 0.08394028921923865600, 0.1525097155769563100, 0.04886697791584983900 ) ) ;
#3037 = CARTESIAN_POINT ( 'NONE',  ( 0.05074264874083504000, 0.04784304891028980800, -0.06613302208415011700 ) ) ;
#3038 = CARTESIAN_POINT ( 'NONE',  ( 0.08394028921923223100, 0.1815097155769568000, 0.04886697791584983900 ) ) ;
#3039 = FILL_AREA_STYLE ('',( #3245 ) ) ;
#3040 = B_SPLINE_CURVE_WITH_KNOTS ( 'NONE', 3,
 ( #2134, #2203, #2080, #2076, #2057, #2048 ),
 .UNSPECIFIED., .F., .F.,
 ( 4, 2, 4 ),
 ( 0.001192502276692679200, 0.001776704706261763500, 0.002360907135830847600 ),
 .UNSPECIFIED. ) ;
#3041 = CARTESIAN_POINT ( 'NONE',  ( 0.1171379296976421800, 0.1498430489102896300, 0.04886697791584979100 ) ) ;
#3042 = EDGE_LOOP ( 'NONE', ( #3933, #4663, #3225, #144 ) ) ;
#3043 = EDGE_LOOP ( 'NONE', ( #4127 ) ) ;
#3044 =( NAMED_UNIT ( * ) SI_UNIT ( $, .STERADIAN. ) SOLID_ANGLE_UNIT ( ) );
#3045 = EDGE_LOOP ( 'NONE', ( #1352 ) ) ;
#3046 = CARTESIAN_POINT ( 'NONE',  ( 0.02418453635811217100, 0.09341214090121398300, 0.02586697791584982600 ) ) ;
#3047 = ORIENTED_EDGE ( 'NONE', *, *, #1869, .T. ) ;
#3048 = CARTESIAN_POINT ( 'NONE',  ( 0.1337367499368438700, 0.1471763822436229800, 0.02011697791584974800 ) ) ;
#3049 = PRESENTATION_LAYER_ASSIGNMENT (  '', '', ( #3366 ) ) ;
#3050 = EDGE_LOOP ( 'NONE', ( #4297 ) ) ;
#3051 =( NAMED_UNIT ( * ) PLANE_ANGLE_UNIT ( ) SI_UNIT ( $, .RADIAN. ) );
#3052 = DIRECTION ( 'NONE',  ( -1.000000000000000000, 0.0000000000000000000, 0.0000000000000000000 ) ) ;
#3053 =( NAMED_UNIT ( * ) PLANE_ANGLE_UNIT ( ) SI_UNIT ( $, .RADIAN. ) );
#3054 = PRESENTATION_STYLE_ASSIGNMENT (( #2672 ) ) ;
#3055 = STYLED_ITEM ( 'NONE', ( #83 ), #2973 ) ;
#3056 = MECHANICAL_DESIGN_GEOMETRIC_PRESENTATION_REPRESENTATION (  '', ( #675 ), #3402 ) ;
#3057 = ORIENTED_EDGE ( 'NONE', *, *, #610, .T. ) ;
#3058 =( NAMED_UNIT ( * ) SI_UNIT ( $, .STERADIAN. ) SOLID_ANGLE_UNIT ( ) );
#3059 =( NAMED_UNIT ( * ) PLANE_ANGLE_UNIT ( ) SI_UNIT ( $, .RADIAN. ) );
#3060 =( GEOMETRIC_REPRESENTATION_CONTEXT ( 3 ) GLOBAL_UNCERTAINTY_ASSIGNED_CONTEXT ( ( #722 ) ) GLOBAL_UNIT_ASSIGNED_CONTEXT ( ( #3084, #3071, #3058 ) ) REPRESENTATION_CONTEXT ( 'NONE', 'WORKASPACE' ) );
#3061 = PLANE ( 'NONE',  #430 ) ;
#3062 = SURFACE_STYLE_USAGE ( .BOTH. , #3074 ) ;
#3063 = VERTEX_POINT ( 'NONE', #1203 ) ;
#3064 = CARTESIAN_POINT ( 'NONE',  ( 0.08394028921923851700, -0.02349028442304333000, -0.06613302208415015900 ) ) ;
#3065 =( CONVERSION_BASED_UNIT ( 'INCH', #4612 ) LENGTH_UNIT ( ) NAMED_UNIT ( #59 ) );
#3066 = DIRECTION ( 'NONE',  ( -1.000000000000000000, 0.0000000000000000000, 0.0000000000000000000 ) ) ;
#3067 = CARTESIAN_POINT ( 'NONE',  ( 0.1394979735826435400, -0.06807509368580706700, 0.006329548724230178400 ) ) ;
#3068 = CARTESIAN_POINT ( 'NONE',  ( 0.08394028921923865600, -0.06807509368580706700, 0.04890422513032404600 ) ) ;
#3069 = CARTESIAN_POINT ( 'NONE',  ( 0.1503355701760455700, 0.1445097155769563000, -0.008633022084150241200 ) ) ;
#3070 = LINE ( 'NONE', #4462, #2865 ) ;
#3071 =( NAMED_UNIT ( * ) PLANE_ANGLE_UNIT ( ) SI_UNIT ( $, .RADIAN. ) );
#3072 =( CONVERSION_BASED_UNIT ( 'INCH', #559 ) LENGTH_UNIT ( ) NAMED_UNIT ( #3915 ) );
#3073 = CARTESIAN_POINT ( 'NONE',  ( 0.1394946937735841200, -0.06808750398807608700, 0.006294004295403653500 ) ) ;
#3074 = SURFACE_SIDE_STYLE ('',( #3618 ) ) ;
#3075 = FILL_AREA_STYLE_COLOUR ( '', #2874 ) ;
#3076 = CARTESIAN_POINT ( 'NONE',  ( 0.1337367499368437600, 0.1418430489102896800, -0.03738302208415023700 ) ) ;
#3077 =( LENGTH_UNIT ( ) NAMED_UNIT ( * ) SI_UNIT ( $, .METRE. ) );
#3078 = DIRECTION ( 'NONE',  ( -1.000000000000000000, 0.0000000000000000000, 0.0000000000000000000 ) ) ;
#3079 = AXIS2_PLACEMENT_3D ( 'NONE', #1541, #1524, #1507 ) ;
#3080 = PLANE ( 'NONE',  #450 ) ;
#3081 = SURFACE_STYLE_USAGE ( .BOTH. , #4467 ) ;
#3082 = CARTESIAN_POINT ( 'NONE',  ( 0.1171379296976420000, 0.1391763822436230000, -0.06613302208415021400 ) ) ;
#3083 = DIRECTION ( 'NONE',  ( 1.419981437054601900E-014, 0.0000000000000000000, -1.000000000000000000 ) ) ;
#3084 =( CONVERSION_BASED_UNIT ( 'INCH', #4178 ) LENGTH_UNIT ( ) NAMED_UNIT ( #2662 ) );
#3085 =( LENGTH_UNIT ( ) NAMED_UNIT ( * ) SI_UNIT ( $, .METRE. ) );
#3086 = LINE ( 'NONE', #122, #539 ) ;
#3087 = FILL_AREA_STYLE_COLOUR ( '', #107 ) ;
#3088 = CYLINDRICAL_SURFACE ( 'NONE', #3306, 0.05750000000000000200 ) ;
#3089 = CARTESIAN_POINT ( 'NONE',  ( 0.2439402892192384400, -0.07549028442304323000, -0.1370582189345438100 ) ) ;
#3090 = SURFACE_STYLE_USAGE ( .BOTH. , #3103 ) ;
#3091 = CARTESIAN_POINT ( 'NONE',  ( 0.08394028921923843400, 0.1205097155769563700, -0.008633022084150142300 ) ) ;
#3092 = LINE ( 'NONE', #243, #4525 ) ;
#3093 = CARTESIAN_POINT ( 'NONE',  ( 0.08394028921923851700, 0.1365097155769563200, -0.06613302208415015900 ) ) ;
#3094 = DIMENSIONAL_EXPONENTS ( 1.000000000000000000, 0.0000000000000000000, 0.0000000000000000000, 0.0000000000000000000, 0.0000000000000000000, 0.0000000000000000000, 0.0000000000000000000 ) ;
#3095 = CARTESIAN_POINT ( 'NONE',  ( 0.2439402892192384400, -0.07549028442304323000, 0.1197921747662435300 ) ) ;
#3096 = B_SPLINE_CURVE_WITH_KNOTS ( 'NONE', 3,
 ( #2908, #2921, #2890, #2879, #2872, #2856, #2848, #2841, #2833, #2825, #2815, #2807, #2782, #2756 ),
 .UNSPECIFIED., .F., .F.,
 ( 4, 2, 2, 2, 2, 2, 4 ),
 ( 7.966706934780303100E-006, 0.0004514592659889714400, 0.0008949518250431626400, 0.001781936943151544500, 0.002225429502205735000, 0.002668922061259925700, 0.003555907179368306300 ),
 .UNSPECIFIED. ) ;
#3097 = ORIENTED_EDGE ( 'NONE', *, *, #1692, .T. ) ;
#3098 = CARTESIAN_POINT ( 'NONE',  ( 0.05074264874083504000, 0.1338430489102896700, -0.06613302208415011700 ) ) ;
#3099 = VERTEX_POINT ( 'NONE', #1166 ) ;
#3100 = LINE ( 'NONE', #4041, #3965 ) ;
#3101 = ORIENTED_EDGE ( 'NONE', *, *, #1601, .T. ) ;
#3102 =( LENGTH_UNIT ( ) NAMED_UNIT ( * ) SI_UNIT ( $, .METRE. ) );
#3103 = SURFACE_SIDE_STYLE ('',( #372 ) ) ;
#3104 = FILL_AREA_STYLE ('',( #726 ) ) ;
#3105 = VERTEX_POINT ( 'NONE', #1158 ) ;
#3106 = LENGTH_MEASURE_WITH_UNIT ( LENGTH_MEASURE( 0.02539999999999999900 ), #4821 );
#3107 = CARTESIAN_POINT ( 'NONE',  ( 0.08394028921923650500, 0.1557739569193662400, 0.06036697791584985700 ) ) ;
#3108 = CARTESIAN_POINT ( 'NONE',  ( 0.06244028921923864400, 0.1885097155769567500, -0.03013302208415017500 ) ) ;
#3109 = ORIENTED_EDGE ( 'NONE', *, *, #796, .F. ) ;
#3110 = CARTESIAN_POINT ( 'NONE',  ( 0.1171379296976422400, -0.01015695108971002300, 0.04886697791584974900 ) ) ;
#3111 = PRESENTATION_STYLE_ASSIGNMENT (( #2565 ) ) ;
#3112 = FILL_AREA_STYLE_COLOUR ( '', #1706 ) ;
#3113 = PRESENTATION_LAYER_ASSIGNMENT (  '', '', ( #3055 ) ) ;
#3114 = ORIENTED_EDGE ( 'NONE', *, *, #610, .F. ) ;
#3115 = CARTESIAN_POINT ( 'NONE',  ( 0.03414382850163333300, 0.1311763822436229900, -0.03738302208415009800 ) ) ;
#3116 = DIMENSIONAL_EXPONENTS ( 1.000000000000000000, 0.0000000000000000000, 0.0000000000000000000, 0.0000000000000000000, 0.0000000000000000000, 0.0000000000000000000, 0.0000000000000000000 ) ;
#3117 = SURFACE_STYLE_USAGE ( .BOTH. , #3128 ) ;
#3118 = PLANE ( 'NONE',  #697 ) ;
#3119 = FACE_OUTER_BOUND ( 'NONE', #618, .T. ) ;
#3120 = CARTESIAN_POINT ( 'NONE',  ( 0.08394028921923843400, 0.08924547423454733100, 0.06036697791584985700 ) ) ;
#3121 = UNCERTAINTY_MEASURE_WITH_UNIT (LENGTH_MEASURE( 1.000000000000000100E-005 ), #4563, 'distance_accuracy_value', 'NONE');
#3122 = CARTESIAN_POINT ( 'NONE',  ( 0.2439402892192384400, -0.2424902844230432100, 0.1197921747662435700 ) ) ;
#3123 = FILL_AREA_STYLE_COLOUR ( '', #594 ) ;
#3124 = DIRECTION ( 'NONE',  ( 0.0000000000000000000, -1.000000000000000000, -1.707404996040165000E-016 ) ) ;
#3125 = DIRECTION ( 'NONE',  ( 0.0000000000000000000, 0.0000000000000000000, 1.000000000000000000 ) ) ;
#3126 = CARTESIAN_POINT ( 'NONE',  ( 0.01754500826243164000, 0.1285097155769563700, -0.008633022084150085100 ) ) ;
#3127 = SURFACE_SIDE_STYLE ('',( #3192 ) ) ;
#3128 = SURFACE_SIDE_STYLE ('',( #4855 ) ) ;
#3129 = CARTESIAN_POINT ( 'NONE',  ( 0.08394028921923865600, -0.08249028442304320900, 0.06336697791584983100 ) ) ;
#3130 = LENGTH_MEASURE_WITH_UNIT ( LENGTH_MEASURE( 0.02539999999999999900 ), #3828 );
#3131 = CARTESIAN_POINT ( 'NONE',  ( -0.07005971078076161900, 0.1205097155769567800, -0.07705821893454377300 ) ) ;
#3132 = DIRECTION ( 'NONE',  ( -0.0000000000000000000, -0.0000000000000000000, -1.000000000000000000 ) ) ;
#3133 = MECHANICAL_DESIGN_GEOMETRIC_PRESENTATION_REPRESENTATION (  '', ( #1466 ), #4442 ) ;
#3134 = CARTESIAN_POINT ( 'NONE',  ( 0.2439402892192384400, -0.2424902844230432100, 0.05979217476624355800 ) ) ;
#3135 = FILL_AREA_STYLE_COLOUR ( '', #879 ) ;
#3136 = FILL_AREA_STYLE ('',( #3203 ) ) ;
#3137 = DIRECTION ( 'NONE',  ( -1.000000000000000000, 0.0000000000000000000, 0.0000000000000000000 ) ) ;
#3138 = MECHANICAL_DESIGN_GEOMETRIC_PRESENTATION_REPRESENTATION (  '', ( #3055 ), #3183 ) ;
#3139 = CARTESIAN_POINT ( 'NONE',  ( 0.04880603537412576300, -0.06811234090028127400, 0.03688438345205295000 ) ) ;
#3140 = B_SPLINE_CURVE_WITH_KNOTS ( 'NONE', 3,
 ( #2834, #3230, #1999, #2866, #3691, #3877, #2035 ),
 .UNSPECIFIED., .F., .F.,
 ( 4, 3, 4 ),
 ( 0.006278519464354955300, 0.006426642420064949600, 0.006453336959488568900 ),
 .UNSPECIFIED. ) ;
#3141 =( NAMED_UNIT ( * ) SI_UNIT ( $, .STERADIAN. ) SOLID_ANGLE_UNIT ( ) );
#3142 = MECHANICAL_DESIGN_GEOMETRIC_PRESENTATION_REPRESENTATION (  '', ( #17 ), #1272 ) ;
#3143 = COLOUR_RGB ( '',0.9882352941176471000, 1.000000000000000000, 0.9882352941176471000 ) ;
#3144 = CARTESIAN_POINT ( 'NONE',  ( 0.03414382850163340300, 0.1258430489102896900, 0.02011697791584989700 ) ) ;
#3145 = STYLED_ITEM ( 'NONE', ( #3218 ), #2957 ) ;
#3146 = UNCERTAINTY_MEASURE_WITH_UNIT (LENGTH_MEASURE( 1.000000000000000100E-005 ), #1342, 'distance_accuracy_value', 'NONE');
#3147 = FACE_OUTER_BOUND ( 'NONE', #736, .T. ) ;
#3148 = PRESENTATION_STYLE_ASSIGNMENT (( #982 ) ) ;
#3149 = DIRECTION ( 'NONE',  ( 0.0000000000000000000, 0.0000000000000000000, -1.000000000000000000 ) ) ;
#3150 = FILL_AREA_STYLE_COLOUR ( '', #4843 ) ;
#3151 = LINE ( 'NONE', #1932, #4848 ) ;
#3152 = CARTESIAN_POINT ( 'NONE',  ( 0.04861019258039720600, -0.06809991060838339900, 0.03674891772039490200 ) ) ;
#3153 = ORIENTED_EDGE ( 'NONE', *, *, #1029, .T. ) ;
#3154 = FILL_AREA_STYLE_COLOUR ( '', #2446 ) ;
#3155 = CONICAL_SURFACE ( 'NONE', #389, 0.1409999999999999300, 0.07992831985018944400 ) ;
#3156 = DIRECTION ( 'NONE',  ( -1.000000000000000000, 0.0000000000000000000, 0.0000000000000000000 ) ) ;
#3157 = DIRECTION ( 'NONE',  ( 1.000000000000000000, 0.0000000000000000000, -0.0000000000000000000 ) ) ;
#3158 = FACE_OUTER_BOUND ( 'NONE', #3042, .T. ) ;
#3159 = ORIENTED_EDGE ( 'NONE', *, *, #652, .F. ) ;
#3160 = VERTEX_POINT ( 'NONE', #1172 ) ;
#3161 = DIRECTION ( 'NONE',  ( -0.0000000000000000000, 1.000000000000000000, -0.0000000000000000000 ) ) ;
#3162 =( NAMED_UNIT ( * ) PLANE_ANGLE_UNIT ( ) SI_UNIT ( $, .RADIAN. ) );
#3163 = LENGTH_MEASURE_WITH_UNIT ( LENGTH_MEASURE( 0.02539999999999999900 ), #411 );
#3164 = ORIENTED_EDGE ( 'NONE', *, *, #1801, .F. ) ;
#3165 = ORIENTED_EDGE ( 'NONE', *, *, #43, .F. ) ;
#3166 = CARTESIAN_POINT ( 'NONE',  ( 0.05074264874083517900, 0.1231763822436230000, 0.04886697791584988100 ) ) ;
#3167 = VERTEX_POINT ( 'NONE', #1153 ) ;
#3168 = MECHANICAL_DESIGN_GEOMETRIC_PRESENTATION_REPRESENTATION (  '', ( #825 ), #26 ) ;
#3169 = DIRECTION ( 'NONE',  ( 1.000000000000000000, 2.501221967493828800E-016, 0.0000000000000000000 ) ) ;
#3170 = CARTESIAN_POINT ( 'NONE',  ( 0.04841519393118986400, -0.06808749440328913700, 0.03661222210348207000 ) ) ;
#3171 = DIRECTION ( 'NONE',  ( 0.0000000000000000000, 0.0000000000000000000, -1.000000000000000000 ) ) ;
#3172 = EDGE_LOOP ( 'NONE', ( #4633 ) ) ;
#3173 = AXIS2_PLACEMENT_3D ( 'NONE', #2040, #2021, #2006 ) ;
#3174 = COLOUR_RGB ( '',0.8000000000000000400, 0.8039215686274510100, 0.8000000000000000400 ) ;
#3175 = CARTESIAN_POINT ( 'NONE',  ( 0.2059402892192384900, -0.2424902844230432100, 0.05979217476624355800 ) ) ;
#3176 = MECHANICAL_DESIGN_GEOMETRIC_PRESENTATION_REPRESENTATION (  '', ( #2631 ), #1459 ) ;
#3177 = CARTESIAN_POINT ( 'NONE',  ( 0.06244028921923863000, 0.2339817993816637200, 0.03271963506565701800 ) ) ;
#3178 = CARTESIAN_POINT ( 'NONE',  ( 0.1394913766514021500, -0.06809991973311509100, 0.006258465189524513700 ) ) ;
#3179 = ORIENTED_EDGE ( 'NONE', *, *, #1070, .T. ) ;
#3180 = CARTESIAN_POINT ( 'NONE',  ( 0.08394028921923858700, 0.2165097155769567800, -0.008633022084150149300 ) ) ;
#3181 = UNCERTAINTY_MEASURE_WITH_UNIT (LENGTH_MEASURE( 1.000000000000000100E-005 ), #3008, 'distance_accuracy_value', 'NONE');
#3182 =( CONVERSION_BASED_UNIT ( 'INCH', #3577 ) LENGTH_UNIT ( ) NAMED_UNIT ( #4615 ) );
#3183 =( GEOMETRIC_REPRESENTATION_CONTEXT ( 3 ) GLOBAL_UNCERTAINTY_ASSIGNED_CONTEXT ( ( #3146 ) ) GLOBAL_UNIT_ASSIGNED_CONTEXT ( ( #1342, #1326, #1261 ) ) REPRESENTATION_CONTEXT ( 'NONE', 'WORKASPACE' ) );
#3184 = CARTESIAN_POINT ( 'NONE',  ( 0.2439402892192384400, -0.04249028442304322900, 0.05979217476624352400 ) ) ;
#3185 = SURFACE_STYLE_FILL_AREA ( #2594 ) ;
#3186 = CARTESIAN_POINT ( 'NONE',  ( 0.04822106232224596100, -0.06807509368580706700, 0.03647431265090898100 ) ) ;
#3187 = DIRECTION ( 'NONE',  ( -0.0000000000000000000, 1.000000000000000000, -0.0000000000000000000 ) ) ;
#3188 = ORIENTED_EDGE ( 'NONE', *, *, #634, .F. ) ;
#3189 = DIMENSIONAL_EXPONENTS ( 1.000000000000000000, 0.0000000000000000000, 0.0000000000000000000, 0.0000000000000000000, 0.0000000000000000000, 0.0000000000000000000, 0.0000000000000000000 ) ;
#3190 = CARTESIAN_POINT ( 'NONE',  ( -0.07005971078076161900, -0.2424902844230432100, -0.1070582189345438700 ) ) ;
#3191 = DIRECTION ( 'NONE',  ( -1.000000000000000000, 0.0000000000000000000, 0.0000000000000000000 ) ) ;
#3192 = SURFACE_STYLE_FILL_AREA ( #719 ) ;
#3193 = ORIENTED_EDGE ( 'NONE', *, *, #2469, .F. ) ;
#3194 =( LENGTH_UNIT ( ) NAMED_UNIT ( * ) SI_UNIT ( $, .METRE. ) );
#3195 = DIRECTION ( 'NONE',  ( -1.000000000000000000, 0.0000000000000000000, 0.0000000000000000000 ) ) ;
#3196 = PRESENTATION_STYLE_ASSIGNMENT (( #821 ) ) ;
#3197 = ORIENTED_EDGE ( 'NONE', *, *, #1869, .F. ) ;
#3198 = CARTESIAN_POINT ( 'NONE',  ( 0.08394028921923865600, 0.1205097155769563700, 0.04886697791584983900 ) ) ;
#3199 = CARTESIAN_POINT ( 'NONE',  ( 0.08394028921923858700, 0.2165097155769567800, -0.008633022084150149300 ) ) ;
#3200 =( GEOMETRIC_REPRESENTATION_CONTEXT ( 3 ) GLOBAL_UNCERTAINTY_ASSIGNED_CONTEXT ( ( #221 ) ) GLOBAL_UNIT_ASSIGNED_CONTEXT ( ( #4329, #1902, #1897 ) ) REPRESENTATION_CONTEXT ( 'NONE', 'WORKASPACE' ) );
#3201 = UNCERTAINTY_MEASURE_WITH_UNIT (LENGTH_MEASURE( 1.000000000000000100E-005 ), #2107, 'distance_accuracy_value', 'NONE');
#3202 = LINE ( 'NONE', #4261, #2534 ) ;
#3203 = FILL_AREA_STYLE_COLOUR ( '', #1925 ) ;
#3204 = FACE_OUTER_BOUND ( 'NONE', #4909, .T. ) ;
#3205 = DIRECTION ( 'NONE',  ( -1.000000000000000000, 0.0000000000000000000, 0.0000000000000000000 ) ) ;
#3206 = PRESENTATION_LAYER_ASSIGNMENT (  '', '', ( #3145 ) ) ;
#3207 = ORIENTED_EDGE ( 'NONE', *, *, #1156, .F. ) ;
#3208 = CARTESIAN_POINT ( 'NONE',  ( 0.1054402892192386500, 0.2412628073238476900, -0.08563302208415014800 ) ) ;
#3209 = CARTESIAN_POINT ( 'NONE',  ( 0.1054402892192386600, 0.1885097155769567500, 0.06836697791584983600 ) ) ;
#3210 = LENGTH_MEASURE_WITH_UNIT ( LENGTH_MEASURE( 0.02539999999999999900 ), #1915 );
#3211 = SURFACE_STYLE_USAGE ( .BOTH. , #3231 ) ;
#3212 = SURFACE_STYLE_USAGE ( .BOTH. , #3232 ) ;
#3213 = B_SPLINE_CURVE_WITH_KNOTS ( 'NONE', 3,
 ( #2383, #2452, #2361, #2350, #2346, #2329 ),
 .UNSPECIFIED., .F., .F.,
 ( 4, 2, 4 ),
 ( 0.001192502276692680900, 0.001776704706261769200, 0.002360907135830857600 ),
 .UNSPECIFIED. ) ;
#3214 = SURFACE_STYLE_FILL_AREA ( #1018 ) ;
#3215 = CARTESIAN_POINT ( 'NONE',  ( 0.1171379296976421800, 0.1178430489102897100, 0.04886697791584979100 ) ) ;
#3216 = VERTEX_POINT ( 'NONE', #1421 ) ;
#3217 = CARTESIAN_POINT ( 'NONE',  ( 0.2439402892192384400, -0.04249028442304322900, -0.07705821893454381500 ) ) ;
#3218 = PRESENTATION_STYLE_ASSIGNMENT (( #1935 ) ) ;
#3219 = PRESENTATION_STYLE_ASSIGNMENT (( #3316 ) ) ;
#3220 =( NAMED_UNIT ( * ) SI_UNIT ( $, .STERADIAN. ) SOLID_ANGLE_UNIT ( ) );
#3221 = CARTESIAN_POINT ( 'NONE',  ( 0.1503355701760455400, -0.01549028442304334500, -0.008633022084150256800 ) ) ;
#3222 = CARTESIAN_POINT ( 'NONE',  ( 0.06244028921923863000, 0.1885097155769567500, 0.01286697791584984000 ) ) ;
#3223 = ORIENTED_EDGE ( 'NONE', *, *, #766, .F. ) ;
#3224 = CARTESIAN_POINT ( 'NONE',  ( 0.06244028921923864400, 0.2460724400868460300, -0.05926772773093260500 ) ) ;
#3225 = ORIENTED_EDGE ( 'NONE', *, *, #2457, .F. ) ;
#3226 = CARTESIAN_POINT ( 'NONE',  ( 0.08394028921923843400, 0.1057739569193662200, 0.06036697791584985700 ) ) ;
#3227 = ORIENTED_EDGE ( 'NONE', *, *, #1971, .T. ) ;
#3228 = CARTESIAN_POINT ( 'NONE',  ( 0.04822106232224596100, -0.06807509368580706700, 0.03647431265090898100 ) ) ;
#3229 = CARTESIAN_POINT ( 'NONE',  ( -0.02305971078076154600, 0.1355097155769567600, 0.1463669779158498500 ) ) ;
#3230 = CARTESIAN_POINT ( 'NONE',  ( -0.05128110547132507000, 0.2184472247051325000, -0.03013302208415016100 ) ) ;
#3231 = SURFACE_SIDE_STYLE ('',( #645 ) ) ;
#3232 = SURFACE_SIDE_STYLE ('',( #4558 ) ) ;
#3233 = VERTEX_POINT ( 'NONE', #1097 ) ;
#3234 = CARTESIAN_POINT ( 'NONE',  ( 0.1337367499368438700, 0.1151763822436230600, 0.02011697791584974800 ) ) ;
#3235 = EDGE_LOOP ( 'NONE', ( #4561, #3329, #4266, #2220 ) ) ;
#3236 = CARTESIAN_POINT ( 'NONE',  ( 0.1503355701760455700, 0.1125097155769563700, -0.008633022084150241200 ) ) ;
#3237 = CARTESIAN_POINT ( 'NONE',  ( 0.04318895986734235000, -0.06807509368580709500, 0.03339280954672230900 ) ) ;
#3238 = CARTESIAN_POINT ( 'NONE',  ( 0.2379402892192384900, -0.2424902844230432100, -0.07705821893454388400 ) ) ;
#3239 = PRESENTATION_LAYER_ASSIGNMENT (  '', '', ( #4202 ) ) ;
#3240 = CARTESIAN_POINT ( 'NONE',  ( 0.08394028921923858700, 0.2233697673216185600, -0.008633022084150159700 ) ) ;
#3241 =( NAMED_UNIT ( * ) SI_UNIT ( $, .STERADIAN. ) SOLID_ANGLE_UNIT ( ) );
#3242 =( GEOMETRIC_REPRESENTATION_CONTEXT ( 3 ) GLOBAL_UNCERTAINTY_ASSIGNED_CONTEXT ( ( #815 ) ) GLOBAL_UNIT_ASSIGNED_CONTEXT ( ( #2837, #2831, #2820 ) ) REPRESENTATION_CONTEXT ( 'NONE', 'WORKASPACE' ) );
#3243 = CARTESIAN_POINT ( 'NONE',  ( 0.2439402892192384400, -0.2424902844230432100, -0.07705821893454388400 ) ) ;
#3244 = CARTESIAN_POINT ( 'NONE',  ( 0.03867132163169389300, -0.06807509368580709500, 0.02952047887300797400 ) ) ;
#3245 = FILL_AREA_STYLE_COLOUR ( '', #4180 ) ;
#3246 = FILL_AREA_STYLE ('',( #3123 ) ) ;
#3248 = MECHANICAL_DESIGN_GEOMETRIC_PRESENTATION_REPRESENTATION (  '', ( #3145 ), #1573 ) ;
#3247 = FILL_AREA_STYLE ('',( #3297 ) ) ;
#3249 = CARTESIAN_POINT ( 'NONE',  ( 0.1337367499368437600, 0.1098430489102897000, -0.03738302208415023700 ) ) ;
#3250 = UNCERTAINTY_MEASURE_WITH_UNIT (LENGTH_MEASURE( 1.000000000000000100E-005 ), #3515, 'distance_accuracy_value', 'NONE');
#3251 = VECTOR ( 'NONE', #4824, 39.37007874015748100 ) ;
#3252 = COLOUR_RGB ( '',0.9882352941176471000, 1.000000000000000000, 0.9882352941176471000 ) ;
#3253 = CARTESIAN_POINT ( 'NONE',  ( 0.1171379296976420000, 0.1071763822436230800, -0.06613302208415021400 ) ) ;
#3254 = EDGE_LOOP ( 'NONE', ( #1233, #2486, #1503 ) ) ;
#3255 = CARTESIAN_POINT ( 'NONE',  ( 0.03112000859150679300, -0.06807509368580706700, 0.02071657273127541100 ) ) ;
#3256 = DIRECTION ( 'NONE',  ( -1.000000000000000000, 0.0000000000000000000, 0.0000000000000000000 ) ) ;
#3257 =( NAMED_UNIT ( * ) PLANE_ANGLE_UNIT ( ) SI_UNIT ( $, .RADIAN. ) );
#3258 = ORIENTED_EDGE ( 'NONE', *, *, #2186, .T. ) ;
#3259 = CARTESIAN_POINT ( 'NONE',  ( 0.2439402892192384400, -0.07549028442304323000, -0.1370582189345438100 ) ) ;
#3260 = CARTESIAN_POINT ( 'NONE',  ( 0.02797390162067496500, -0.06807509368580694200, 0.01566433515276378900 ) ) ;
#3261 = ORIENTED_EDGE ( 'NONE', *, *, #938, .F. ) ;
#3262 = CARTESIAN_POINT ( 'NONE',  ( 0.08394028921923851700, 0.1045097155769563900, -0.06613302208415015900 ) ) ;
#3263 = CARTESIAN_POINT ( 'NONE',  ( 0.2439402892192384400, -0.2424902844230432100, -0.1370582189345438100 ) ) ;
#3264 = VECTOR ( 'NONE', #25, 39.37007874015748100 ) ;
#3265 = COLOUR_RGB ( '',0.8000000000000000400, 0.8039215686274510100, 0.8000000000000000400 ) ;
#3266 = EDGE_LOOP ( 'NONE', ( #1369, #1401, #1720, #186, #78 ) ) ;
#3267 = UNCERTAINTY_MEASURE_WITH_UNIT (LENGTH_MEASURE( 1.000000000000000100E-005 ), #4790, 'distance_accuracy_value', 'NONE');
#3268 = CARTESIAN_POINT ( 'NONE',  ( 0.05074264874083504000, 0.1018430489102897400, -0.06613302208415011700 ) ) ;
#3269 = CARTESIAN_POINT ( 'NONE',  ( 0.02319182277899356800, -0.06807509368580691400, 0.005043441128909679900 ) ) ;
#3270 = AXIS2_PLACEMENT_3D ( 'NONE', #3626, #3617, #3611 ) ;
#3271 = DIRECTION ( 'NONE',  ( -1.000000000000000000, 0.0000000000000000000, 0.0000000000000000000 ) ) ;
#3272 = FILL_AREA_STYLE ('',( #1655 ) ) ;
#3273 =( CONVERSION_BASED_UNIT ( 'INCH', #1059 ) LENGTH_UNIT ( ) NAMED_UNIT ( #812 ) );
#3274 = ORIENTED_EDGE ( 'NONE', *, *, #1883, .F. ) ;
#3275 = CARTESIAN_POINT ( 'NONE',  ( 0.2439402892192384400, -0.2424902844230432100, -0.07705821893454388400 ) ) ;
#3276 = PRESENTATION_LAYER_ASSIGNMENT (  '', '', ( #3340 ) ) ;
#3277 = UNCERTAINTY_MEASURE_WITH_UNIT (LENGTH_MEASURE( 1.000000000000000100E-005 ), #3657, 'distance_accuracy_value', 'NONE');
#3278 = CARTESIAN_POINT ( 'NONE',  ( 0.02153605096226842600, -0.06807509368580703900, -0.0006012883371357344300 ) ) ;
#3279 = CARTESIAN_POINT ( 'NONE',  ( 0.08394028921923857300, 0.2460724400868460300, -0.008633022084150159700 ) ) ;
#3280 = FACE_OUTER_BOUND ( 'NONE', #1799, .T. ) ;
#3281 = EDGE_LOOP ( 'NONE', ( #3641, #2506, #3223, #4252, #4693, #3109, #701, #3583, #4388, #4526, #4236, #4712 ) ) ;
#3282 = CARTESIAN_POINT ( 'NONE',  ( 0.2439402892192384400, -0.2424902844230432100, 0.08979217476624358500 ) ) ;
#3283 = EDGE_LOOP ( 'NONE', ( #2566, #1856, #674 ) ) ;
#3284 = DIRECTION ( 'NONE',  ( -1.000000000000000000, 0.0000000000000000000, 0.0000000000000000000 ) ) ;
#3285 = COLOUR_RGB ( '',0.8000000000000000400, 0.8039215686274510100, 0.8000000000000000400 ) ;
#3286 = ORIENTED_EDGE ( 'NONE', *, *, #1894, .T. ) ;
#3287 = LENGTH_MEASURE_WITH_UNIT ( LENGTH_MEASURE( 0.02539999999999999900 ), #3942 );
#3288 = CARTESIAN_POINT ( 'NONE',  ( 0.01983290269669252600, -0.06807509368580705300, -0.01219362095340915600 ) ) ;
#3289 = ORIENTED_EDGE ( 'NONE', *, *, #883, .T. ) ;
#3290 = CARTESIAN_POINT ( 'NONE',  ( 0.1157463607266877200, 0.1815097155769577500, 0.03926920975595334100 ) ) ;
#3291 =( LENGTH_UNIT ( ) NAMED_UNIT ( * ) SI_UNIT ( $, .METRE. ) );
#3292 =( NAMED_UNIT ( * ) SI_UNIT ( $, .STERADIAN. ) SOLID_ANGLE_UNIT ( ) );
#3293 = CARTESIAN_POINT ( 'NONE',  ( 0.01978861991633546300, -0.06807509368580710900, -0.01799702047574836700 ) ) ;
#3294 = ADVANCED_FACE ( 'NONE', ( #3204 ), #1132, .F. ) ;
#3295 = ORIENTED_EDGE ( 'NONE', *, *, #2264, .F. ) ;
#3296 = ADVANCED_FACE ( 'NONE', ( #2739 ), #3784, .F. ) ;
#3297 = FILL_AREA_STYLE_COLOUR ( '', #4508 ) ;
#3298 = CARTESIAN_POINT ( 'NONE',  ( 0.03414382850163333300, 0.09917638224362307400, -0.03738302208415009800 ) ) ;
#3299 =( NAMED_UNIT ( * ) PLANE_ANGLE_UNIT ( ) SI_UNIT ( $, .RADIAN. ) );
#3300 = ORIENTED_EDGE ( 'NONE', *, *, #1921, .F. ) ;
#3301 = PRESENTATION_LAYER_ASSIGNMENT (  '', '', ( #825 ) ) ;
#3302 = CARTESIAN_POINT ( 'NONE',  ( 0.01754500826243164000, 0.09650971557695640900, -0.008633022084150085100 ) ) ;
#3303 = CARTESIAN_POINT ( 'NONE',  ( 0.1171379296976419700, -0.02082361775637667200, -0.06613302208415021400 ) ) ;
#3304 = SURFACE_STYLE_FILL_AREA ( #3246 ) ;
#3305 =( CONVERSION_BASED_UNIT ( 'INCH', #4647 ) LENGTH_UNIT ( ) NAMED_UNIT ( #4427 ) );
#3306 = AXIS2_PLACEMENT_3D ( 'NONE', #1477, #1714, #1223 ) ;
#3307 = CARTESIAN_POINT ( 'NONE',  ( 0.1112629856426506800, 0.1815097155769570000, 0.04310386654439309800 ) ) ;
#3308 = SURFACE_STYLE_USAGE ( .BOTH. , #3320 ) ;
#3309 = PRESENTATION_LAYER_ASSIGNMENT (  '', '', ( #2526 ) ) ;
#3310 =( LENGTH_UNIT ( ) NAMED_UNIT ( * ) SI_UNIT ( $, .METRE. ) );
#3311 = CARTESIAN_POINT ( 'NONE',  ( 0.02131330155502857500, -0.06807509368580709500, -0.02961827398289590100 ) ) ;
#3312 = DIRECTION ( 'NONE',  ( -0.0000000000000000000, -0.0000000000000000000, -1.000000000000000000 ) ) ;
#3313 = EDGE_LOOP ( 'NONE', ( #871, #4679, #989, #4379 ) ) ;
#3314 = MECHANICAL_DESIGN_GEOMETRIC_PRESENTATION_REPRESENTATION (  '', ( #3340 ), #3370 ) ;
#3315 = DIRECTION ( 'NONE',  ( 0.0000000000000000000, -1.000000000000000000, 0.0000000000000000000 ) ) ;
#3316 = SURFACE_STYLE_USAGE ( .BOTH. , #4037 ) ;
#3317 = LENGTH_MEASURE_WITH_UNIT ( LENGTH_MEASURE( 0.02539999999999999900 ), #1126 );
#3318 = CARTESIAN_POINT ( 'NONE',  ( 0.08394028921923760200, 0.1475097155769567200, 0.05260273657344072300 ) ) ;
#3319 = VERTEX_POINT ( 'NONE', #632 ) ;
#3320 = SURFACE_SIDE_STYLE ('',( #375 ) ) ;
#3321 = SURFACE_STYLE_USAGE ( .BOTH. , #3326 ) ;
#3322 = ORIENTED_EDGE ( 'NONE', *, *, #1821, .T. ) ;
#3323 = CARTESIAN_POINT ( 'NONE',  ( -0.03805971078076162600, 0.1205097155769567100, 0.1463669779158498500 ) ) ;
#3324 =( NAMED_UNIT ( * ) PLANE_ANGLE_UNIT ( ) SI_UNIT ( $, .RADIAN. ) );
#3325 = AXIS2_PLACEMENT_3D ( 'NONE', #1771, #1766, #1761 ) ;
#3326 = SURFACE_SIDE_STYLE ('',( #1454 ) ) ;
#3327 = CARTESIAN_POINT ( 'NONE',  ( 0.02287888775742164700, -0.06807509368580709500, -0.03527600835761933500 ) ) ;
#3328 = CARTESIAN_POINT ( 'NONE',  ( 0.006940289219238612200, 0.2165097155769567800, -0.03013302208415016100 ) ) ;
#3329 = ORIENTED_EDGE ( 'NONE', *, *, #899, .T. ) ;
#3330 = CARTESIAN_POINT ( 'NONE',  ( 0.02746219248991158000, -0.06807509368580706700, -0.04593232614762454000 ) ) ;
#3331 = SURFACE_STYLE_FILL_AREA ( #442 ) ;
#3332 = MECHANICAL_DESIGN_GEOMETRIC_PRESENTATION_REPRESENTATION (  '', ( #600 ), #4319 ) ;
#3333 = EDGE_LOOP ( 'NONE', ( #3394, #4566, #2315, #2028 ) ) ;
#3334 = B_SPLINE_CURVE_WITH_KNOTS ( 'NONE', 3,
 ( #294, #287, #269, #262, #259, #250 ),
 .UNSPECIFIED., .F., .F.,
 ( 4, 2, 4 ),
 ( 0.05852918469349365600, 0.05886927314805081400, 0.05920936160260796600 ),
 .UNSPECIFIED. ) ;
#3335 = CARTESIAN_POINT ( 'NONE',  ( 0.1062466166153968300, 0.1815097155769568300, 0.04620534705402030300 ) ) ;
#3336 = FILL_AREA_STYLE ('',( #3135 ) ) ;
#3337 = VECTOR ( 'NONE', #605, 39.37007874015748100 ) ;
#3338 = CONICAL_SURFACE ( 'NONE', #3399, 0.06878373842592597200, 0.5235987755982923800 ) ;
#3339 = ORIENTED_EDGE ( 'NONE', *, *, #1002, .T. ) ;
#3340 = STYLED_ITEM ( 'NONE', ( #3148 ), #3294 ) ;
#3341 = CARTESIAN_POINT ( 'NONE',  ( 0.03049605123200807900, -0.06807509368580708100, -0.05104928196278735900 ) ) ;
#3342 = VERTEX_POINT ( 'NONE', #663 ) ;
#3343 = CARTESIAN_POINT ( 'NONE',  ( 0.04410312064515426600, 0.09132880756788071300, 0.06036697791584985000 ) ) ;
#3344 = ADVANCED_FACE ( 'NONE', ( #4055 ), #650, .T. ) ;
#3345 = ORIENTED_EDGE ( 'NONE', *, *, #1148, .T. ) ;
#3346 = CARTESIAN_POINT ( 'NONE',  ( 0.03414382850163340300, 0.09384304891028975900, 0.02011697791584989700 ) ) ;
#3347 = LINE ( 'NONE', #743, #1928 ) ;
#3348 = DIMENSIONAL_EXPONENTS ( 1.000000000000000000, 0.0000000000000000000, 0.0000000000000000000, 0.0000000000000000000, 0.0000000000000000000, 0.0000000000000000000, 0.0000000000000000000 ) ;
#3349 = DIRECTION ( 'NONE',  ( -1.000000000000000000, 0.0000000000000000000, 0.0000000000000000000 ) ) ;
#3350 = CARTESIAN_POINT ( 'NONE',  ( 0.03414382850163331200, -0.02882361775637665200, -0.03738302208415006400 ) ) ;
#3351 = DIRECTION ( 'NONE',  ( 1.000000000000000000, 2.421851058213000400E-016, 0.0000000000000000000 ) ) ;
#3352 = ORIENTED_EDGE ( 'NONE', *, *, #2411, .F. ) ;
#3353 = CARTESIAN_POINT ( 'NONE',  ( 0.05074264874083517900, -0.03682361775637664500, 0.04886697791584988100 ) ) ;
#3354 = CARTESIAN_POINT ( 'NONE',  ( 0.03759463950516074600, -0.06807509368580705300, -0.06023860441672042300 ) ) ;
#3355 = VERTEX_POINT ( 'NONE', #328 ) ;
#3356 = DIRECTION ( 'NONE',  ( 2.449212707644754500E-016, -1.000000000000000000, -0.0000000000000000000 ) ) ;
#3357 = DIRECTION ( 'NONE',  ( -2.449212707644754500E-016, 1.000000000000000000, 0.0000000000000000000 ) ) ;
#3358 = VECTOR ( 'NONE', #3052, 39.37007874015748100 ) ;
#3359 = CARTESIAN_POINT ( 'NONE',  ( 0.04173250059387689100, -0.06807509368580708100, -0.06441143353114123200 ) ) ;
#3360 = CARTESIAN_POINT ( 'NONE',  ( -0.03805971078076162600, -0.07549028442304323000, 0.1197921747662435300 ) ) ;
#3361 = UNCERTAINTY_MEASURE_WITH_UNIT (LENGTH_MEASURE( 1.000000000000000100E-005 ), #3838, 'distance_accuracy_value', 'NONE');
#3362 = DIRECTION ( 'NONE',  ( -0.0000000000000000000, 1.000000000000000000, -0.0000000000000000000 ) ) ;
#3363 = DIRECTION ( 'NONE',  ( 0.0000000000000000000, 0.0000000000000000000, -1.000000000000000000 ) ) ;
#3364 = UNCERTAINTY_MEASURE_WITH_UNIT (LENGTH_MEASURE( 1.000000000000000100E-005 ), #1697, 'distance_accuracy_value', 'NONE');
#3365 = LENGTH_MEASURE_WITH_UNIT ( LENGTH_MEASURE( 0.02539999999999999900 ), #3002 );
#3366 = STYLED_ITEM ( 'NONE', ( #920 ), #983 ) ;
#3367 = CARTESIAN_POINT ( 'NONE',  ( 0.05074264874083517900, 0.09117638224362308000, 0.04886697791584988100 ) ) ;
#3368 = ORIENTED_EDGE ( 'NONE', *, *, #1684, .T. ) ;
#3369 = CARTESIAN_POINT ( 'NONE',  ( 0.05095516489441206900, -0.06807509368580709500, -0.07162840515785561000 ) ) ;
#3370 =( GEOMETRIC_REPRESENTATION_CONTEXT ( 3 ) GLOBAL_UNCERTAINTY_ASSIGNED_CONTEXT ( ( #1487 ) ) GLOBAL_UNIT_ASSIGNED_CONTEXT ( ( #946, #925, #911 ) ) REPRESENTATION_CONTEXT ( 'NONE', 'WORKASPACE' ) );
#3371 = CARTESIAN_POINT ( 'NONE',  ( 0.09544510041636955500, 0.1815097155769568300, 0.05079649527733665800 ) ) ;
#3372 = CARTESIAN_POINT ( 'NONE',  ( 0.08394028921923857300, 0.2460724400868460300, -0.008633022084150159700 ) ) ;
#3373 = CARTESIAN_POINT ( 'NONE',  ( 0.1670787279825446900, 0.005509715576956570300, -0.008633022084150246400 ) ) ;
#3374 = DIRECTION ( 'NONE',  ( 1.000000000000000000, -0.0000000000000000000, -0.0000000000000000000 ) ) ;
#3375 = CARTESIAN_POINT ( 'NONE',  ( 0.08394028921923851700, -0.02349028442304333000, -0.06613302208415015900 ) ) ;
#3376 = CARTESIAN_POINT ( 'NONE',  ( -0.02305971078076154600, 0.1355097155769567600, 0.1463669779158498500 ) ) ;
#3377 = CARTESIAN_POINT ( 'NONE',  ( 0.08394028921923846200, 0.1355097155769566800, -0.008633022084150142300 ) ) ;
#3378 = FACE_BOUND ( 'NONE', #3794, .T. ) ;
#3379 = ORIENTED_EDGE ( 'NONE', *, *, #938, .T. ) ;
#3380 = CARTESIAN_POINT ( 'NONE',  ( 0.08394028921923865600, 0.08850971557695644400, 0.04886697791584983900 ) ) ;
#3381 = DIRECTION ( 'NONE',  ( -1.000000000000000000, 0.0000000000000000000, 0.0000000000000000000 ) ) ;
#3382 = CARTESIAN_POINT ( 'NONE',  ( -0.03805971078076162600, -0.2424902844230432100, 0.08979217476624358500 ) ) ;
#3383 = CYLINDRICAL_SURFACE ( 'NONE', #525, 0.04700000000000003500 ) ;
#3384 = DIRECTION ( 'NONE',  ( -1.000000000000000000, 0.0000000000000000000, -0.0000000000000000000 ) ) ;
#3385 = LENGTH_MEASURE_WITH_UNIT ( LENGTH_MEASURE( 0.02539999999999999900 ), #198 );
#3386 = CARTESIAN_POINT ( 'NONE',  ( 0.1171379296976421800, 0.08584304891028976500, 0.04886697791584979100 ) ) ;
#3387 = CARTESIAN_POINT ( 'NONE',  ( 0.06133708857155725100, -0.06807509368580706700, -0.07699306392498475600 ) ) ;
#3388 = FILL_AREA_STYLE_COLOUR ( '', #439 ) ;
#3389 = CARTESIAN_POINT ( 'NONE',  ( 0.1337367499368437300, -0.01815695108971000400, -0.03738302208415028600 ) ) ;
#3390 = DIRECTION ( 'NONE',  ( 1.000000000000000000, 0.0000000000000000000, -0.0000000000000000000 ) ) ;
#3391 = ORIENTED_EDGE ( 'NONE', *, *, #914, .F. ) ;
#3392 = FILL_AREA_STYLE_COLOUR ( '', #141 ) ;
#3393 = LINE ( 'NONE', #2098, #2430 ) ;
#3394 = ORIENTED_EDGE ( 'NONE', *, *, #2368, .F. ) ;
#3395 = LENGTH_MEASURE_WITH_UNIT ( LENGTH_MEASURE( 0.02539999999999999900 ), #532 );
#3396 = EDGE_LOOP ( 'NONE', ( #1689, #4072, #3404, #2556 ) ) ;
#3397 = ORIENTED_EDGE ( 'NONE', *, *, #2516, .T. ) ;
#3398 = CYLINDRICAL_SURFACE ( 'NONE', #4721, 0.01500000000000004500 ) ;
#3399 = AXIS2_PLACEMENT_3D ( 'NONE', #4020, #3958, #3873 ) ;
#3400 = CARTESIAN_POINT ( 'NONE',  ( 0.1337367499368438700, 0.08317638224362310100, 0.02011697791584974800 ) ) ;
#3401 = CARTESIAN_POINT ( 'NONE',  ( 0.1409350552327683100, 0.1518842916109778600, 0.03025909340296348600 ) ) ;
#3402 =( GEOMETRIC_REPRESENTATION_CONTEXT ( 3 ) GLOBAL_UNCERTAINTY_ASSIGNED_CONTEXT ( ( #3277 ) ) GLOBAL_UNIT_ASSIGNED_CONTEXT ( ( #3657, #3648, #3643 ) ) REPRESENTATION_CONTEXT ( 'NONE', 'WORKASPACE' ) );
#3403 = VECTOR ( 'NONE', #613, 39.37007874015748100 ) ;
#3404 = ORIENTED_EDGE ( 'NONE', *, *, #1080, .T. ) ;
#3405 = VECTOR ( 'NONE', #787, 39.37007874015748100 ) ;
#3406 = VERTEX_POINT ( 'NONE', #597 ) ;
#3407 = DIRECTION ( 'NONE',  ( -1.000000000000000000, 0.0000000000000000000, 0.0000000000000000000 ) ) ;
#3408 = CARTESIAN_POINT ( 'NONE',  ( 0.04237106983758561600, -0.01582361775637670900, 0.06336697791584985900 ) ) ;
#3409 = CARTESIAN_POINT ( 'NONE',  ( 0.01754500826243164000, -0.03149028442304330900, -0.008633022084150008800 ) ) ;
#3410 = DIRECTION ( 'NONE',  ( 0.0000000000000000000, 0.0000000000000000000, 1.000000000000000000 ) ) ;
#3411 = ORIENTED_EDGE ( 'NONE', *, *, #1985, .T. ) ;
#3412 = DIRECTION ( 'NONE',  ( 0.0000000000000000000, -0.0000000000000000000, 1.000000000000000000 ) ) ;
#3413 = CARTESIAN_POINT ( 'NONE',  ( 0.1503355701760455700, 0.08050971557695645000, -0.008633022084150241200 ) ) ;
#3414 = CARTESIAN_POINT ( 'NONE',  ( 0.2439402892192384400, -0.04249028442304322900, -0.07705821893454381500 ) ) ;
#3415 = ORIENTED_EDGE ( 'NONE', *, *, #2317, .F. ) ;
#3416 = CARTESIAN_POINT ( 'NONE',  ( 0.1413774724735087400, 0.1517584555114396300, 0.02948185563515995700 ) ) ;
#3417 = ORIENTED_EDGE ( 'NONE', *, *, #2505, .T. ) ;
#3418 = CARTESIAN_POINT ( 'NONE',  ( 0.1337367499368437600, 0.07784304891028977200, -0.03738302208415023700 ) ) ;
#3419 = CARTESIAN_POINT ( 'NONE',  ( 0.05074264874083495000, -0.02615695108970999100, -0.06613302208415007500 ) ) ;
#3420 = DIMENSIONAL_EXPONENTS ( 1.000000000000000000, 0.0000000000000000000, 0.0000000000000000000, 0.0000000000000000000, 0.0000000000000000000, 0.0000000000000000000, 0.0000000000000000000 ) ;
#3421 = CARTESIAN_POINT ( 'NONE',  ( 0.1609402892192387000, 0.1885097155769567500, -0.03013302208415016800 ) ) ;
#3422 = DIRECTION ( 'NONE',  ( -0.0000000000000000000, 0.0000000000000000000, -1.000000000000000000 ) ) ;
#3423 = CARTESIAN_POINT ( 'NONE',  ( 0.1394880222287207300, -0.06811234090028134300, 0.006222931520626904600 ) ) ;
#3424 = ADVANCED_FACE ( 'NONE', ( #3499 ), #317, .F. ) ;
#3425 = CARTESIAN_POINT ( 'NONE',  ( 0.1909402892192384200, 0.1355097155769566800, 0.1463669779158498500 ) ) ;
#3426 = PRESENTATION_LAYER_ASSIGNMENT (  '', '', ( #675 ) ) ;
#3427 = EDGE_LOOP ( 'NONE', ( #4070, #4121, #4192 ) ) ;
#3428 = UNCERTAINTY_MEASURE_WITH_UNIT (LENGTH_MEASURE( 1.000000000000000100E-005 ), #2935, 'distance_accuracy_value', 'NONE');
#3429 = CARTESIAN_POINT ( 'NONE',  ( 0.03414382850163333300, 0.04517638224362315000, -0.03738302208415009800 ) ) ;
#3430 = FILL_AREA_STYLE ('',( #3454 ) ) ;
#3431 = PRESENTATION_LAYER_ASSIGNMENT (  '', '', ( #2843 ) ) ;
#3432 =( GEOMETRIC_REPRESENTATION_CONTEXT ( 3 ) GLOBAL_UNCERTAINTY_ASSIGNED_CONTEXT ( ( #3871 ) ) GLOBAL_UNIT_ASSIGNED_CONTEXT ( ( #4031, #4023, #4017 ) ) REPRESENTATION_CONTEXT ( 'NONE', 'WORKASPACE' ) );
#3433 = CARTESIAN_POINT ( 'NONE',  ( 0.1171379296976420000, 0.07517638224362310800, -0.06613302208415021400 ) ) ;
#3434 = SURFACE_STYLE_FILL_AREA ( #723 ) ;
#3435 = PRESENTATION_STYLE_ASSIGNMENT (( #3081 ) ) ;
#3436 = ORIENTED_EDGE ( 'NONE', *, *, #1756, .F. ) ;
#3437 =( LENGTH_UNIT ( ) NAMED_UNIT ( * ) SI_UNIT ( $, .METRE. ) );
#3438 = CARTESIAN_POINT ( 'NONE',  ( -0.02305971078076154600, 0.1355097155769567600, -0.1636330220841501200 ) ) ;
#3439 = FACE_OUTER_BOUND ( 'NONE', #2549, .T. ) ;
#3440 = ORIENTED_EDGE ( 'NONE', *, *, #2169, .F. ) ;
#3441 = COLOUR_RGB ( '',0.9882352941176471000, 1.000000000000000000, 0.9882352941176471000 ) ;
#3442 = CARTESIAN_POINT ( 'NONE',  ( 0.08394028921923851700, 0.07250971557695645700, -0.06613302208415015900 ) ) ;
#3443 = ORIENTED_EDGE ( 'NONE', *, *, #643, .T. ) ;
#3444 = DIMENSIONAL_EXPONENTS ( 1.000000000000000000, 0.0000000000000000000, 0.0000000000000000000, 0.0000000000000000000, 0.0000000000000000000, 0.0000000000000000000, 0.0000000000000000000 ) ;
#3445 = CARTESIAN_POINT ( 'NONE',  ( 0.1422185467247208100, 0.1515097155769567200, 0.02790254105604100800 ) ) ;
#3446 = CARTESIAN_POINT ( 'NONE',  ( 0.05074264874083504000, 0.06984304891028982100, -0.06613302208415011700 ) ) ;
#3447 = EDGE_LOOP ( 'NONE', ( #3861, #4585, #4154 ) ) ;
#3448 = SURFACE_SIDE_STYLE ('',( #2584 ) ) ;
#3449 = DIRECTION ( 'NONE',  ( -1.117274028429802500E-013, -2.736441748351719400E-029, 1.000000000000000000 ) ) ;
#3450 = LINE ( 'NONE', #841, #1680 ) ;
#3451 = DIRECTION ( 'NONE',  ( -0.0000000000000000000, 1.000000000000000000, -0.0000000000000000000 ) ) ;
#3452 = ORIENTED_EDGE ( 'NONE', *, *, #671, .F. ) ;
#3453 =( NAMED_UNIT ( * ) SI_UNIT ( $, .STERADIAN. ) SOLID_ANGLE_UNIT ( ) );
#3454 = FILL_AREA_STYLE_COLOUR ( '', #3532 ) ;
#3455 = DIRECTION ( 'NONE',  ( 0.0000000000000000000, 1.000000000000000000, 0.0000000000000000000 ) ) ;
#3456 = ORIENTED_EDGE ( 'NONE', *, *, #587, .T. ) ;
#3457 = CARTESIAN_POINT ( 'NONE',  ( 0.03414382850163333300, 0.06717638224362314200, -0.03738302208415009800 ) ) ;
#3458 = VECTOR ( 'NONE', #2416, 39.37007874015748100 ) ;
#3459 = PRESENTATION_LAYER_ASSIGNMENT (  '', '', ( #2724 ) ) ;
#3460 = VERTEX_POINT ( 'NONE', #47 ) ;
#3461 = CARTESIAN_POINT ( 'NONE',  ( 0.08394028921923865600, 0.1945097155769561500, 0.04886697791584983900 ) ) ;
#3462 = DIRECTION ( 'NONE',  ( -1.000000000000000000, 0.0000000000000000000, 0.0000000000000000000 ) ) ;
#3463 = UNCERTAINTY_MEASURE_WITH_UNIT (LENGTH_MEASURE( 1.000000000000000100E-005 ), #2316, 'distance_accuracy_value', 'NONE');
#3464 = CARTESIAN_POINT ( 'NONE',  ( 0.1389540402901396400, 0.1515097155769573300, 0.03257112328851500400 ) ) ;
#3465 = ORIENTED_EDGE ( 'NONE', *, *, #2079, .F. ) ;
#3466 = AXIS2_PLACEMENT_3D ( 'NONE', #1083, #1046, #1031 ) ;
#3467 = COLOUR_RGB ( '',0.8000000000000000400, 0.8039215686274510100, 0.8000000000000000400 ) ;
#3468 =( CONVERSION_BASED_UNIT ( 'INCH', #4838 ) LENGTH_UNIT ( ) NAMED_UNIT ( #3579 ) );
#3469 = ORIENTED_EDGE ( 'NONE', *, *, #309, .F. ) ;
#3470 = CARTESIAN_POINT ( 'NONE',  ( -0.03805971078076162600, 0.1205097155769567100, -0.1636330220841501200 ) ) ;
#3471 = CARTESIAN_POINT ( 'NONE',  ( 0.08394028921923865600, 0.1815097155769567500, -0.008633022084160708500 ) ) ;
#3472 = LENGTH_MEASURE_WITH_UNIT ( LENGTH_MEASURE( 0.02539999999999999900 ), #2847 );
#3473 = CARTESIAN_POINT ( 'NONE',  ( 0.05074264874083524200, -0.03682361775637664500, 0.04886697791584990200 ) ) ;
#3474 =( NAMED_UNIT ( * ) PLANE_ANGLE_UNIT ( ) SI_UNIT ( $, .RADIAN. ) );
#3475 =( NAMED_UNIT ( * ) SI_UNIT ( $, .STERADIAN. ) SOLID_ANGLE_UNIT ( ) );
#3476 = VERTEX_POINT ( 'NONE', #28 ) ;
#3477 = CARTESIAN_POINT ( 'NONE',  ( 0.1054402892192386600, 0.1885097155769567500, 0.01286697791584983700 ) ) ;
#3478 = MECHANICAL_DESIGN_GEOMETRIC_PRESENTATION_REPRESENTATION (  '', ( #2216 ), #3509 ) ;
#3479 = CARTESIAN_POINT ( 'NONE',  ( 0.1171379296976421800, 0.1918430489102895000, 0.04886697791584979100 ) ) ;
#3480 = CARTESIAN_POINT ( 'NONE',  ( 0.2439402892192384400, -0.04249028442304322900, 0.05979217476624352400 ) ) ;
#3481 = CARTESIAN_POINT ( 'NONE',  ( 0.1351722088810556900, 0.1515097155769567200, 0.03673026700835414800 ) ) ;
#3482 = CARTESIAN_POINT ( 'NONE',  ( 0.01754500826243164000, 0.06450971557695649200, -0.008633022084150085100 ) ) ;
#3483 = CARTESIAN_POINT ( 'NONE',  ( 0.08394028921923178700, 0.1815097155769567500, 0.05282152337039533500 ) ) ;
#3484 = ORIENTED_EDGE ( 'NONE', *, *, #1331, .T. ) ;
#3485 = CARTESIAN_POINT ( 'NONE',  ( 0.1266080521129011300, 0.1515097155769567200, 0.04405870992139509400 ) ) ;
#3486 =( CONVERSION_BASED_UNIT ( 'INCH', #3565 ) LENGTH_UNIT ( ) NAMED_UNIT ( #4892 ) );
#3487 = MECHANICAL_DESIGN_GEOMETRIC_PRESENTATION_REPRESENTATION (  '', ( #1077 ), #3242 ) ;
#3488 = DIRECTION ( 'NONE',  ( -1.000000000000000000, 0.0000000000000000000, 0.0000000000000000000 ) ) ;
#3489 =( LENGTH_UNIT ( ) NAMED_UNIT ( * ) SI_UNIT ( $, .METRE. ) );
#3490 = CARTESIAN_POINT ( 'NONE',  ( 0.1218075553376076500, 0.1515097155769568000, 0.04720810548313283900 ) ) ;
#3491 = COLOUR_RGB ( '',0.8000000000000000400, 0.8039215686274510100, 0.8000000000000000400 ) ;
#3492 = DIRECTION ( 'NONE',  ( 0.0000000000000000000, 0.0000000000000000000, -1.000000000000000000 ) ) ;
#3493 =( NAMED_UNIT ( * ) SI_UNIT ( $, .STERADIAN. ) SOLID_ANGLE_UNIT ( ) );
#3494 = STYLED_ITEM ( 'NONE', ( #593 ), #1343 ) ;
#3495 = VECTOR ( 'NONE', #4692, 39.37007874015748100 ) ;
#3496 = STYLED_ITEM ( 'NONE', ( #2538 ), #2289 ) ;
#3497 = CARTESIAN_POINT ( 'NONE',  ( 0.2439402892192384400, -0.2424902844230432100, -0.1370582189345438100 ) ) ;
#3498 = APPLICATION_PROTOCOL_DEFINITION ( 'draft international standard', 'automotive_design', 1998, #1504 ) ;
#3499 = FACE_OUTER_BOUND ( 'NONE', #1266, .T. ) ;
#3500 = SURFACE_STYLE_USAGE ( .BOTH. , #3505 ) ;
#3501 = SURFACE_STYLE_FILL_AREA ( #288 ) ;
#3502 = CARTESIAN_POINT ( 'NONE',  ( 0.2439402892192384400, -0.2424902844230432100, 0.05979217476624355800 ) ) ;
#3503 =( NAMED_UNIT ( * ) PLANE_ANGLE_UNIT ( ) SI_UNIT ( $, .RADIAN. ) );
#3504 =( NAMED_UNIT ( * ) PLANE_ANGLE_UNIT ( ) SI_UNIT ( $, .RADIAN. ) );
#3505 = SURFACE_SIDE_STYLE ('',( #2053 ) ) ;
#3506 = COLOUR_RGB ( '',0.9882352941176471000, 1.000000000000000000, 0.9882352941176471000 ) ;
#3507 = DIRECTION ( 'NONE',  ( -1.000000000000000000, 0.0000000000000000000, 0.0000000000000000000 ) ) ;
#3508 = CARTESIAN_POINT ( 'NONE',  ( 0.1117148414048045300, 0.1515097155769567800, 0.05213666897246301700 ) ) ;
#3509 =( GEOMETRIC_REPRESENTATION_CONTEXT ( 3 ) GLOBAL_UNCERTAINTY_ASSIGNED_CONTEXT ( ( #1980 ) ) GLOBAL_UNIT_ASSIGNED_CONTEXT ( ( #516, #497, #477 ) ) REPRESENTATION_CONTEXT ( 'NONE', 'WORKASPACE' ) );
#3510 =( CONVERSION_BASED_UNIT ( 'INCH', #160 ) LENGTH_UNIT ( ) NAMED_UNIT ( #1974 ) );
#3511 = PRESENTATION_STYLE_ASSIGNMENT (( #3212 ) ) ;
#3512 = CARTESIAN_POINT ( 'NONE',  ( 0.03414382850163340300, 0.06184304891028981300, 0.02011697791584989700 ) ) ;
#3513 = SURFACE_STYLE_FILL_AREA ( #3750 ) ;
#3514 = CARTESIAN_POINT ( 'NONE',  ( 0.08981079452746043600, 0.1815097155769567500, 0.05223992102258746100 ) ) ;
#3515 =( CONVERSION_BASED_UNIT ( 'INCH', #1187 ) LENGTH_UNIT ( ) NAMED_UNIT ( #2811 ) );
#3516 = CARTESIAN_POINT ( 'NONE',  ( 0.1062795007471218500, 0.1515097155769566400, 0.05398574875166782500 ) ) ;
#3517 = FILL_AREA_STYLE ('',( #3764 ) ) ;
#3518 = PRESENTATION_STYLE_ASSIGNMENT (( #1621 ) ) ;
#3519 = ORIENTED_EDGE ( 'NONE', *, *, #2598, .T. ) ;
#3520 = ORIENTED_EDGE ( 'NONE', *, *, #1756, .T. ) ;
#3521 =( LENGTH_UNIT ( ) NAMED_UNIT ( * ) SI_UNIT ( $, .METRE. ) );
#3522 =( LENGTH_UNIT ( ) NAMED_UNIT ( * ) SI_UNIT ( $, .METRE. ) );
#3523 = CARTESIAN_POINT ( 'NONE',  ( -0.07005971078076161900, -0.07549028442304323000, 0.1463669779158498500 ) ) ;
#3524 = EDGE_LOOP ( 'NONE', ( #3261, #3631, #3528, #961 ) ) ;
#3525 = CARTESIAN_POINT ( 'NONE',  ( 0.09523399667986230700, 0.1515097155769567200, 0.05623291439624826500 ) ) ;
#3526 = SURFACE_STYLE_USAGE ( .BOTH. , #3538 ) ;
#3527 = MECHANICAL_DESIGN_GEOMETRIC_PRESENTATION_REPRESENTATION (  '', ( #1042 ), #3914 ) ;
#3528 = ORIENTED_EDGE ( 'NONE', *, *, #2559, .T. ) ;
#3529 = CARTESIAN_POINT ( 'NONE',  ( 0.05074264874083517900, 0.05917638224362316300, 0.04886697791584988100 ) ) ;
#3530 = DIMENSIONAL_EXPONENTS ( 1.000000000000000000, 0.0000000000000000000, 0.0000000000000000000, 0.0000000000000000000, 0.0000000000000000000, 0.0000000000000000000, 0.0000000000000000000 ) ;
#3531 = CARTESIAN_POINT ( 'NONE',  ( 0.08394028921923843400, 0.09750971557695677100, 0.05260273657344072300 ) ) ;
#3532 = COLOUR_RGB ( '',0.7921568627450980000, 0.8196078431372548800, 0.9333333333333333500 ) ;
#3533 = DIRECTION ( 'NONE',  ( -0.0000000000000000000, -0.0000000000000000000, -1.000000000000000000 ) ) ;
#3534 = CARTESIAN_POINT ( 'NONE',  ( 0.2439402892192384400, -0.2424902844230432100, 0.1197921747662435700 ) ) ;
#3535 = SURFACE_STYLE_USAGE ( .BOTH. , #3541 ) ;
#3536 = DIRECTION ( 'NONE',  ( 0.0000000000000000000, 0.0000000000000000000, 1.000000000000000000 ) ) ;
#3537 = VECTOR ( 'NONE', #3488, 39.37007874015748100 ) ;
#3538 = SURFACE_SIDE_STYLE ('',( #280 ) ) ;
#3539 = CARTESIAN_POINT ( 'NONE',  ( 0.1337367499368438700, -0.04482361775637661700, 0.02011697791584974800 ) ) ;
#3540 = UNCERTAINTY_MEASURE_WITH_UNIT (LENGTH_MEASURE( 1.000000000000000100E-005 ), #3924, 'distance_accuracy_value', 'NONE');
#3541 = SURFACE_SIDE_STYLE ('',( #995 ) ) ;
#3542 = CARTESIAN_POINT ( 'NONE',  ( 0.1418054535368178900, 0.1516335468993741900, 0.02869606869150681500 ) ) ;
#3543 = MECHANICAL_DESIGN_GEOMETRIC_PRESENTATION_REPRESENTATION (  '', ( #1926 ), #3609 ) ;
#3544 =( NAMED_UNIT ( * ) SI_UNIT ( $, .STERADIAN. ) SOLID_ANGLE_UNIT ( ) );
#3545 = ORIENTED_EDGE ( 'NONE', *, *, #1167, .T. ) ;
#3546 = DIRECTION ( 'NONE',  ( -1.000000000000000000, 0.0000000000000000000, 0.0000000000000000000 ) ) ;
#3547 = STYLED_ITEM ( 'NONE', ( #3745 ), #2191 ) ;
#3548 = PLANE ( 'NONE',  #3675 ) ;
#3549 = PRESENTATION_STYLE_ASSIGNMENT (( #217 ) ) ;
#3550 = DIRECTION ( 'NONE',  ( -0.0000000000000000000, -0.0000000000000000000, -1.000000000000000000 ) ) ;
#3551 = AXIS2_PLACEMENT_3D ( 'NONE', #2379, #2162, #2147 ) ;
#3552 = SURFACE_STYLE_FILL_AREA ( #1646 ) ;
#3553 = DIRECTION ( 'NONE',  ( -0.0000000000000000000, -1.000000000000000000, 0.0000000000000000000 ) ) ;
#3554 = ORIENTED_EDGE ( 'NONE', *, *, #99, .T. ) ;
#3555 = DIRECTION ( 'NONE',  ( 1.000000000000000000, 0.0000000000000000000, 0.0000000000000000000 ) ) ;
#3556 = PRESENTATION_STYLE_ASSIGNMENT (( #1138 ) ) ;
#3557 = DIRECTION ( 'NONE',  ( 1.000000000000000000, 0.0000000000000000000, 0.0000000000000000000 ) ) ;
#3558 = ORIENTED_EDGE ( 'NONE', *, *, #1385, .F. ) ;
#3559 =( NAMED_UNIT ( * ) PLANE_ANGLE_UNIT ( ) SI_UNIT ( $, .RADIAN. ) );
#3560 = VECTOR ( 'NONE', #3820, 39.37007874015748100 ) ;
#3561 = ORIENTED_EDGE ( 'NONE', *, *, #1494, .F. ) ;
#3562 = DIRECTION ( 'NONE',  ( 6.213024729846984300E-017, -1.000000000000000000, -0.0000000000000000000 ) ) ;
#3563 = LENGTH_MEASURE_WITH_UNIT ( LENGTH_MEASURE( 0.02539999999999999900 ), #3437 );
#3564 = CARTESIAN_POINT ( 'NONE',  ( 0.08394028921923867000, -0.03949028442304328800, 0.04886697791584983900 ) ) ;
#3565 = LENGTH_MEASURE_WITH_UNIT ( LENGTH_MEASURE( 0.02539999999999999900 ), #3489 );
#3566 = VERTEX_POINT ( 'NONE', #302 ) ;
#3567 = UNCERTAINTY_MEASURE_WITH_UNIT (LENGTH_MEASURE( 1.000000000000000100E-005 ), #185, 'distance_accuracy_value', 'NONE');
#3568 = ORIENTED_EDGE ( 'NONE', *, *, #1887, .F. ) ;
#3569 = CARTESIAN_POINT ( 'NONE',  ( 0.08394028921923865600, 0.05650971557695649800, 0.04886697791584983900 ) ) ;
#3570 = CARTESIAN_POINT ( 'NONE',  ( 0.08394028921923843400, 0.1675097155769567100, -0.008633022084150142300 ) ) ;
#3571 = VERTEX_POINT ( 'NONE', #1 ) ;
#3572 =( GEOMETRIC_REPRESENTATION_CONTEXT ( 3 ) GLOBAL_UNCERTAINTY_ASSIGNED_CONTEXT ( ( #4104 ) ) GLOBAL_UNIT_ASSIGNED_CONTEXT ( ( #2596, #4567, #2503 ) ) REPRESENTATION_CONTEXT ( 'NONE', 'WORKASPACE' ) );
#3573 =( CONVERSION_BASED_UNIT ( 'INCH', #2937 ) LENGTH_UNIT ( ) NAMED_UNIT ( #1666 ) );
#3574 = CARTESIAN_POINT ( 'NONE',  ( 0.1171379296976421800, 0.05384304891028984800, 0.04886697791584979100 ) ) ;
#3575 = CARTESIAN_POINT ( 'NONE',  ( 0.08394028921923843400, 0.1515097155769567200, 0.05636073008825533800 ) ) ;
#3576 = DIRECTION ( 'NONE',  ( -0.0000000000000000000, -0.0000000000000000000, -1.000000000000000000 ) ) ;
#3577 = LENGTH_MEASURE_WITH_UNIT ( LENGTH_MEASURE( 0.02539999999999999900 ), #3194 );
#3578 = AXIS2_PLACEMENT_3D ( 'NONE', #1253, #1278, #1065 ) ;
#3579 = DIMENSIONAL_EXPONENTS ( 1.000000000000000000, 0.0000000000000000000, 0.0000000000000000000, 0.0000000000000000000, 0.0000000000000000000, 0.0000000000000000000, 0.0000000000000000000 ) ;
#3580 =( CONVERSION_BASED_UNIT ( 'INCH', #90 ) LENGTH_UNIT ( ) NAMED_UNIT ( #4500 ) );
#3581 = AXIS2_PLACEMENT_3D ( 'NONE', #4086, #4080, #4066 ) ;
#3582 = DIRECTION ( 'NONE',  ( 1.000000000000000000, 0.0000000000000000000, -0.0000000000000000000 ) ) ;
#3583 = ORIENTED_EDGE ( 'NONE', *, *, #808, .F. ) ;
#3584 = FILL_AREA_STYLE_COLOUR ( '', #276 ) ;
#3585 = PRESENTATION_STYLE_ASSIGNMENT (( #2852 ) ) ;
#3587 = AXIS2_PLACEMENT_3D ( 'NONE', #921, #800, #456 ) ;
#3586 = CARTESIAN_POINT ( 'NONE',  ( 0.1337367499368438700, 0.1891763822436228200, 0.02011697791584974800 ) ) ;
#3588 = CARTESIAN_POINT ( 'NONE',  ( 0.1337367499368438700, 0.05117638224362318400, 0.02011697791584974800 ) ) ;
#3589 = DIRECTION ( 'NONE',  ( 1.000000000000000000, 6.213024729846984300E-017, 0.0000000000000000000 ) ) ;
#3590 = FACE_BOUND ( 'NONE', #3172, .T. ) ;
#3591 = CARTESIAN_POINT ( 'NONE',  ( 0.1503355701760455700, 0.04850971557695651200, -0.008633022084150241200 ) ) ;
#3592 = CARTESIAN_POINT ( 'NONE',  ( 0.04858580747424740000, 0.09959304891029009700, 0.05260273657344073000 ) ) ;
#3593 = DIRECTION ( 'NONE',  ( 0.0000000000000000000, -0.0000000000000000000, 1.000000000000000000 ) ) ;
#3594 = COLOUR_RGB ( '',0.8000000000000000400, 0.8039215686274510100, 0.8000000000000000400 ) ;
#3595 = CARTESIAN_POINT ( 'NONE',  ( 0.1909402892192384200, 0.1675097155769567100, 0.1463669779158498500 ) ) ;
#3596 = PRESENTATION_LAYER_ASSIGNMENT (  '', '', ( #2216 ) ) ;
#3597 =( LENGTH_UNIT ( ) NAMED_UNIT ( * ) SI_UNIT ( $, .METRE. ) );
#3598 = CARTESIAN_POINT ( 'NONE',  ( -0.02305971078076154600, 0.1675097155769567100, 0.1463669779158498500 ) ) ;
#3599 = CARTESIAN_POINT ( 'NONE',  ( 0.08394028921923843400, 0.09750971557695677100, 0.05260273657344072300 ) ) ;
#3600 = CARTESIAN_POINT ( 'NONE',  ( 0.2439402892192384400, -0.2424902844230432100, 0.1197921747662435300 ) ) ;
#3601 = COLOUR_RGB ( '',0.9882352941176471000, 1.000000000000000000, 0.9882352941176471000 ) ;
#3602 = FILL_AREA_STYLE ('',( #3392 ) ) ;
#3603 = CARTESIAN_POINT ( 'NONE',  ( 0.1503355701760455700, 0.1865097155769562000, -0.008633022084150241200 ) ) ;
#3604 = CARTESIAN_POINT ( 'NONE',  ( 0.1337367499368437600, 0.04584304891028985500, -0.03738302208415023700 ) ) ;
#3605 = UNCERTAINTY_MEASURE_WITH_UNIT (LENGTH_MEASURE( 1.000000000000000100E-005 ), #4829, 'distance_accuracy_value', 'NONE');
#3606 = FACE_OUTER_BOUND ( 'NONE', #3000, .T. ) ;
#3607 = CARTESIAN_POINT ( 'NONE',  ( 0.1171379296976420000, 0.04317638224362319700, -0.06613302208415021400 ) ) ;
#3608 = CARTESIAN_POINT ( 'NONE',  ( 0.08394028921923843400, 0.1392454742345472200, 0.06036697791584985700 ) ) ;
#3609 =( GEOMETRIC_REPRESENTATION_CONTEXT ( 3 ) GLOBAL_UNCERTAINTY_ASSIGNED_CONTEXT ( ( #3630 ) ) GLOBAL_UNIT_ASSIGNED_CONTEXT ( ( #3854, #3840, #3837 ) ) REPRESENTATION_CONTEXT ( 'NONE', 'WORKASPACE' ) );
#3610 = SURFACE_STYLE_USAGE ( .BOTH. , #3627 ) ;
#3611 = DIRECTION ( 'NONE',  ( 0.0000000000000000000, -0.0000000000000000000, -1.000000000000000000 ) ) ;
#3612 = AXIS2_PLACEMENT_3D ( 'NONE', #4389, #4375, #1896 ) ;
#3613 = ORIENTED_EDGE ( 'NONE', *, *, #1396, .F. ) ;
#3614 = CARTESIAN_POINT ( 'NONE',  ( 0.08962938034356521300, 0.1515097155769567200, 0.05665747733962100300 ) ) ;
#3615 = DIRECTION ( 'NONE',  ( 1.000000000000000000, 0.0000000000000000000, -0.0000000000000000000 ) ) ;
#3616 = CARTESIAN_POINT ( 'NONE',  ( 0.1337367499368437600, 0.1838430489102895200, -0.03738302208415023700 ) ) ;
#3617 = DIRECTION ( 'NONE',  ( 0.0000000000000000000, -1.000000000000000000, 0.0000000000000000000 ) ) ;
#3618 = SURFACE_STYLE_FILL_AREA ( #3104 ) ;
#3619 = VERTEX_POINT ( 'NONE', #57 ) ;
#3620 = APPLICATION_CONTEXT ( 'automotive_design' ) ;
#3621 = ORIENTED_EDGE ( 'NONE', *, *, #2582, .T. ) ;
#3622 = CARTESIAN_POINT ( 'NONE',  ( 0.08394028921923851700, 0.04050971557695654000, -0.06613302208415015900 ) ) ;
#3623 = STYLED_ITEM ( 'NONE', ( #4910 ), #4423 ) ;
#3624 = PRESENTATION_STYLE_ASSIGNMENT (( #3062 ) ) ;
#3625 = ORIENTED_EDGE ( 'NONE', *, *, #2488, .F. ) ;
#3626 = CARTESIAN_POINT ( 'NONE',  ( 0.2249402892192384500, 0.2165097155769567800, -0.03013302208415016100 ) ) ;
#3627 = SURFACE_SIDE_STYLE ('',( #2763 ) ) ;
#3628 = LINE ( 'NONE', #2641, #4466 ) ;
#3629 = FACE_OUTER_BOUND ( 'NONE', #1066, .T. ) ;
#3630 = UNCERTAINTY_MEASURE_WITH_UNIT (LENGTH_MEASURE( 1.000000000000000100E-005 ), #3854, 'distance_accuracy_value', 'NONE');
#3631 = ORIENTED_EDGE ( 'NONE', *, *, #914, .T. ) ;
#3632 = ADVANCED_FACE ( 'NONE', ( #1667 ), #2976, .T. ) ;
#3633 =( NAMED_UNIT ( * ) SI_UNIT ( $, .STERADIAN. ) SOLID_ANGLE_UNIT ( ) );
#3634 = DIRECTION ( 'NONE',  ( 0.0000000000000000000, 0.0000000000000000000, 1.000000000000000000 ) ) ;
#3635 = CARTESIAN_POINT ( 'NONE',  ( 0.1171379296976420000, 0.1811763822436228700, -0.06613302208415021400 ) ) ;
#3636 = ORIENTED_EDGE ( 'NONE', *, *, #2110, .F. ) ;
#3637 = CARTESIAN_POINT ( 'NONE',  ( 0.05074264874083504000, 0.03784304891028987500, -0.06613302208415011700 ) ) ;
#3638 = DIRECTION ( 'NONE',  ( 6.213024729846984300E-017, -1.000000000000000000, -0.0000000000000000000 ) ) ;
#3639 = LINE ( 'NONE', #2986, #3358 ) ;
#3640 =( NAMED_UNIT ( * ) PLANE_ANGLE_UNIT ( ) SI_UNIT ( $, .RADIAN. ) );
#3641 = ORIENTED_EDGE ( 'NONE', *, *, #742, .F. ) ;
#3642 = CYLINDRICAL_SURFACE ( 'NONE', #2963, 0.02999999999999998800 ) ;
#3643 =( NAMED_UNIT ( * ) SI_UNIT ( $, .STERADIAN. ) SOLID_ANGLE_UNIT ( ) );
#3644 = AXIS2_PLACEMENT_3D ( 'NONE', #88, #77, #60 ) ;
#3645 = PLANE ( 'NONE',  #2813 ) ;
#3646 = PRESENTATION_STYLE_ASSIGNMENT (( #3676 ) ) ;
#3647 = CARTESIAN_POINT ( 'NONE',  ( 0.1462941182917181200, 0.002843048910289930200, -0.04463302208415023000 ) ) ;
#3648 =( NAMED_UNIT ( * ) PLANE_ANGLE_UNIT ( ) SI_UNIT ( $, .RADIAN. ) );
#3649 =( NAMED_UNIT ( * ) SI_UNIT ( $, .STERADIAN. ) SOLID_ANGLE_UNIT ( ) );
#3651 = AXIS2_PLACEMENT_3D ( 'NONE', #378, #357, #342 ) ;
#3650 = CARTESIAN_POINT ( 'NONE',  ( 0.01754500826243164000, 0.04250971557695649300, -0.008633022084150085100 ) ) ;
#3652 = CARTESIAN_POINT ( 'NONE',  ( 0.03414382850163333300, 0.03517638224362322500, -0.03738302208415009800 ) ) ;
#3653 = FACE_OUTER_BOUND ( 'NONE', #1122, .T. ) ;
#3654 = CARTESIAN_POINT ( 'NONE',  ( 0.08394028921923471500, 0.1735097155769565200, 0.06336697791584983100 ) ) ;
#3655 = ADVANCED_FACE ( 'NONE', ( #2929 ), #4889, .F. ) ;
#3656 = B_SPLINE_CURVE_WITH_KNOTS ( 'NONE', 3,
 ( #2747, #2810, #1582, #1566, #2710, #2704 ),
 .UNSPECIFIED., .F., .F.,
 ( 4, 2, 4 ),
 ( 0.001261082397287619200, 0.001840749285833845100, 0.002420416174380071000 ),
 .UNSPECIFIED. ) ;
#3657 =( CONVERSION_BASED_UNIT ( 'INCH', #4874 ) LENGTH_UNIT ( ) NAMED_UNIT ( #1388 ) );
#3658 = PRESENTATION_LAYER_ASSIGNMENT (  '', '', ( #3623 ) ) ;
#3659 = DIRECTION ( 'NONE',  ( -0.0000000000000000000, 1.000000000000000000, -0.0000000000000000000 ) ) ;
#3660 = FILL_AREA_STYLE ('',( #3388 ) ) ;
#3661 = SURFACE_STYLE_FILL_AREA ( #4905 ) ;
#3662 = CARTESIAN_POINT ( 'NONE',  ( 0.1255095086008915800, 0.0001763822436232557000, -0.08063302208415019900 ) ) ;
#3663 =( LENGTH_UNIT ( ) NAMED_UNIT ( * ) SI_UNIT ( $, .METRE. ) );
#3664 = CARTESIAN_POINT ( 'NONE',  ( 0.1255095086008904700, 0.1708430489102897600, 0.06336697791585232900 ) ) ;
#3665 =( NAMED_UNIT ( * ) PLANE_ANGLE_UNIT ( ) SI_UNIT ( $, .RADIAN. ) );
#3666 = UNCERTAINTY_MEASURE_WITH_UNIT (LENGTH_MEASURE( 1.000000000000000100E-005 ), #3305, 'distance_accuracy_value', 'NONE');
#3667 = COLOUR_RGB ( '',0.8000000000000000400, 0.8039215686274510100, 0.8000000000000000400 ) ;
#3668 = CARTESIAN_POINT ( 'NONE',  ( 0.01754500826243164000, 0.03250971557695654700, -0.008633022084150085100 ) ) ;
#3669 = FACE_OUTER_BOUND ( 'NONE', #298, .T. ) ;
#3670 = CARTESIAN_POINT ( 'NONE',  ( -0.02305971078076154600, 0.1205097155769567100, -0.1636330220841501200 ) ) ;
#3671 = STYLED_ITEM ( 'NONE', ( #3954 ), #1775 ) ;
#3672 = CARTESIAN_POINT ( 'NONE',  ( 0.03414382850163340300, 0.02984304891028989300, 0.02011697791584989700 ) ) ;
#3673 = CARTESIAN_POINT ( 'NONE',  ( 0.1462941182917184800, 0.1681763822436229100, 0.02736697791584930000 ) ) ;
#3674 = COLOUR_RGB ( '',0.8000000000000000400, 0.8039215686274510100, 0.8000000000000000400 ) ;
#3675 = AXIS2_PLACEMENT_3D ( 'NONE', #3477, #3455, #3412 ) ;
#3676 = SURFACE_STYLE_USAGE ( .BOTH. , #3699 ) ;
#3677 = CARTESIAN_POINT ( 'NONE',  ( -0.03805971078076162600, -0.07549028442304323000, 0.1463669779158498500 ) ) ;
#3678 = COLOUR_RGB ( '',0.8000000000000000400, 0.8039215686274510100, 0.8000000000000000400 ) ;
#3679 = ORIENTED_EDGE ( 'NONE', *, *, #1801, .T. ) ;
#3680 = CARTESIAN_POINT ( 'NONE',  ( 0.08394028921923843400, 0.1515097155769567200, -0.008633022084150142300 ) ) ;
#3681 = PRESENTATION_LAYER_ASSIGNMENT (  '', '', ( #3496 ) ) ;
#3682 = PRESENTATION_STYLE_ASSIGNMENT (( #2713 ) ) ;
#3683 = CARTESIAN_POINT ( 'NONE',  ( 0.1670787279825446900, 0.1655097155769562300, -0.008633022084150534400 ) ) ;
#3684 =( CONVERSION_BASED_UNIT ( 'INCH', #2832 ) LENGTH_UNIT ( ) NAMED_UNIT ( #1900 ) );
#3685 = ORIENTED_EDGE ( 'NONE', *, *, #99, .F. ) ;
#3686 = ADVANCED_FACE ( 'NONE', ( #1307 ), #4599, .T. ) ;
#3687 = COLOUR_RGB ( '',0.8000000000000000400, 0.8039215686274510100, 0.8000000000000000400 ) ;
#3688 = SURFACE_STYLE_USAGE ( .BOTH. , #4377 ) ;
#3689 = DIMENSIONAL_EXPONENTS ( 1.000000000000000000, 0.0000000000000000000, 0.0000000000000000000, 0.0000000000000000000, 0.0000000000000000000, 0.0000000000000000000, 0.0000000000000000000 ) ;
#3690 = PRESENTATION_STYLE_ASSIGNMENT (( #917 ) ) ;
#3691 = CARTESIAN_POINT ( 'NONE',  ( -0.05093848898613818200, 0.2226714166775719000, -0.03013302208415016100 ) ) ;
#3692 = PRESENTATION_STYLE_ASSIGNMENT (( #4854 ) ) ;
#3693 = FACE_OUTER_BOUND ( 'NONE', #1182, .T. ) ;
#3694 = DIRECTION ( 'NONE',  ( 0.0000000000000000000, 0.0000000000000000000, 1.000000000000000000 ) ) ;
#3695 = VERTEX_POINT ( 'NONE', #4907 ) ;
#3696 = CARTESIAN_POINT ( 'NONE',  ( 0.05074264874083517900, 0.02717638224362323200, 0.04886697791584988100 ) ) ;
#3697 = CARTESIAN_POINT ( 'NONE',  ( 0.1462941182917179000, 0.1628430489102895800, -0.04463302208415062500 ) ) ;
#3698 = AXIS2_PLACEMENT_3D ( 'NONE', #321, #292, #257 ) ;
#3699 = SURFACE_SIDE_STYLE ('',( #1157 ) ) ;
#3700 = LINE ( 'NONE', #3376, #753 ) ;
#3701 = ORIENTED_EDGE ( 'NONE', *, *, #2072, .F. ) ;
#3702 = B_SPLINE_CURVE_WITH_KNOTS ( 'NONE', 3,
 ( #2463, #2135, #2059, #2024, #2011, #2001 ),
 .UNSPECIFIED., .F., .F.,
 ( 4, 2, 4 ),
 ( 0.05852918469349361500, 0.05886927314805076600, 0.05920936160260791700 ),
 .UNSPECIFIED. ) ;
#3703 = FILL_AREA_STYLE_COLOUR ( '', #3962 ) ;
#3704 = FILL_AREA_STYLE ('',( #3935 ) ) ;
#3705 = CARTESIAN_POINT ( 'NONE',  ( 0.1255095086008914100, 0.1601763822436229100, -0.08063302208415029600 ) ) ;
#3706 =( LENGTH_UNIT ( ) NAMED_UNIT ( * ) SI_UNIT ( $, .METRE. ) );
#3707 = ORIENTED_EDGE ( 'NONE', *, *, #1116, .T. ) ;
#3708 = SURFACE_STYLE_FILL_AREA ( #2894 ) ;
#3709 =( CONVERSION_BASED_UNIT ( 'INCH', #2354 ) LENGTH_UNIT ( ) NAMED_UNIT ( #4759 ) );
#3710 = VERTEX_POINT ( 'NONE', #4436 ) ;
#3711 = CARTESIAN_POINT ( 'NONE',  ( 0.08394028921923814300, 0.1575097155769562300, -0.08063302208415015800 ) ) ;
#3712 = CIRCLE ( 'NONE', #2025, 0.02999999999999998800 ) ;
#3713 = AXIS2_PLACEMENT_3D ( 'NONE', #3377, #3362, #3125 ) ;
#3714 = ADVANCED_FACE ( 'NONE', ( #3846 ), #1907, .T. ) ;
#3715 = CARTESIAN_POINT ( 'NONE',  ( 0.08394028921923865600, 0.02450971557695657800, 0.04886697791584983900 ) ) ;
#3716 = CARTESIAN_POINT ( 'NONE',  ( 0.04237106983758489500, 0.1548430489102896000, -0.08063302208414978300 ) ) ;
#3717 = CIRCLE ( 'NONE', #1389, 0.1009999999999999900 ) ;
#3718 = PRESENTATION_LAYER_ASSIGNMENT (  '', '', ( #3547 ) ) ;
#3719 = ORIENTED_EDGE ( 'NONE', *, *, #39, .F. ) ;
#3720 = FILL_AREA_STYLE ('',( #3760 ) ) ;
#3721 = CARTESIAN_POINT ( 'NONE',  ( 0.02158646014675883900, 0.1521763822436229300, -0.04463302208414984100 ) ) ;
#3722 = SURFACE_STYLE_USAGE ( .BOTH. , #3732 ) ;
#3723 =( LENGTH_UNIT ( ) NAMED_UNIT ( * ) SI_UNIT ( $, .METRE. ) );
#3724 = CARTESIAN_POINT ( 'NONE',  ( 0.0008018504559324933700, 0.1495097155769562800, -0.008633022084149497000 ) ) ;
#3725 = B_SPLINE_CURVE_WITH_KNOTS ( 'NONE', 3,
 ( #2484, #2508, #2511, #2478, #2465, #2461 ),
 .UNSPECIFIED., .F., .F.,
 ( 4, 2, 4 ),
 ( 0.001192502276692679400, 0.001776704706261765300, 0.002360907135830851100 ),
 .UNSPECIFIED. ) ;
#3726 = CARTESIAN_POINT ( 'NONE',  ( 0.02158646014675915500, 0.1468430489102896000, 0.02736697791585007400 ) ) ;
#3727 = LENGTH_MEASURE_WITH_UNIT ( LENGTH_MEASURE( 0.02539999999999999900 ), #470 );
#3728 = CARTESIAN_POINT ( 'NONE',  ( 0.04237106983758547100, -0.005156951089710059600, -0.08063302208415010200 ) ) ;
#3729 =( NAMED_UNIT ( * ) PLANE_ANGLE_UNIT ( ) SI_UNIT ( $, .RADIAN. ) );
#3730 = ORIENTED_EDGE ( 'NONE', *, *, #2736, .F. ) ;
#3731 = CARTESIAN_POINT ( 'NONE',  ( 0.04237106983758604000, 0.1441763822436229200, 0.06336697791585009500 ) ) ;
#3732 = SURFACE_SIDE_STYLE ('',( #3513 ) ) ;
#3733 = VECTOR ( 'NONE', #440, 39.37007874015748100 ) ;
#3734 = ADVANCED_FACE ( 'NONE', ( #1916, #1922 ), #4225, .T. ) ;
#3735 = DIMENSIONAL_EXPONENTS ( 1.000000000000000000, 0.0000000000000000000, 0.0000000000000000000, 0.0000000000000000000, 0.0000000000000000000, 0.0000000000000000000, 0.0000000000000000000 ) ;
#3736 = CARTESIAN_POINT ( 'NONE',  ( 0.08394028921923851700, 0.1785097155769561900, -0.06613302208415015900 ) ) ;
#3737 = CARTESIAN_POINT ( 'NONE',  ( 0.08394028921923878100, 0.1415097155769563000, 0.06336697791584983100 ) ) ;
#3738 = VERTEX_POINT ( 'NONE', #4195 ) ;
#3739 = CIRCLE ( 'NONE', #3825, 0.01500000000000003600 ) ;
#3740 = ORIENTED_EDGE ( 'NONE', *, *, #1594, .T. ) ;
#3741 = CARTESIAN_POINT ( 'NONE',  ( 0.2379402892192384900, -0.07549028442304323000, -0.1636330220841501200 ) ) ;
#3742 = LINE ( 'NONE', #121, #2888 ) ;
#3743 = CARTESIAN_POINT ( 'NONE',  ( 0.02158646014675897500, -0.007823617756376726600, -0.04463302208415009100 ) ) ;
#3744 =( NAMED_UNIT ( * ) SI_UNIT ( $, .STERADIAN. ) SOLID_ANGLE_UNIT ( ) );
#3745 = PRESENTATION_STYLE_ASSIGNMENT (( #1763 ) ) ;
#3746 = VERTEX_POINT ( 'NONE', #3849 ) ;
#3747 = AXIS2_PLACEMENT_3D ( 'NONE', #251, #231, #4930 ) ;
#3748 = FACE_OUTER_BOUND ( 'NONE', #3396, .T. ) ;
#3749 = ORIENTED_EDGE ( 'NONE', *, *, #1235, .T. ) ;
#3750 = FILL_AREA_STYLE ('',( #3774 ) ) ;
#3751 = CARTESIAN_POINT ( 'NONE',  ( 0.2379402892192384900, 0.1205097155769567100, 0.1463669779158498500 ) ) ;
#3752 = FACE_OUTER_BOUND ( 'NONE', #755, .T. ) ;
#3753 = ORIENTED_EDGE ( 'NONE', *, *, #1940, .T. ) ;
#3754 = CARTESIAN_POINT ( 'NONE',  ( 0.05074264874083504000, 0.1758430489102895700, -0.06613302208415011700 ) ) ;
#3755 = CARTESIAN_POINT ( 'NONE',  ( 0.1670787279825446900, 0.1335097155769562900, -0.008633022084150515300 ) ) ;
#3756 = FILL_AREA_STYLE_COLOUR ( '', #3441 ) ;
#3757 = CARTESIAN_POINT ( 'NONE',  ( 0.08394028921923865600, 0.07750971557695644800, 0.06336697791584983100 ) ) ;
#3758 = CARTESIAN_POINT ( 'NONE',  ( 0.1462941182917179000, 0.1308430489102896700, -0.04463302208415061100 ) ) ;
#3759 =( LENGTH_UNIT ( ) NAMED_UNIT ( * ) SI_UNIT ( $, .METRE. ) );
#3760 = FILL_AREA_STYLE_COLOUR ( '', #933 ) ;
#3761 = FACE_OUTER_BOUND ( 'NONE', #4816, .T. ) ;
#3762 = CARTESIAN_POINT ( 'NONE',  ( 0.0008018504559324932600, -0.01049028442304338200, -0.008633022084150081600 ) ) ;
#3763 = CARTESIAN_POINT ( 'NONE',  ( 0.1255095086008914100, 0.1281763822436229900, -0.08063302208415026900 ) ) ;
#3764 = FILL_AREA_STYLE_COLOUR ( '', #1976 ) ;
#3765 = MECHANICAL_DESIGN_GEOMETRIC_PRESENTATION_REPRESENTATION (  '', ( #3017 ), #3572 ) ;
#3766 = CARTESIAN_POINT ( 'NONE',  ( 0.03414382850163333300, 0.1731763822436228600, -0.03738302208415009800 ) ) ;
#3767 = STYLED_ITEM ( 'NONE', ( #1268 ), #2482 ) ;
#3768 = CARTESIAN_POINT ( 'NONE',  ( 0.08394028921923815700, 0.1255097155769563100, -0.08063302208415015800 ) ) ;
#3769 = CARTESIAN_POINT ( 'NONE',  ( 0.04237106983758541500, 0.1228430489102896600, -0.08063302208415007400 ) ) ;
#3770 =( GEOMETRIC_REPRESENTATION_CONTEXT ( 3 ) GLOBAL_UNCERTAINTY_ASSIGNED_CONTEXT ( ( #843 ) ) GLOBAL_UNIT_ASSIGNED_CONTEXT ( ( #541, #526, #489 ) ) REPRESENTATION_CONTEXT ( 'NONE', 'WORKASPACE' ) );
#3771 = CARTESIAN_POINT ( 'NONE',  ( 0.08394028921923843400, 0.1557739569193661000, 0.06036697791584985700 ) ) ;
#3772 = ORIENTED_EDGE ( 'NONE', *, *, #808, .T. ) ;
#3773 = CARTESIAN_POINT ( 'NONE',  ( 0.02158646014675884600, 0.1201763822436230000, -0.04463302208414985500 ) ) ;
#3774 = FILL_AREA_STYLE_COLOUR ( '', #3285 ) ;
#3775 =( NAMED_UNIT ( * ) SI_UNIT ( $, .STERADIAN. ) SOLID_ANGLE_UNIT ( ) );
#3776 = ORIENTED_EDGE ( 'NONE', *, *, #1736, .T. ) ;
#3777 = UNCERTAINTY_MEASURE_WITH_UNIT (LENGTH_MEASURE( 1.000000000000000100E-005 ), #3468, 'distance_accuracy_value', 'NONE');
#3778 = CARTESIAN_POINT ( 'NONE',  ( 0.03414382850163340300, 0.03984304891028982200, 0.02011697791584989700 ) ) ;
#3779 = DIRECTION ( 'NONE',  ( 1.000000000000000000, 2.449212707644754500E-016, 0.0000000000000000000 ) ) ;
#3780 = CARTESIAN_POINT ( 'NONE',  ( 0.0008018504559324933700, 0.1175097155769563600, -0.008633022084149517800 ) ) ;
#3781 = ORIENTED_EDGE ( 'NONE', *, *, #828, .F. ) ;
#3782 = DIMENSIONAL_EXPONENTS ( 1.000000000000000000, 0.0000000000000000000, 0.0000000000000000000, 0.0000000000000000000, 0.0000000000000000000, 0.0000000000000000000, 0.0000000000000000000 ) ;
#3783 = FACE_OUTER_BOUND ( 'NONE', #3007, .T. ) ;
#3784 = CONICAL_SURFACE ( 'NONE', #2138, 0.05501021192411735500, 0.6108652381980168600 ) ;
#3785 = CARTESIAN_POINT ( 'NONE',  ( 0.1237774577933226500, 0.1536906235860328300, 0.06036697791584980800 ) ) ;
#3786 = PLANE ( 'NONE',  #980 ) ;
#3787 = CARTESIAN_POINT ( 'NONE',  ( 0.02158646014675904400, -0.01315695108971004200, 0.02736697791584989700 ) ) ;
#3788 = LENGTH_MEASURE_WITH_UNIT ( LENGTH_MEASURE( 0.02539999999999999900 ), #570 );
#3789 = CARTESIAN_POINT ( 'NONE',  ( 0.02158646014675914800, 0.1148430489102896800, 0.02736697791585005600 ) ) ;
#3790 = SURFACE_STYLE_FILL_AREA ( #548 ) ;
#3791 = PLANE ( 'NONE',  #2232 ) ;
#3792 = ORIENTED_EDGE ( 'NONE', *, *, #2626, .F. ) ;
#3793 = LINE ( 'NONE', #3990, #3799 ) ;
#3794 = EDGE_LOOP ( 'NONE', ( #1479, #4258, #2750, #4036, #3685, #233, #4729, #1117 ) ) ;
#3795 = CARTESIAN_POINT ( 'NONE',  ( 0.01754500826243164000, 0.1705097155769561800, -0.008633022084150085100 ) ) ;
#3796 = DIRECTION ( 'NONE',  ( 2.449212707644754500E-016, -1.000000000000000000, -0.0000000000000000000 ) ) ;
#3797 = ORIENTED_EDGE ( 'NONE', *, *, #2242, .F. ) ;
#3798 = CARTESIAN_POINT ( 'NONE',  ( 0.04237106983758601900, 0.1121763822436230200, 0.06336697791585009500 ) ) ;
#3799 = VECTOR ( 'NONE', #3979, 39.37007874015748100 ) ;
#3800 = ORIENTED_EDGE ( 'NONE', *, *, #1627, .T. ) ;
#3801 = MECHANICAL_DESIGN_GEOMETRIC_PRESENTATION_REPRESENTATION (  '', ( #3496 ), #3770 ) ;
#3802 = CARTESIAN_POINT ( 'NONE',  ( 0.1171379296976421800, 0.02184304891028992000, 0.04886697791584979100 ) ) ;
#3803 = CIRCLE ( 'NONE', #4574, 0.1365256677120062200 ) ;
#3804 = FACE_BOUND ( 'NONE', #3333, .T. ) ;
#3805 = ORIENTED_EDGE ( 'NONE', *, *, #1910, .T. ) ;
#3806 = DIMENSIONAL_EXPONENTS ( 1.000000000000000000, 0.0000000000000000000, 0.0000000000000000000, 0.0000000000000000000, 0.0000000000000000000, 0.0000000000000000000, 0.0000000000000000000 ) ;
#3807 = ORIENTED_EDGE ( 'NONE', *, *, #1700, .F. ) ;
#3808 = CARTESIAN_POINT ( 'NONE',  ( 0.1909402892192384200, 0.1355097155769566800, 0.1463669779158498500 ) ) ;
#3809 = AXIS2_PLACEMENT_3D ( 'NONE', #1350, #1302, #1288 ) ;
#3810 = CARTESIAN_POINT ( 'NONE',  ( 0.08394028921923875300, 0.1095097155769563700, 0.06336697791584983100 ) ) ;
#3811 = FACE_OUTER_BOUND ( 'NONE', #4698, .T. ) ;
#3812 = CARTESIAN_POINT ( 'NONE',  ( 0.03414382850163340300, 0.1678430489102895300, 0.02011697791584989700 ) ) ;
#3813 = CARTESIAN_POINT ( 'NONE',  ( 0.08394028921923865600, -0.08249028442304320900, -0.008633022084150159700 ) ) ;
#3814 = PRESENTATION_STYLE_ASSIGNMENT (( #3211 ) ) ;
#3815 = CARTESIAN_POINT ( 'NONE',  ( 0.1255095086008920200, 0.1068430489102897000, 0.06336697791584960900 ) ) ;
#3816 = APPLICATION_PROTOCOL_DEFINITION ( 'draft international standard', 'automotive_design', 1998, #3620 ) ;
#3817 = DIRECTION ( 'NONE',  ( 0.0000000000000000000, 1.000000000000000000, 0.0000000000000000000 ) ) ;
#3818 = CARTESIAN_POINT ( 'NONE',  ( 0.1462941182917184600, 0.1041763822436230500, 0.02736697791584932400 ) ) ;
#3819 = LINE ( 'NONE', #3987, #4757 ) ;
#3820 = DIRECTION ( 'NONE',  ( -0.0000000000000000000, -0.0000000000000000000, -1.000000000000000000 ) ) ;
#3821 =( NAMED_UNIT ( * ) PLANE_ANGLE_UNIT ( ) SI_UNIT ( $, .RADIAN. ) );
#3822 = DIMENSIONAL_EXPONENTS ( 1.000000000000000000, 0.0000000000000000000, 0.0000000000000000000, 0.0000000000000000000, 0.0000000000000000000, 0.0000000000000000000, 0.0000000000000000000 ) ;
#3823 = CARTESIAN_POINT ( 'NONE',  ( 0.05074264874083517900, 0.1651763822436229100, 0.04886697791584988100 ) ) ;
#3824 =( LENGTH_UNIT ( ) NAMED_UNIT ( * ) SI_UNIT ( $, .METRE. ) );
#3825 = AXIS2_PLACEMENT_3D ( 'NONE', #4754, #4735, #4723 ) ;
#3826 = CARTESIAN_POINT ( 'NONE',  ( 0.1670787279825446900, 0.1015097155769564000, -0.008633022084150494500 ) ) ;
#3827 = AXIS2_PLACEMENT_3D ( 'NONE', #3906, #3902, #3886 ) ;
#3828 =( LENGTH_UNIT ( ) NAMED_UNIT ( * ) SI_UNIT ( $, .METRE. ) );
#3829 = CARTESIAN_POINT ( 'NONE',  ( 0.1337367499368438700, 0.01917638224362324500, 0.02011697791584974800 ) ) ;
#3830 = ORIENTED_EDGE ( 'NONE', *, *, #2153, .F. ) ;
#3831 = AXIS2_PLACEMENT_3D ( 'NONE', #676, #658, #646 ) ;
#3832 =( NAMED_UNIT ( * ) PLANE_ANGLE_UNIT ( ) SI_UNIT ( $, .RADIAN. ) );
#3833 = CARTESIAN_POINT ( 'NONE',  ( 0.1636146263674068100, 0.1495239569193661500, -0.008633022084150095500 ) ) ;
#3834 = CARTESIAN_POINT ( 'NONE',  ( 0.06244028921923863000, 0.1885097155769567500, 0.01286697791584984000 ) ) ;
#3835 = CARTESIAN_POINT ( 'NONE',  ( 0.1462941182917179300, 0.09884304891028970800, -0.04463302208415059100 ) ) ;
#3836 = CARTESIAN_POINT ( 'NONE',  ( 0.1909402892192384200, 0.1355097155769566800, 0.1463669779158498500 ) ) ;
#3837 =( NAMED_UNIT ( * ) SI_UNIT ( $, .STERADIAN. ) SOLID_ANGLE_UNIT ( ) );
#3838 =( CONVERSION_BASED_UNIT ( 'INCH', #2324 ) LENGTH_UNIT ( ) NAMED_UNIT ( #937 ) );
#3839 = CARTESIAN_POINT ( 'NONE',  ( 0.08394028921923865600, 0.1625097155769562300, 0.04886697791584983900 ) ) ;
#3840 =( NAMED_UNIT ( * ) PLANE_ANGLE_UNIT ( ) SI_UNIT ( $, .RADIAN. ) );
#3841 = CARTESIAN_POINT ( 'NONE',  ( 0.1255095086008914400, 0.09617638224362307100, -0.08063302208415026900 ) ) ;
#3842 =( LENGTH_UNIT ( ) NAMED_UNIT ( * ) SI_UNIT ( $, .METRE. ) );
#3843 = SURFACE_STYLE_FILL_AREA ( #4474 ) ;
#3844 = SURFACE_STYLE_FILL_AREA ( #4690 ) ;
#3845 = DIMENSIONAL_EXPONENTS ( 1.000000000000000000, 0.0000000000000000000, 0.0000000000000000000, 0.0000000000000000000, 0.0000000000000000000, 0.0000000000000000000, 0.0000000000000000000 ) ;
#3846 = FACE_OUTER_BOUND ( 'NONE', #2762, .T. ) ;
#3847 = CARTESIAN_POINT ( 'NONE',  ( 0.08394028921923857300, 0.1885097155769567500, 0.006071336218253744200 ) ) ;
#3848 = CARTESIAN_POINT ( 'NONE',  ( 0.06244028921923864400, 0.1885097155769567500, 0.06836697791584983600 ) ) ;
#3849 = CARTESIAN_POINT ( 'NONE',  ( -0.02305971078076152900, 0.1355097155769566800, -0.03700201014174217500 ) ) ;
#3850 = CARTESIAN_POINT ( 'NONE',  ( 0.08394028921923817100, 0.09350971557695639300, -0.08063302208415015800 ) ) ;
#3851 = ORIENTED_EDGE ( 'NONE', *, *, #685, .T. ) ;
#3852 = CARTESIAN_POINT ( 'NONE',  ( -0.02305971078076154600, 0.1355097155769566800, -0.1636330220841501200 ) ) ;
#3853 = COLOUR_RGB ( '',0.9882352941176471000, 1.000000000000000000, 0.9882352941176471000 ) ;
#3854 =( CONVERSION_BASED_UNIT ( 'INCH', #4552 ) LENGTH_UNIT ( ) NAMED_UNIT ( #3348 ) );
#3855 = SURFACE_STYLE_USAGE ( .BOTH. , #3860 ) ;
#3856 = ORIENTED_EDGE ( 'NONE', *, *, #855, .F. ) ;
#3857 = DIRECTION ( 'NONE',  ( -1.000000000000000000, -0.0000000000000000000, 0.0000000000000000000 ) ) ;
#3858 =( LENGTH_UNIT ( ) NAMED_UNIT ( * ) SI_UNIT ( $, .METRE. ) );
#3859 = CARTESIAN_POINT ( 'NONE',  ( 0.04237106983758544300, 0.09084304891028975600, -0.08063302208415007400 ) ) ;
#3860 = SURFACE_SIDE_STYLE ('',( #967 ) ) ;
#3861 = ORIENTED_EDGE ( 'NONE', *, *, #1359, .F. ) ;
#3862 = AXIS2_PLACEMENT_3D ( 'NONE', #757, #740, #724 ) ;
#3863 = SURFACE_STYLE_FILL_AREA ( #1913 ) ;
#3864 = EDGE_LOOP ( 'NONE', ( #1536, #1908, #3905, #3193 ) ) ;
#3865 = UNCERTAINTY_MEASURE_WITH_UNIT (LENGTH_MEASURE( 1.000000000000000100E-005 ), #3072, 'distance_accuracy_value', 'NONE');
#3866 = ORIENTED_EDGE ( 'NONE', *, *, #4110, .F. ) ;
#3867 = CARTESIAN_POINT ( 'NONE',  ( 0.1436960420803647400, 0.1474406235860328000, -0.04313302208415015900 ) ) ;
#3868 = DIRECTION ( 'NONE',  ( -0.0000000000000000000, 1.000000000000000000, -0.0000000000000000000 ) ) ;
#3869 = SURFACE_STYLE_USAGE ( .BOTH. , #3875 ) ;
#3870 = ORIENTED_EDGE ( 'NONE', *, *, #1472, .T. ) ;
#3871 = UNCERTAINTY_MEASURE_WITH_UNIT (LENGTH_MEASURE( 1.000000000000000100E-005 ), #4031, 'distance_accuracy_value', 'NONE');
#3872 = LINE ( 'NONE', #3598, #4253 ) ;
#3873 = DIRECTION ( 'NONE',  ( -1.000000000000000000, 0.0000000000000000000, 0.0000000000000000000 ) ) ;
#3874 = DIMENSIONAL_EXPONENTS ( 1.000000000000000000, 0.0000000000000000000, 0.0000000000000000000, 0.0000000000000000000, 0.0000000000000000000, 0.0000000000000000000, 0.0000000000000000000 ) ;
#3875 = SURFACE_SIDE_STYLE ('',( #720 ) ) ;
#3876 = CARTESIAN_POINT ( 'NONE',  ( 0.02158646014675884600, 0.08817638224362307800, -0.04463302208414987600 ) ) ;
#3877 = CARTESIAN_POINT ( 'NONE',  ( -0.05091016723054310500, 0.2230205920085124300, -0.03013302208415016100 ) ) ;
#3878 = FILL_AREA_STYLE_COLOUR ( '', #3252 ) ;
#3879 = DIRECTION ( 'NONE',  ( 0.0000000000000000000, 0.0000000000000000000, -1.000000000000000000 ) ) ;
#3880 = ORIENTED_EDGE ( 'NONE', *, *, #1700, .T. ) ;
#3881 = FILL_AREA_STYLE ('',( #3917 ) ) ;
#3882 = DIRECTION ( 'NONE',  ( 1.000000000000000000, 2.449212707644754500E-016, 0.0000000000000000000 ) ) ;
#3883 = FILL_AREA_STYLE ('',( #3584 ) ) ;
#3884 = CARTESIAN_POINT ( 'NONE',  ( 0.1237774577933226400, 0.1453572902526995300, -0.07763302208415014100 ) ) ;
#3885 = EDGE_CURVE ( 'NONE', #2606, #1673, #940, .T. ) ;
#3886 = DIRECTION ( 'NONE',  ( -1.000000000000000000, 0.0000000000000000000, 0.0000000000000000000 ) ) ;
#3887 = AXIS2_PLACEMENT_3D ( 'NONE', #904, #889, #868 ) ;
#3888 = CARTESIAN_POINT ( 'NONE',  ( 0.0008018504559324933700, 0.08550971557695639900, -0.008633022084149538600 ) ) ;
#3889 = VERTEX_POINT ( 'NONE', #4215 ) ;
#3890 = PLANE ( 'NONE',  #4841 ) ;
#3891 = CARTESIAN_POINT ( 'NONE',  ( 0.1503355701760455700, 0.01650971557695658400, -0.008633022084150241200 ) ) ;
#3892 = SURFACE_STYLE_FILL_AREA ( #1078 ) ;
#3893 = EDGE_LOOP ( 'NONE', ( #1419, #2044, #1287, #2916 ) ) ;
#3894 = CARTESIAN_POINT ( 'NONE',  ( 0.08394028921923849000, 0.1432739569193661700, -0.07763302208415014100 ) ) ;
#3895 = DIRECTION ( 'NONE',  ( 2.449212707644754500E-016, -1.000000000000000000, -0.0000000000000000000 ) ) ;
#3896 = PRESENTATION_STYLE_ASSIGNMENT (( #1723 ) ) ;
#3897 = CARTESIAN_POINT ( 'NONE',  ( 0.02158646014675913800, 0.08284304891028976300, 0.02736697791585004200 ) ) ;
#3898 =( NAMED_UNIT ( * ) SI_UNIT ( $, .STERADIAN. ) SOLID_ANGLE_UNIT ( ) );
#3899 = CARTESIAN_POINT ( 'NONE',  ( 0.1989402892192385600, 0.1675097155769567900, -0.008633022084150159700 ) ) ;
#3900 = CARTESIAN_POINT ( 'NONE',  ( 0.04410312064515428700, 0.1411906235860328800, -0.07763302208415014100 ) ) ;
#3901 = FACE_OUTER_BOUND ( 'NONE', #3427, .T. ) ;
#3902 = DIRECTION ( 'NONE',  ( 0.0000000000000000000, 0.0000000000000000000, 1.000000000000000000 ) ) ;
#3903 = CARTESIAN_POINT ( 'NONE',  ( 0.04237106983758574100, 0.08017638224362308400, 0.06336697791584994200 ) ) ;
#3904 = DIRECTION ( 'NONE',  ( 0.0000000000000000000, -0.0000000000000000000, -1.000000000000000000 ) ) ;
#3905 = ORIENTED_EDGE ( 'NONE', *, *, #864, .F. ) ;
#3906 = CARTESIAN_POINT ( 'NONE',  ( -0.02305971078076154600, 0.1205097155769567100, -0.1636330220841501200 ) ) ;
#3907 = FACE_OUTER_BOUND ( 'NONE', #4756, .T. ) ;
#3908 = ORIENTED_EDGE ( 'NONE', *, *, #1296, .T. ) ;
#3909 = AXIS2_PLACEMENT_3D ( 'NONE', #1528, #1512, #1458 ) ;
#3910 = DIRECTION ( 'NONE',  ( 1.000000000000000000, 0.0000000000000000000, 0.0000000000000000000 ) ) ;
#3911 = CARTESIAN_POINT ( 'NONE',  ( 0.02418453635811220600, 0.1391072902526995200, -0.04313302208415014500 ) ) ;
#3912 = CARTESIAN_POINT ( 'NONE',  ( 0.08394028921923900300, 0.07750971557695644800, 0.06336697791584983100 ) ) ;
#3913 =( NAMED_UNIT ( * ) PLANE_ANGLE_UNIT ( ) SI_UNIT ( $, .RADIAN. ) );
#3914 =( GEOMETRIC_REPRESENTATION_CONTEXT ( 3 ) GLOBAL_UNCERTAINTY_ASSIGNED_CONTEXT ( ( #2802 ) ) GLOBAL_UNIT_ASSIGNED_CONTEXT ( ( #4109, #4097, #4082 ) ) REPRESENTATION_CONTEXT ( 'NONE', 'WORKASPACE' ) );
#3915 = DIMENSIONAL_EXPONENTS ( 1.000000000000000000, 0.0000000000000000000, 0.0000000000000000000, 0.0000000000000000000, 0.0000000000000000000, 0.0000000000000000000, 0.0000000000000000000 ) ;
#3916 = CARTESIAN_POINT ( 'NONE',  ( 0.004265952071070120200, 0.1370239569193661400, -0.008633022084150173600 ) ) ;
#3917 = FILL_AREA_STYLE_COLOUR ( '', #2291 ) ;
#3918 = CARTESIAN_POINT ( 'NONE',  ( 0.1255095086008919900, 0.07484304891028975600, 0.06336697791584962300 ) ) ;
#3919 = DIRECTION ( 'NONE',  ( 0.0000000000000000000, -1.000000000000000000, 0.0000000000000000000 ) ) ;
#3920 = PLANE ( 'NONE',  #3270 ) ;
#3921 =( NAMED_UNIT ( * ) SI_UNIT ( $, .STERADIAN. ) SOLID_ANGLE_UNIT ( ) );
#3922 = VERTEX_POINT ( 'NONE', #3741 ) ;
#3923 = CARTESIAN_POINT ( 'NONE',  ( 0.1462941182917183200, 0.07217638224362309100, 0.02736697791584956400 ) ) ;
#3924 =( CONVERSION_BASED_UNIT ( 'INCH', #1983 ) LENGTH_UNIT ( ) NAMED_UNIT ( #3822 ) );
#3925 = SURFACE_STYLE_USAGE ( .BOTH. , #3930 ) ;
#3926 = CARTESIAN_POINT ( 'NONE',  ( 0.02418453635811217100, 0.1349406235860328200, 0.02586697791584982600 ) ) ;
#3927 = PLANE ( 'NONE',  #1649 ) ;
#3928 = CARTESIAN_POINT ( 'NONE',  ( 0.1670787279825446900, 0.06950971557695642700, -0.008633022084150473700 ) ) ;
#3929 = ORIENTED_EDGE ( 'NONE', *, *, #1652, .T. ) ;
#3930 = SURFACE_SIDE_STYLE ('',( #2475 ) ) ;
#3931 = ORIENTED_EDGE ( 'NONE', *, *, #1339, .T. ) ;
#3932 = CARTESIAN_POINT ( 'NONE',  ( 0.1337367499368437600, 0.01384304891028992900, -0.03738302208415023700 ) ) ;
#3933 = ORIENTED_EDGE ( 'NONE', *, *, #988, .T. ) ;
#3934 = CARTESIAN_POINT ( 'NONE',  ( 0.1462941182917180400, 0.06684304891028976200, -0.04463302208415035500 ) ) ;
#3935 = FILL_AREA_STYLE_COLOUR ( '', #4814 ) ;
#3936 = CARTESIAN_POINT ( 'NONE',  ( 0.04410312064515426600, 0.1328572902526994900, 0.06036697791584985000 ) ) ;
#3937 = ORIENTED_EDGE ( 'NONE', *, *, #1774, .T. ) ;
#3938 = DIRECTION ( 'NONE',  ( -1.000000000000000000, -0.0000000000000000000, -0.0000000000000000000 ) ) ;
#3939 =( GEOMETRIC_REPRESENTATION_CONTEXT ( 3 ) GLOBAL_UNCERTAINTY_ASSIGNED_CONTEXT ( ( #341 ) ) GLOBAL_UNIT_ASSIGNED_CONTEXT ( ( #1433, #1413, #1394 ) ) REPRESENTATION_CONTEXT ( 'NONE', 'WORKASPACE' ) );
#3940 = CARTESIAN_POINT ( 'NONE',  ( 0.1255095086008914700, 0.06417638224362311200, -0.08063302208415025500 ) ) ;
#3941 =( LENGTH_UNIT ( ) NAMED_UNIT ( * ) SI_UNIT ( $, .METRE. ) );
#3942 =( LENGTH_UNIT ( ) NAMED_UNIT ( * ) SI_UNIT ( $, .METRE. ) );
#3943 = CARTESIAN_POINT ( 'NONE',  ( 0.1171379296976421800, 0.1598430489102895500, 0.04886697791584979100 ) ) ;
#3944 = B_SPLINE_CURVE_WITH_KNOTS ( 'NONE', 3,
 ( #809, #823, #717, #706, #698, #691 ),
 .UNSPECIFIED., .F., .F.,
 ( 4, 2, 4 ),
 ( 0.05788508585659575500, 0.05822490764434284900, 0.05856472943208995000 ),
 .UNSPECIFIED. ) ;
#3945 = CARTESIAN_POINT ( 'NONE',  ( -0.02305971078076154600, 0.1675097155769567100, 0.1463669779158498500 ) ) ;
#3946 = LINE ( 'NONE', #4891, #4446 ) ;
#3947 = COLOUR_RGB ( '',0.8000000000000000400, 0.8039215686274510100, 0.8000000000000000400 ) ;
#3948 =( LENGTH_UNIT ( ) NAMED_UNIT ( * ) SI_UNIT ( $, .METRE. ) );
#3949 = LENGTH_MEASURE_WITH_UNIT ( LENGTH_MEASURE( 0.02539999999999999900 ), #4131 );
#3950 = CARTESIAN_POINT ( 'NONE',  ( 0.08394028921923819800, 0.06150971557695644700, -0.08063302208415015800 ) ) ;
#3951 = FILL_AREA_STYLE ('',( #1805 ) ) ;
#3952 = DIMENSIONAL_EXPONENTS ( 1.000000000000000000, 0.0000000000000000000, 0.0000000000000000000, 0.0000000000000000000, 0.0000000000000000000, 0.0000000000000000000, 0.0000000000000000000 ) ;
#3953 = CARTESIAN_POINT ( 'NONE',  ( 0.08394028921923843400, 0.1307739569193661600, 0.06036697791584985700 ) ) ;
#3954 = PRESENTATION_STYLE_ASSIGNMENT (( #1064 ) ) ;
#3955 = ORIENTED_EDGE ( 'NONE', *, *, #2626, .T. ) ;
#3956 = PLANE ( 'NONE',  #2906 ) ;
#3957 = CARTESIAN_POINT ( 'NONE',  ( 0.04237106983758521400, 0.05884304891028979700, -0.08063302208414993600 ) ) ;
#3958 = DIRECTION ( 'NONE',  ( -6.213024729846984300E-017, 1.000000000000000000, 0.0000000000000000000 ) ) ;
#3959 = CARTESIAN_POINT ( 'NONE',  ( 0.2249402892192384500, 0.2165097155769567800, -0.03013302208415016100 ) ) ;
#3960 = ORIENTED_EDGE ( 'NONE', *, *, #1313, .F. ) ;
#3961 = CARTESIAN_POINT ( 'NONE',  ( 0.1337367499368438700, 0.1571763822436229000, 0.02011697791584974800 ) ) ;
#3962 = COLOUR_RGB ( '',0.8000000000000000400, 0.8039215686274510100, 0.8000000000000000400 ) ;
#3963 = ORIENTED_EDGE ( 'NONE', *, *, #1785, .T. ) ;
#3964 = ORIENTED_EDGE ( 'NONE', *, *, #2037, .T. ) ;
#3965 = VECTOR ( 'NONE', #3817, 39.37007874015748100 ) ;
#3966 =( GEOMETRIC_REPRESENTATION_CONTEXT ( 3 ) GLOBAL_UNCERTAINTY_ASSIGNED_CONTEXT ( ( #4778 ) ) GLOBAL_UNIT_ASSIGNED_CONTEXT ( ( #2964, #2961, #2955 ) ) REPRESENTATION_CONTEXT ( 'NONE', 'WORKASPACE' ) );
#3967 = ORIENTED_EDGE ( 'NONE', *, *, #728, .F. ) ;
#3968 = CARTESIAN_POINT ( 'NONE',  ( 0.1171379296976420000, 0.01117638224362326800, -0.06613302208415021400 ) ) ;
#3969 = CARTESIAN_POINT ( 'NONE',  ( 0.02158646014675885700, 0.05617638224362313200, -0.04463302208414989000 ) ) ;
#3970 = ORIENTED_EDGE ( 'NONE', *, *, #2023, .F. ) ;
#3971 = AXIS2_PLACEMENT_3D ( 'NONE', #19, #10, #3555 ) ;
#3972 = VECTOR ( 'NONE', #3507, 39.37007874015748100 ) ;
#3973 = CARTESIAN_POINT ( 'NONE',  ( 0.1237774577933226500, 0.1286906235860328400, 0.06036697791584980800 ) ) ;
#3974 =( NAMED_UNIT ( * ) SI_UNIT ( $, .STERADIAN. ) SOLID_ANGLE_UNIT ( ) );
#3975 = CARTESIAN_POINT ( 'NONE',  ( 0.08394028921923865600, -0.01849028442304336300, 0.06336697791584983100 ) ) ;
#3976 = DIRECTION ( 'NONE',  ( -0.0000000000000000000, 0.0000000000000000000, -1.000000000000000000 ) ) ;
#3977 = UNCERTAINTY_MEASURE_WITH_UNIT (LENGTH_MEASURE( 1.000000000000000100E-005 ), #4338, 'distance_accuracy_value', 'NONE');
#3978 = CARTESIAN_POINT ( 'NONE',  ( 0.0008018504559324933700, 0.05350971557695648200, -0.008633022084149856100 ) ) ;
#3979 = DIRECTION ( 'NONE',  ( -0.0000000000000000000, -0.0000000000000000000, -1.000000000000000000 ) ) ;
#3980 = VERTEX_POINT ( 'NONE', #3677 ) ;
#3982 =( GEOMETRIC_REPRESENTATION_CONTEXT ( 3 ) GLOBAL_UNCERTAINTY_ASSIGNED_CONTEXT ( ( #1545 ) ) GLOBAL_UNIT_ASSIGNED_CONTEXT ( ( #4583, #4568, #4565 ) ) REPRESENTATION_CONTEXT ( 'NONE', 'WORKASPACE' ) );
#3981 = CARTESIAN_POINT ( 'NONE',  ( 0.1503355701760455700, 0.1545097155769562200, -0.008633022084150241200 ) ) ;
#3983 = ADVANCED_FACE ( 'NONE', ( #861 ), #3786, .T. ) ;
#3984 = CARTESIAN_POINT ( 'NONE',  ( 0.01754500826243164000, 0.1925097155769562000, -0.008633022084150085100 ) ) ;
#3985 = CARTESIAN_POINT ( 'NONE',  ( 0.02158646014675913100, 0.05084304891028980400, 0.02736697791585002500 ) ) ;
#3986 = ADVANCED_FACE ( 'NONE', ( #446 ), #744, .F. ) ;
#3987 = CARTESIAN_POINT ( 'NONE',  ( 0.2439402892192384400, -0.07549028442304323000, 0.1197921747662435300 ) ) ;
#3988 = CARTESIAN_POINT ( 'NONE',  ( 0.1436960420803647400, 0.1266072902526995100, 0.02586697791584982600 ) ) ;
#3989 = CARTESIAN_POINT ( 'NONE',  ( 0.04237106983758572000, 0.04817638224362315300, 0.06336697791584991500 ) ) ;
#3990 = CARTESIAN_POINT ( 'NONE',  ( 0.1909402892192384200, 0.1355097155769566800, 0.1463669779158498500 ) ) ;
#3991 = FILL_AREA_STYLE_COLOUR ( '', #1994 ) ;
#3992 = CARTESIAN_POINT ( 'NONE',  ( 0.05074264874083517900, 0.03717638224362315700, 0.04886697791584988100 ) ) ;
#3993 = PRESENTATION_STYLE_ASSIGNMENT (( #2083 ) ) ;
#3994 = EDGE_LOOP ( 'NONE', ( #264, #1144, #498, #1824 ) ) ;
#3995 = MECHANICAL_DESIGN_GEOMETRIC_PRESENTATION_REPRESENTATION (  '', ( #4060 ), #3939 ) ;
#3996 = CARTESIAN_POINT ( 'NONE',  ( 0.08394028921923851700, 0.008509715576956613700, -0.06613302208415015900 ) ) ;
#3997 = CARTESIAN_POINT ( 'NONE',  ( 0.08394028921923872600, 0.04550971557695648900, 0.06336697791584983100 ) ) ;
#3998 = DIRECTION ( 'NONE',  ( 1.000000000000000000, 0.0000000000000000000, -0.0000000000000000000 ) ) ;
#3999 = CARTESIAN_POINT ( 'NONE',  ( 0.1636146263674068100, 0.1245239569193661700, -0.008633022084150095500 ) ) ;
#4000 = LENGTH_MEASURE_WITH_UNIT ( LENGTH_MEASURE( 0.02539999999999999900 ), #4166 );
#4001 = CARTESIAN_POINT ( 'NONE',  ( 0.1255095086008917400, -0.02115695108971002100, 0.06336697791584976200 ) ) ;
#4002 = CARTESIAN_POINT ( 'NONE',  ( -0.03805971078076162600, 0.1205097155769567100, 0.1463669779158498500 ) ) ;
#4003 = CARTESIAN_POINT ( 'NONE',  ( 0.1255095086008919900, 0.04284304891028983800, 0.06336697791584962300 ) ) ;
#4004 = CARTESIAN_POINT ( 'NONE',  ( 0.1337367499368437600, 0.1518430489102896000, -0.03738302208415023700 ) ) ;
#4005 = LENGTH_MEASURE_WITH_UNIT ( LENGTH_MEASURE( 0.02539999999999999900 ), #4580 );
#4006 = CARTESIAN_POINT ( 'NONE',  ( 0.05074264874083504000, 0.005843048910289943200, -0.06613302208415011700 ) ) ;
#4007 = SURFACE_STYLE_USAGE ( .BOTH. , #2659 ) ;
#4008 = FILL_AREA_STYLE_COLOUR ( '', #3853 ) ;
#4009 = CARTESIAN_POINT ( 'NONE',  ( 0.03414382850163333300, 0.003176382243623281400, -0.03738302208415009800 ) ) ;
#4010 = CARTESIAN_POINT ( 'NONE',  ( 0.1462941182917183200, 0.04017638224362316700, 0.02736697791584957700 ) ) ;
#4011 = COLOUR_RGB ( '',0.8000000000000000400, 0.8039215686274510100, 0.8000000000000000400 ) ;
#4012 = ORIENTED_EDGE ( 'NONE', *, *, #1099, .T. ) ;
#4013 = CARTESIAN_POINT ( 'NONE',  ( 0.1436960420803647400, 0.1224406235860328700, -0.04313302208415015900 ) ) ;
#4014 =( NAMED_UNIT ( * ) PLANE_ANGLE_UNIT ( ) SI_UNIT ( $, .RADIAN. ) );
#4015 = LENGTH_MEASURE_WITH_UNIT ( LENGTH_MEASURE( 0.02539999999999999900 ), #1055 );
#4016 = CARTESIAN_POINT ( 'NONE',  ( 0.1462941182917182300, -0.02382361775637668900, 0.02736697791584973400 ) ) ;
#4017 =( NAMED_UNIT ( * ) SI_UNIT ( $, .STERADIAN. ) SOLID_ANGLE_UNIT ( ) );
#4018 = ORIENTED_EDGE ( 'NONE', *, *, #1270, .F. ) ;
#4019 = ORIENTED_EDGE ( 'NONE', *, *, #622, .T. ) ;
#4020 = CARTESIAN_POINT ( 'NONE',  ( 0.08394028921923843400, 0.1515097155769567200, -0.008633022084150142300 ) ) ;
#4021 = ORIENTED_EDGE ( 'NONE', *, *, #678, .F. ) ;
#4022 = CARTESIAN_POINT ( 'NONE',  ( 0.01754500826243164000, 0.0005097155769566285200, -0.008633022084150085100 ) ) ;
#4023 =( NAMED_UNIT ( * ) PLANE_ANGLE_UNIT ( ) SI_UNIT ( $, .RADIAN. ) );
#4024 = MECHANICAL_DESIGN_GEOMETRIC_PRESENTATION_REPRESENTATION (  '', ( #4893 ), #58 ) ;
#4025 = ORIENTED_EDGE ( 'NONE', *, *, #1216, .F. ) ;
#4026 = CARTESIAN_POINT ( 'NONE',  ( 0.03414382850163340300, -0.002156951089710033500, 0.02011697791584989700 ) ) ;
#4027 = CARTESIAN_POINT ( 'NONE',  ( 0.1462941182917180700, 0.03484304891028983800, -0.04463302208415033400 ) ) ;
#4028 = PRESENTATION_LAYER_ASSIGNMENT (  '', '', ( #4060 ) ) ;
#4029 = CARTESIAN_POINT ( 'NONE',  ( 0.1237774577933226400, 0.1203572902526995300, -0.07763302208415014100 ) ) ;
#4030 =( CONVERSION_BASED_UNIT ( 'INCH', #2239 ) LENGTH_UNIT ( ) NAMED_UNIT ( #4613 ) );
#4031 =( CONVERSION_BASED_UNIT ( 'INCH', #4564 ) LENGTH_UNIT ( ) NAMED_UNIT ( #204 ) );
#4032 = DIRECTION ( 'NONE',  ( 0.0000000000000000000, 0.0000000000000000000, 1.000000000000000000 ) ) ;
#4033 = AXIS2_PLACEMENT_3D ( 'NONE', #1642, #1626, #1610 ) ;
#4034 = CARTESIAN_POINT ( 'NONE',  ( 0.05074264874083517900, -0.004823617756376706600, 0.04886697791584988100 ) ) ;
#4035 =( LENGTH_UNIT ( ) NAMED_UNIT ( * ) SI_UNIT ( $, .METRE. ) );
#4036 = ORIENTED_EDGE ( 'NONE', *, *, #43, .T. ) ;
#4037 = SURFACE_SIDE_STYLE ('',( #3030 ) ) ;
#4038 = CARTESIAN_POINT ( 'NONE',  ( 0.08394028921923865600, -0.007490284423043365800, 0.04886697791584983900 ) ) ;
#4039 = ORIENTED_EDGE ( 'NONE', *, *, #2224, .T. ) ;
#4040 = CARTESIAN_POINT ( 'NONE',  ( 0.1255095086008915000, 0.03217638224362318700, -0.08063302208415024100 ) ) ;
#4041 = CARTESIAN_POINT ( 'NONE',  ( 0.2059402892192384900, 0.1205097155769567100, 0.1463669779158498500 ) ) ;
#4042 =( LENGTH_UNIT ( ) NAMED_UNIT ( * ) SI_UNIT ( $, .METRE. ) );
#4043 = SURFACE_STYLE_USAGE ( .BOTH. , #4050 ) ;
#4044 = CARTESIAN_POINT ( 'NONE',  ( 0.006940289219238612200, 0.1885097155769567500, -0.03013302208415016800 ) ) ;
#4045 = ADVANCED_FACE ( 'NONE', ( #35 ), #3118, .F. ) ;
#4046 = ADVANCED_FACE ( 'NONE', ( #4899 ), #49, .F. ) ;
#4047 = CARTESIAN_POINT ( 'NONE',  ( 0.1171379296976421800, -0.01015695108971002000, 0.04886697791584979100 ) ) ;
#4048 = DIMENSIONAL_EXPONENTS ( 1.000000000000000000, 0.0000000000000000000, 0.0000000000000000000, 0.0000000000000000000, 0.0000000000000000000, 0.0000000000000000000, 0.0000000000000000000 ) ;
#4049 = MECHANICAL_DESIGN_GEOMETRIC_PRESENTATION_REPRESENTATION (  '', ( #1570 ), #4054 ) ;
#4050 = SURFACE_SIDE_STYLE ('',( #2910 ) ) ;
#4051 = CARTESIAN_POINT ( 'NONE',  ( 0.08394028921923846200, 0.02950971557695652300, -0.08063302208415015800 ) ) ;
#4052 = AXIS2_PLACEMENT_3D ( 'NONE', #4788, #4652, #2682 ) ;
#4053 = CARTESIAN_POINT ( 'NONE',  ( 0.04237106983758521400, 0.02684304891028986900, -0.08063302208414995000 ) ) ;
#4054 =( GEOMETRIC_REPRESENTATION_CONTEXT ( 3 ) GLOBAL_UNCERTAINTY_ASSIGNED_CONTEXT ( ( #3463 ) ) GLOBAL_UNIT_ASSIGNED_CONTEXT ( ( #2316, #2301, #2287 ) ) REPRESENTATION_CONTEXT ( 'NONE', 'WORKASPACE' ) );
#4055 = FACE_OUTER_BOUND ( 'NONE', #355, .T. ) ;
#4056 = CARTESIAN_POINT ( 'NONE',  ( 0.1394979735826435400, -0.06807509368580706700, 0.006329548724230178400 ) ) ;
#4057 = SURFACE_STYLE_USAGE ( .BOTH. , #4184 ) ;
#4058 = CONICAL_SURFACE ( 'NONE', #3587, 0.05501021192411735500, 0.6108652381980168600 ) ;
#4059 = FILL_AREA_STYLE ('',( #4095 ) ) ;
#4060 = STYLED_ITEM ( 'NONE', ( #448 ), #2196 ) ;
#4061 = CARTESIAN_POINT ( 'NONE',  ( 0.02158646014675886400, 0.02417638224362320800, -0.04463302208414991100 ) ) ;
#4062 = TOROIDAL_SURFACE ( 'NONE', #3551, 0.09393992951619727100, 0.02283708414545548200 ) ;
#4063 = FACE_OUTER_BOUND ( 'NONE', #1227, .T. ) ;
#4064 = ORIENTED_EDGE ( 'NONE', *, *, #1513, .F. ) ;
#4065 = CARTESIAN_POINT ( 'NONE',  ( 0.1337367499368438700, -0.01282361775637668900, 0.02011697791584974800 ) ) ;
#4066 = DIRECTION ( 'NONE',  ( -1.000000000000000000, 0.0000000000000000000, 0.0000000000000000000 ) ) ;
#4067 = CARTESIAN_POINT ( 'NONE',  ( 0.0008018504559324933700, 0.02150971557695653700, -0.008633022084149875200 ) ) ;
#4068 = FACE_OUTER_BOUND ( 'NONE', #4357, .T. ) ;
#4069 = FACE_OUTER_BOUND ( 'NONE', #1337, .T. ) ;
#4070 = ORIENTED_EDGE ( 'NONE', *, *, #1601, .F. ) ;
#4071 = CARTESIAN_POINT ( 'NONE',  ( 0.08394028921923858700, 0.1675097155769567400, -0.008633022084150159700 ) ) ;
#4072 = ORIENTED_EDGE ( 'NONE', *, *, #796, .T. ) ;
#4073 = ADVANCED_FACE ( 'NONE', ( #2237 ), #4727, .T. ) ;
#4074 = CARTESIAN_POINT ( 'NONE',  ( 0.02158646014675911400, 0.01884304891028987600, 0.02736697791585000800 ) ) ;
#4075 = ADVANCED_FACE ( 'NONE', ( #4672 ), #2709, .T. ) ;
#4076 = PRESENTATION_STYLE_ASSIGNMENT (( #4145 ) ) ;
#4077 = ORIENTED_EDGE ( 'NONE', *, *, #1785, .F. ) ;
#4078 = LINE ( 'NONE', #803, #3405 ) ;
#4079 = CARTESIAN_POINT ( 'NONE',  ( 0.1462941182917181200, -0.02915695108971000400, -0.04463302208415023000 ) ) ;
#4080 = DIRECTION ( 'NONE',  ( 0.0000000000000000000, 0.0000000000000000000, 1.000000000000000000 ) ) ;
#4081 = CARTESIAN_POINT ( 'NONE',  ( 0.04237106983758570600, 0.01617638224362321800, 0.06336697791584991500 ) ) ;
#4082 =( NAMED_UNIT ( * ) SI_UNIT ( $, .STERADIAN. ) SOLID_ANGLE_UNIT ( ) );
#4083 = ORIENTED_EDGE ( 'NONE', *, *, #2368, .T. ) ;
#4084 = PRESENTATION_STYLE_ASSIGNMENT (( #2950 ) ) ;
#4085 = CARTESIAN_POINT ( 'NONE',  ( 0.1171379296976420000, 0.1491763822436229000, -0.06613302208415021400 ) ) ;
#4086 = CARTESIAN_POINT ( 'NONE',  ( -0.02305971078076154600, 0.1205097155769567100, 0.1463669779158498500 ) ) ;
#4087 = ORIENTED_EDGE ( 'NONE', *, *, #1116, .F. ) ;
#4088 = FACE_OUTER_BOUND ( 'NONE', #3994, .T. ) ;
#4089 = PRESENTATION_LAYER_ASSIGNMENT (  '', '', ( #1926 ) ) ;
#4090 = CARTESIAN_POINT ( 'NONE',  ( 0.1503355701760455700, -0.01549028442304334500, -0.008633022084150241200 ) ) ;
#4091 = CARTESIAN_POINT ( 'NONE',  ( 0.08394028921923871200, 0.01350971557695656100, 0.06336697791584983100 ) ) ;
#4092 = COLOUR_RGB ( '',0.8000000000000000400, 0.8039215686274510100, 0.8000000000000000400 ) ;
#4093 = CARTESIAN_POINT ( 'NONE',  ( 0.08394028921923849000, 0.1182739569193662200, -0.07763302208415014100 ) ) ;
#4094 = CARTESIAN_POINT ( 'NONE',  ( 0.1255095086008915800, -0.03182361775637667500, -0.08063302208415019900 ) ) ;
#4095 = FILL_AREA_STYLE_COLOUR ( '', #80 ) ;
#4096 = CARTESIAN_POINT ( 'NONE',  ( 0.1462941182917183200, 0.008176382243623228600, 0.02736697791584959500 ) ) ;
#4097 =( NAMED_UNIT ( * ) PLANE_ANGLE_UNIT ( ) SI_UNIT ( $, .RADIAN. ) );
#4098 = VERTEX_POINT ( 'NONE', #2688 ) ;
#4099 = DIMENSIONAL_EXPONENTS ( 1.000000000000000000, 0.0000000000000000000, 0.0000000000000000000, 0.0000000000000000000, 0.0000000000000000000, 0.0000000000000000000, 0.0000000000000000000 ) ;
#4100 = CARTESIAN_POINT ( 'NONE',  ( 0.08394028921923851700, 0.1465097155769562500, -0.06613302208415015900 ) ) ;
#4101 = CARTESIAN_POINT ( 'NONE',  ( 0.1670787279825446900, 0.005509715576956570300, -0.008633022084150433800 ) ) ;
#4102 = FILL_AREA_STYLE ('',( #4919 ) ) ;
#4103 = SURFACE_STYLE_FILL_AREA ( #2124 ) ;
#4104 = UNCERTAINTY_MEASURE_WITH_UNIT (LENGTH_MEASURE( 1.000000000000000100E-005 ), #2596, 'distance_accuracy_value', 'NONE');
#4105 = CARTESIAN_POINT ( 'NONE',  ( 0.03330558357245615900, 0.2460724400868460300, 0.01286697791584984600 ) ) ;
#4106 = CARTESIAN_POINT ( 'NONE',  ( 0.08394028921923851700, -0.03449028442304332600, -0.08063302208415015800 ) ) ;
#4107 = ORIENTED_EDGE ( 'NONE', *, *, #2153, .T. ) ;
#4108 = CARTESIAN_POINT ( 'NONE',  ( 0.1462941182917180700, 0.002843048910289912800, -0.04463302208415032000 ) ) ;
#4109 =( CONVERSION_BASED_UNIT ( 'INCH', #3949 ) LENGTH_UNIT ( ) NAMED_UNIT ( #714 ) );
#4110 = EDGE_CURVE ( 'NONE', #3216, #1739, #3026, .T. ) ;
#4111 = PLANE ( 'NONE',  #380 ) ;
#4112 =( NAMED_UNIT ( * ) SI_UNIT ( $, .STERADIAN. ) SOLID_ANGLE_UNIT ( ) );
#4113 = SURFACE_STYLE_FILL_AREA ( #2939 ) ;
#4114 = COLOUR_RGB ( '',0.8000000000000000400, 0.8039215686274510100, 0.8000000000000000400 ) ;
#4115 = B_SPLINE_CURVE_WITH_KNOTS ( 'NONE', 3,
 ( #2922, #2699, #2537, #2524, #2509, #2497 ),
 .UNSPECIFIED., .F., .F.,
 ( 4, 2, 4 ),
 ( 0.05659104146043791900, 0.05713599775450800600, 0.05768095404857809900 ),
 .UNSPECIFIED. ) ;
#4116 = ORIENTED_EDGE ( 'NONE', *, *, #1430, .F. ) ;
#4117 = CARTESIAN_POINT ( 'NONE',  ( 0.05074264874083504000, 0.1438430489102896200, -0.06613302208415011700 ) ) ;
#4118 = CARTESIAN_POINT ( 'NONE',  ( 0.1255095086008915000, 0.0001763822436232557000, -0.08063302208415024100 ) ) ;
#4119 = VECTOR ( 'NONE', #4405, 39.37007874015748100 ) ;
#4120 = PRESENTATION_LAYER_ASSIGNMENT (  '', '', ( #4378 ) ) ;
#4121 = ORIENTED_EDGE ( 'NONE', *, *, #2279, .T. ) ;
#4122 = FACE_OUTER_BOUND ( 'NONE', #1437, .T. ) ;
#4123 = DIMENSIONAL_EXPONENTS ( 1.000000000000000000, 0.0000000000000000000, 0.0000000000000000000, 0.0000000000000000000, 0.0000000000000000000, 0.0000000000000000000, 0.0000000000000000000 ) ;
#4124 = CARTESIAN_POINT ( 'NONE',  ( 0.04410312064515428700, 0.1161906235860329500, -0.07763302208415014100 ) ) ;
#4125 = CARTESIAN_POINT ( 'NONE',  ( 0.04237106983758547100, -0.03715695108970999000, -0.08063302208415010200 ) ) ;
#4126 = CIRCLE ( 'NONE', #3578, 0.1106968810916178900 ) ;
#4127 = ORIENTED_EDGE ( 'NONE', *, *, #1251, .T. ) ;
#4128 = MECHANICAL_DESIGN_GEOMETRIC_PRESENTATION_REPRESENTATION (  '', ( #3547 ), #909 ) ;
#4129 = CARTESIAN_POINT ( 'NONE',  ( 0.08394028921923836500, -0.002490284423043402100, -0.08063302208415015800 ) ) ;
#4130 = ADVANCED_FACE ( 'NONE', ( #126 ), #4229, .T. ) ;
#4131 =( LENGTH_UNIT ( ) NAMED_UNIT ( * ) SI_UNIT ( $, .METRE. ) );
#4132 = FACE_BOUND ( 'NONE', #1357, .T. ) ;
#4133 =( NAMED_UNIT ( * ) PLANE_ANGLE_UNIT ( ) SI_UNIT ( $, .RADIAN. ) );
#4134 = CYLINDRICAL_SURFACE ( 'NONE', #4231, 0.01500000000000003600 ) ;
#4135 = VECTOR ( 'NONE', #325, 39.37007874015748100 ) ;
#4136 = ORIENTED_EDGE ( 'NONE', *, *, #1457, .F. ) ;
#4137 = LENGTH_MEASURE_WITH_UNIT ( LENGTH_MEASURE( 0.02539999999999999900 ), #3010 );
#4138 = CARTESIAN_POINT ( 'NONE',  ( 0.03414382850163333300, 0.1411763822436229200, -0.03738302208415009800 ) ) ;
#4139 = CARTESIAN_POINT ( 'NONE',  ( 0.08394028921923826800, 0.07250971557695645700, -0.06613302208415015900 ) ) ;
#4140 = LENGTH_MEASURE_WITH_UNIT ( LENGTH_MEASURE( 0.02539999999999999900 ), #2940 );
#4141 = PRESENTATION_STYLE_ASSIGNMENT (( #3023 ) ) ;
#4142 = CARTESIAN_POINT ( 'NONE',  ( 0.02418453635811220600, 0.1141072902526995100, -0.04313302208415014500 ) ) ;
#4143 = CARTESIAN_POINT ( 'NONE',  ( 0.02158646014675897500, -0.03982361775637664700, -0.04463302208415009100 ) ) ;
#4144 = CARTESIAN_POINT ( 'NONE',  ( 0.04237106983758535900, -0.005156951089710078700, -0.08063302208415003300 ) ) ;
#4145 = SURFACE_STYLE_USAGE ( .BOTH. , #4160 ) ;
#4146 = SURFACE_STYLE_FILL_AREA ( #3015 ) ;
#4147 = CARTESIAN_POINT ( 'NONE',  ( 0.1337367499368437600, -0.01815695108971000400, -0.03738302208415023700 ) ) ;
#4148 = CARTESIAN_POINT ( 'NONE',  ( 0.1171379296976421800, 0.03184304891028984200, 0.04886697791584979100 ) ) ;
#4149 = UNCERTAINTY_MEASURE_WITH_UNIT (LENGTH_MEASURE( 1.000000000000000100E-005 ), #4642, 'distance_accuracy_value', 'NONE');
#4150 = CARTESIAN_POINT ( 'NONE',  ( 0.02158646014675894000, -0.007823617756376726600, -0.04463302208415002900 ) ) ;
#4152 =( GEOMETRIC_REPRESENTATION_CONTEXT ( 3 ) GLOBAL_UNCERTAINTY_ASSIGNED_CONTEXT ( ( #595 ) ) GLOBAL_UNIT_ASSIGNED_CONTEXT ( ( #414, #396, #386 ) ) REPRESENTATION_CONTEXT ( 'NONE', 'WORKASPACE' ) );
#4151 = VECTOR ( 'NONE', #2996, 39.37007874015748100 ) ;
#4153 = ADVANCED_FACE ( 'NONE', ( #3783 ), #1838, .F. ) ;
#4154 = ORIENTED_EDGE ( 'NONE', *, *, #1365, .F. ) ;
#4155 = VECTOR ( 'NONE', #94, 39.37007874015748100 ) ;
#4156 = PRESENTATION_STYLE_ASSIGNMENT (( #4883 ) ) ;
#4157 = CARTESIAN_POINT ( 'NONE',  ( 0.08394028921923865600, -0.08249028442304320900, 0.03448903439308755700 ) ) ;
#4158 = CARTESIAN_POINT ( 'NONE',  ( 0.004265952071070120200, 0.1120239569193662300, -0.008633022084150173600 ) ) ;
#4159 = CARTESIAN_POINT ( 'NONE',  ( 0.0008018504559324933700, -0.01049028442304338400, -0.008633022084149896000 ) ) ;
#4160 = SURFACE_SIDE_STYLE ('',( #1316 ) ) ;
#4161 = CARTESIAN_POINT ( 'NONE',  ( 0.1337367499368438700, 0.02917638224362318800, 0.02011697791584974800 ) ) ;
#4162 = DIRECTION ( 'NONE',  ( 0.0000000000000000000, -1.000000000000000000, 0.0000000000000000000 ) ) ;
#4163 = CARTESIAN_POINT ( 'NONE',  ( 0.02158646014675910300, -0.01315695108971004200, 0.02736697791584999000 ) ) ;
#4164 = VERTEX_POINT ( 'NONE', #1872 ) ;
#4165 = PLANE ( 'NONE',  #1411 ) ;
#4166 =( LENGTH_UNIT ( ) NAMED_UNIT ( * ) SI_UNIT ( $, .METRE. ) );
#4167 = CARTESIAN_POINT ( 'NONE',  ( 0.02418453635811217100, 0.1099406235860328600, 0.02586697791584982600 ) ) ;
#4168 = CARTESIAN_POINT ( 'NONE',  ( 0.04237106983758570000, -0.01582361775637670900, 0.06336697791584990100 ) ) ;
#4169 = FILL_AREA_STYLE ('',( #4299 ) ) ;
#4170 = LINE ( 'NONE', #408, #4175 ) ;
#4171 = PRESENTATION_STYLE_ASSIGNMENT (( #4182 ) ) ;
#4172 = CARTESIAN_POINT ( 'NONE',  ( 0.01754500826243164000, 0.1385097155769562900, -0.008633022084150085100 ) ) ;
#4173 = PLANE ( 'NONE',  #2227 ) ;
#4174 = CARTESIAN_POINT ( 'NONE',  ( 0.08394028921923868400, -0.01849028442304336300, 0.06336697791584983100 ) ) ;
#4175 = VECTOR ( 'NONE', #313, 39.37007874015748100 ) ;
#4176 = SURFACE_STYLE_FILL_AREA ( #3039 ) ;
#4177 = AXIS2_PLACEMENT_3D ( 'NONE', #4832, #4820, #4802 ) ;
#4178 = LENGTH_MEASURE_WITH_UNIT ( LENGTH_MEASURE( 0.02539999999999999900 ), #3102 );
#4179 = LINE ( 'NONE', #438, #4135 ) ;
#4180 = COLOUR_RGB ( '',0.9882352941176471000, 1.000000000000000000, 0.9882352941176471000 ) ;
#4181 = CIRCLE ( 'NONE', #467, 0.1370751507514912600 ) ;
#4182 = SURFACE_STYLE_USAGE ( .BOTH. , #4512 ) ;
#4183 = CARTESIAN_POINT ( 'NONE',  ( 0.1609402892192387000, 0.2165097155769567800, -0.03013302208415016800 ) ) ;
#4184 = SURFACE_SIDE_STYLE ('',( #3844 ) ) ;
#4185 = CARTESIAN_POINT ( 'NONE',  ( 0.1255095086008918600, -0.02115695108971002100, 0.06336697791584972000 ) ) ;
#4186 = CIRCLE ( 'NONE', #3644, 0.06899999999999999200 ) ;
#4187 =( CONVERSION_BASED_UNIT ( 'INCH', #2183 ) LENGTH_UNIT ( ) NAMED_UNIT ( #4714 ) );
#4188 = CARTESIAN_POINT ( 'NONE',  ( 0.03414382850163340300, 0.1358430489102896200, 0.02011697791584989700 ) ) ;
#4189 = CARTESIAN_POINT ( 'NONE',  ( 0.1462941182917182300, -0.02382361775637668900, 0.02736697791584972300 ) ) ;
#4190 = VECTOR ( 'NONE', #3078, 39.37007874015748100 ) ;
#4191 =( LENGTH_UNIT ( ) NAMED_UNIT ( * ) SI_UNIT ( $, .METRE. ) );
#4192 = ORIENTED_EDGE ( 'NONE', *, *, #1554, .F. ) ;
#4193 = LINE ( 'NONE', #3122, #4190 ) ;
#4194 = CARTESIAN_POINT ( 'NONE',  ( 0.04410312064515426600, 0.1078572902526995600, 0.06036697791584985000 ) ) ;
#4195 = CARTESIAN_POINT ( 'NONE',  ( -0.07005971078076161900, -0.04249028442304322900, 0.05979217476624352400 ) ) ;
#4196 = LINE ( 'NONE', #3095, #4248 ) ;
#4197 = PLANE ( 'NONE',  #2737 ) ;
#4198 = MECHANICAL_DESIGN_GEOMETRIC_PRESENTATION_REPRESENTATION (  '', ( #1596 ), #1954 ) ;
#4199 = CARTESIAN_POINT ( 'NONE',  ( 0.06244028921923864400, 0.1885097155769567500, -0.08563302208415014800 ) ) ;
#4200 = SURFACE_STYLE_USAGE ( .BOTH. , #4555 ) ;
#4201 = CARTESIAN_POINT ( 'NONE',  ( 0.1909402892192384200, 0.1355097155769566800, -0.03700201014174278600 ) ) ;
#4202 = STYLED_ITEM ( 'NONE', ( #1438 ), #2122 ) ;
#4203 = CARTESIAN_POINT ( 'NONE',  ( 0.1670787279825446900, -0.02649028442304335000, -0.008633022084150265500 ) ) ;
#4204 = ORIENTED_EDGE ( 'NONE', *, *, #1048, .F. ) ;
#4205 = SURFACE_STYLE_USAGE ( .BOTH. , #4216 ) ;
#4206 = AXIS2_PLACEMENT_3D ( 'NONE', #1745, #4255, #1740 ) ;
#4207 = FACE_OUTER_BOUND ( 'NONE', #3254, .T. ) ;
#4208 = PRESENTATION_LAYER_ASSIGNMENT (  '', '', ( #4777 ) ) ;
#4209 = DIMENSIONAL_EXPONENTS ( 1.000000000000000000, 0.0000000000000000000, 0.0000000000000000000, 0.0000000000000000000, 0.0000000000000000000, 0.0000000000000000000, 0.0000000000000000000 ) ;
#4210 = DIRECTION ( 'NONE',  ( 1.000000000000000000, 0.0000000000000000000, -0.0000000000000000000 ) ) ;
#4211 = CARTESIAN_POINT ( 'NONE',  ( 0.08394028921923843400, 0.1057739569193662200, 0.06036697791584985700 ) ) ;
#4212 = FILL_AREA_STYLE_COLOUR ( '', #1914 ) ;
#4213 = CARTESIAN_POINT ( 'NONE',  ( 0.1928435426761001300, 0.1353958788230759900, -0.02764175259958881800 ) ) ;
#4214 = CARTESIAN_POINT ( 'NONE',  ( -0.03805971078076162600, -0.2424902844230432100, -0.07705821893454388400 ) ) ;
#4215 = CARTESIAN_POINT ( 'NONE',  ( 0.1054402892192386500, 0.1885097155769567500, -0.08563302208415014800 ) ) ;
#4216 = SURFACE_SIDE_STYLE ('',( #693 ) ) ;
#4217 = SURFACE_STYLE_FILL_AREA ( #2442 ) ;
#4218 = CARTESIAN_POINT ( 'NONE',  ( 0.1937703599547099500, 0.1352477931158827800, -0.01817190593726722800 ) ) ;
#4219 = VERTEX_POINT ( 'NONE', #1426 ) ;
#4220 = CARTESIAN_POINT ( 'NONE',  ( -0.02305971078076154600, 0.1675097155769567100, 0.1463669779158498500 ) ) ;
#4221 = CARTESIAN_POINT ( 'NONE',  ( 0.1462941182917180700, -0.02915695108971000400, -0.04463302208415029900 ) ) ;
#4222 = FILL_AREA_STYLE ('',( #4232 ) ) ;
#4223 = EDGE_LOOP ( 'NONE', ( #4064, #3960, #3955, #3870 ) ) ;
#4224 = CARTESIAN_POINT ( 'NONE',  ( 0.1054402892192386600, 0.2412628073239102600, 0.06836697791584983600 ) ) ;
#4225 = PLANE ( 'NONE',  #1149 ) ;
#4226 = CARTESIAN_POINT ( 'NONE',  ( 0.1255095086008915200, -0.03182361775637667500, -0.08063302208415019900 ) ) ;
#4227 = EDGE_LOOP ( 'NONE', ( #3800, #3866, #3469, #4477, #18, #604, #633 ) ) ;
#4228 = CARTESIAN_POINT ( 'NONE',  ( 0.1939836001742602500, 0.1351977467096212300, -0.01340055305253030900 ) ) ;
#4229 = CYLINDRICAL_SURFACE ( 'NONE', #173, 0.02999999999999998800 ) ;
#4230 = DIRECTION ( 'NONE',  ( -1.000000000000000000, 0.0000000000000000000, 0.0000000000000000000 ) ) ;
#4231 = AXIS2_PLACEMENT_3D ( 'NONE', #1378, #1375, #1252 ) ;
#4232 = FILL_AREA_STYLE_COLOUR ( '', #695 ) ;
#4233 = CARTESIAN_POINT ( 'NONE',  ( 0.08394028921923843400, 0.1475097155769566600, 0.05260273657344072300 ) ) ;
#4234 = ORIENTED_EDGE ( 'NONE', *, *, #2582, .F. ) ;
#4235 = COLOUR_RGB ( '',0.9882352941176471000, 1.000000000000000000, 0.9882352941176471000 ) ;
#4236 = ORIENTED_EDGE ( 'NONE', *, *, #836, .F. ) ;
#4237 = DIRECTION ( 'NONE',  ( 1.000000000000000000, 0.0000000000000000000, 0.0000000000000000000 ) ) ;
#4238 = CARTESIAN_POINT ( 'NONE',  ( 0.08394028921923850400, -0.03449028442304332600, -0.08063302208415015800 ) ) ;
#4239 = VERTEX_POINT ( 'NONE', #715 ) ;
#4240 = VERTEX_POINT ( 'NONE', #1823 ) ;
#4241 = ORIENTED_EDGE ( 'NONE', *, *, #2355, .F. ) ;
#4242 = CARTESIAN_POINT ( 'NONE',  ( 0.1192947709642295100, 0.1454263822436233600, 0.05260273657344073000 ) ) ;
#4243 = CARTESIAN_POINT ( 'NONE',  ( 0.1909402892192384200, 0.1205097155769567100, 0.1463669779158498500 ) ) ;
#4244 = VECTOR ( 'NONE', #3137, 39.37007874015748100 ) ;
#4245 = CARTESIAN_POINT ( 'NONE',  ( 0.04237106983758538000, -0.03715695108970999000, -0.08063302208415004700 ) ) ;
#4246 = CARTESIAN_POINT ( 'NONE',  ( 0.1939829131207268500, 0.1351978890480582400, -0.003843170094441857000 ) ) ;
#4247 = DIRECTION ( 'NONE',  ( 0.0000000000000000000, 0.0000000000000000000, 1.000000000000000000 ) ) ;
#4248 = VECTOR ( 'NONE', #3066, 39.37007874015748100 ) ;
#4249 = CARTESIAN_POINT ( 'NONE',  ( 0.1369720118367250300, 0.1433430489102900100, 0.02198485724464529000 ) ) ;
#4250 = CARTESIAN_POINT ( 'NONE',  ( 0.1909402892192384200, 0.1205097155769567100, -0.1636330220841501200 ) ) ;
#4251 = CARTESIAN_POINT ( 'NONE',  ( 0.02158646014675895100, -0.03982361775637664700, -0.04463302208415004200 ) ) ;
#4252 = ORIENTED_EDGE ( 'NONE', *, *, #774, .F. ) ;
#4253 = VECTOR ( 'NONE', #3550, 39.37007874015748100 ) ;
#4254 = B_SPLINE_CURVE_WITH_KNOTS ( 'NONE', 3,
 ( #2830, #2591, #2293, #2325, #2311, #2341 ),
 .UNSPECIFIED., .F., .F.,
 ( 4, 2, 4 ),
 ( 0.05852918469349365600, 0.05963950730931259100, 0.06074982992513152500 ),
 .UNSPECIFIED. ) ;
#4255 = DIRECTION ( 'NONE',  ( 2.449212707644754500E-016, -1.000000000000000000, -0.0000000000000000000 ) ) ;
#4256 = VECTOR ( 'NONE', #3205, 39.37007874015748100 ) ;
#4257 = CARTESIAN_POINT ( 'NONE',  ( 0.1546492527092205000, 0.1412597155769567100, -0.008633022084150095500 ) ) ;
#4258 = ORIENTED_EDGE ( 'NONE', *, *, #39, .T. ) ;
#4259 = CARTESIAN_POINT ( 'NONE',  ( 0.0008018504559324933700, -0.04249028442304330500, -0.008633022084149987900 ) ) ;
#4260 = CARTESIAN_POINT ( 'NONE',  ( 0.1937697507570847500, 0.1352478999506608600, 0.0009132297972175161700 ) ) ;
#4261 = CARTESIAN_POINT ( 'NONE',  ( -0.02305971078076154600, 0.1675097155769567100, -0.1636330220841501200 ) ) ;
#4262 = CARTESIAN_POINT ( 'NONE',  ( 0.1369720118367250300, 0.1391763822436233600, -0.03925090141294559200 ) ) ;
#4263 = CARTESIAN_POINT ( 'NONE',  ( -0.02305971078076154600, 0.1355097155769567600, -0.1636330220841501200 ) ) ;
#4264 = AXIS2_PLACEMENT_3D ( 'NONE', #1096, #1089, #1085 ) ;
#4265 = CARTESIAN_POINT ( 'NONE',  ( 0.02158646014675906200, -0.04515695108970997600, 0.02736697791584991700 ) ) ;
#4266 = ORIENTED_EDGE ( 'NONE', *, *, #907, .F. ) ;
#4267 = FILL_AREA_STYLE_COLOUR ( '', #1565 ) ;
#4268 = DIRECTION ( 'NONE',  ( 0.0000000000000000000, 1.000000000000000000, 0.0000000000000000000 ) ) ;
#4269 = MECHANICAL_DESIGN_GEOMETRIC_PRESENTATION_REPRESENTATION (  '', ( #4787 ), #4697 ) ;
#4270 = ORIENTED_EDGE ( 'NONE', *, *, #622, .F. ) ;
#4271 = LENGTH_MEASURE_WITH_UNIT ( LENGTH_MEASURE( 0.02539999999999999900 ), #1102 );
#4272 = CARTESIAN_POINT ( 'NONE',  ( 0.04237106983758567200, -0.04782361775637664100, 0.06336697791584990100 ) ) ;
#4273 = CARTESIAN_POINT ( 'NONE',  ( 0.1928435592228946400, 0.1353958666752303200, 0.01037439513904920400 ) ) ;
#4274 = DIRECTION ( 'NONE',  ( -1.000000000000000000, -0.0000000000000000000, -0.0000000000000000000 ) ) ;
#4275 = DIMENSIONAL_EXPONENTS ( 1.000000000000000000, 0.0000000000000000000, 0.0000000000000000000, 0.0000000000000000000, 0.0000000000000000000, 0.0000000000000000000, 0.0000000000000000000 ) ;
#4276 = CARTESIAN_POINT ( 'NONE',  ( 0.1192947709642295100, 0.1370930489102900600, -0.06986878074174100700 ) ) ;
#4277 = LENGTH_MEASURE_WITH_UNIT ( LENGTH_MEASURE( 0.02539999999999999900 ), #1717 );
#4278 = CARTESIAN_POINT ( 'NONE',  ( 0.08394028921923867000, -0.05049028442304329100, 0.06336697791584983100 ) ) ;
#4279 = LENGTH_MEASURE_WITH_UNIT ( LENGTH_MEASURE( 0.02539999999999999900 ), #1918 );
#4280 = CARTESIAN_POINT ( 'NONE',  ( 0.1609402892192387000, 0.2165097155769567800, -0.03013302208415016800 ) ) ;
#4281 = CARTESIAN_POINT ( 'NONE',  ( 0.05074264874083517900, 0.1331763822436229400, 0.04886697791584988100 ) ) ;
#4282 = UNCERTAINTY_MEASURE_WITH_UNIT (LENGTH_MEASURE( 1.000000000000000100E-005 ), #1909, 'distance_accuracy_value', 'NONE');
#4283 = ORIENTED_EDGE ( 'NONE', *, *, #1579, .T. ) ;
#4284 = DIRECTION ( 'NONE',  ( -7.691013495676421200E-017, 0.0000000000000000000, 1.000000000000000000 ) ) ;
#4285 = COLOUR_RGB ( '',0.8000000000000000400, 0.8039215686274510100, 0.8000000000000000400 ) ;
#4286 = ORIENTED_EDGE ( 'NONE', *, *, #2051, .F. ) ;
#4287 = CARTESIAN_POINT ( 'NONE',  ( 0.1255095086008917400, -0.05315695108970994900, 0.06336697791584976200 ) ) ;
#4288 = LINE ( 'NONE', #2501, #4684 ) ;
#4289 = ORIENTED_EDGE ( 'NONE', *, *, #742, .T. ) ;
#4290 = VECTOR ( 'NONE', #2567, 39.37007874015748100 ) ;
#4291 = DIRECTION ( 'NONE',  ( -1.000000000000000000, 0.0000000000000000000, -7.691013495676421200E-017 ) ) ;
#4292 = VERTEX_POINT ( 'NONE', #1403 ) ;
#4293 =( GEOMETRIC_REPRESENTATION_CONTEXT ( 3 ) GLOBAL_UNCERTAINTY_ASSIGNED_CONTEXT ( ( #4149 ) ) GLOBAL_UNIT_ASSIGNED_CONTEXT ( ( #4642, #4702, #4620 ) ) REPRESENTATION_CONTEXT ( 'NONE', 'WORKASPACE' ) );
#4294 = CARTESIAN_POINT ( 'NONE',  ( 0.08394028921923849000, 0.1350097155769567100, -0.06986878074174100700 ) ) ;
#4295 = AXIS2_PLACEMENT_3D ( 'NONE', #4659, #4651, #4644 ) ;
#4296 = CARTESIAN_POINT ( 'NONE',  ( 0.06244028921923864400, 0.1885097155769567500, -0.08563302208415014800 ) ) ;
#4297 = ORIENTED_EDGE ( 'NONE', *, *, #2299, .T. ) ;
#4298 = CARTESIAN_POINT ( 'NONE',  ( 0.1462941182917182300, -0.05582361775637661300, 0.02736697791584973400 ) ) ;
#4299 = FILL_AREA_STYLE_COLOUR ( '', #1020 ) ;
#4300 = CARTESIAN_POINT ( 'NONE',  ( 0.08394028921923471500, 0.1735097155769565200, 0.06336697791584983100 ) ) ;
#4302 = MECHANICAL_DESIGN_GEOMETRIC_PRESENTATION_REPRESENTATION (  '', ( #3671 ), #4482 ) ;
#4301 = CARTESIAN_POINT ( 'NONE',  ( 0.08394028921923865600, 0.1305097155769562900, 0.04886697791584983900 ) ) ;
#4303 = LINE ( 'NONE', #3134, #4244 ) ;
#4304 = CARTESIAN_POINT ( 'NONE',  ( 0.08394028921923865600, 0.2055097155769561300, 0.06336697791584983100 ) ) ;
#4305 = UNCERTAINTY_MEASURE_WITH_UNIT (LENGTH_MEASURE( 1.000000000000000100E-005 ), #3182, 'distance_accuracy_value', 'NONE');
#4306 = CARTESIAN_POINT ( 'NONE',  ( 0.1670787279825446900, -0.05849028442304327100, -0.008633022084150246400 ) ) ;
#4307 = LINE ( 'NONE', #3184, #4256 ) ;
#4308 = CARTESIAN_POINT ( 'NONE',  ( 0.04858580747424742100, 0.1329263822436233800, -0.06986878074174100700 ) ) ;
#4309 =( NAMED_UNIT ( * ) SI_UNIT ( $, .STERADIAN. ) SOLID_ANGLE_UNIT ( ) );
#4310 = VECTOR ( 'NONE', #3576, 39.37007874015748100 ) ;
#4311 = CIRCLE ( 'NONE', #338, 0.04700000000000003500 ) ;
#4312 = CARTESIAN_POINT ( 'NONE',  ( 0.1462941182917181200, -0.06115695108970993500, -0.04463302208415023000 ) ) ;
#4313 = PLANE ( 'NONE',  #7 ) ;
#4314 = CARTESIAN_POINT ( 'NONE',  ( 0.1171379296976421800, 0.1278430489102896100, 0.04886697791584979100 ) ) ;
#4315 =( NAMED_UNIT ( * ) SI_UNIT ( $, .STERADIAN. ) SOLID_ANGLE_UNIT ( ) );
#4316 = VERTEX_POINT ( 'NONE', #1495 ) ;
#4317 = ORIENTED_EDGE ( 'NONE', *, *, #2140, .F. ) ;
#4318 = CARTESIAN_POINT ( 'NONE',  ( 0.1255095086008915500, -0.06382361775637659900, -0.08063302208415019900 ) ) ;
#4319 =( GEOMETRIC_REPRESENTATION_CONTEXT ( 3 ) GLOBAL_UNCERTAINTY_ASSIGNED_CONTEXT ( ( #4806 ) ) GLOBAL_UNIT_ASSIGNED_CONTEXT ( ( #1236, #1225, #1215 ) ) REPRESENTATION_CONTEXT ( 'NONE', 'WORKASPACE' ) );
#4320 =( NAMED_UNIT ( * ) PLANE_ANGLE_UNIT ( ) SI_UNIT ( $, .RADIAN. ) );
#4321 = DIMENSIONAL_EXPONENTS ( 1.000000000000000000, 0.0000000000000000000, 0.0000000000000000000, 0.0000000000000000000, 0.0000000000000000000, 0.0000000000000000000, 0.0000000000000000000 ) ;
#4322 = CARTESIAN_POINT ( 'NONE',  ( 0.004391372304542358500, 0.2409888261569438900, 0.01286697791584984700 ) ) ;
#4323 =( NAMED_UNIT ( * ) PLANE_ANGLE_UNIT ( ) SI_UNIT ( $, .RADIAN. ) );
#4324 =( CONVERSION_BASED_UNIT ( 'INCH', #1000 ) LENGTH_UNIT ( ) NAMED_UNIT ( #2170 ) );
#4325 = CARTESIAN_POINT ( 'NONE',  ( 0.08394028921923851700, -0.06649028442304326400, -0.08063302208415015800 ) ) ;
#4326 = DIRECTION ( 'NONE',  ( 0.0000000000000000000, -1.000000000000000000, -1.707404996040165000E-016 ) ) ;
#4327 = CARTESIAN_POINT ( 'NONE',  ( 0.1337367499368438700, 0.1251763822436229900, 0.02011697791584974800 ) ) ;
#4328 = UNCERTAINTY_MEASURE_WITH_UNIT (LENGTH_MEASURE( 1.000000000000000100E-005 ), #1939, 'distance_accuracy_value', 'NONE');
#4329 =( CONVERSION_BASED_UNIT ( 'INCH', #2141 ) LENGTH_UNIT ( ) NAMED_UNIT ( #4807 ) );
#4330 = ORIENTED_EDGE ( 'NONE', *, *, #1283, .F. ) ;
#4331 = CARTESIAN_POINT ( 'NONE',  ( 0.2059402892192384900, -0.07549028442304323000, -0.1636330220841501200 ) ) ;
#4332 = CARTESIAN_POINT ( 'NONE',  ( -0.03805971078076162600, 0.1205097155769567100, -0.1636330220841501200 ) ) ;
#4333 = UNCERTAINTY_MEASURE_WITH_UNIT (LENGTH_MEASURE( 1.000000000000000100E-005 ), #2983, 'distance_accuracy_value', 'NONE');
#4334 = UNCERTAINTY_MEASURE_WITH_UNIT (LENGTH_MEASURE( 1.000000000000000100E-005 ), #1893, 'distance_accuracy_value', 'NONE');
#4335 =( LENGTH_UNIT ( ) NAMED_UNIT ( * ) SI_UNIT ( $, .METRE. ) );
#4336 = PRESENTATION_STYLE_ASSIGNMENT (( #765 ) ) ;
#4337 = CARTESIAN_POINT ( 'NONE',  ( 0.01878872628407807200, 0.2439724945814341600, 0.01286697791584984900 ) ) ;
#4338 =( CONVERSION_BASED_UNIT ( 'INCH', #2112 ) LENGTH_UNIT ( ) NAMED_UNIT ( #21 ) );
#4339 = ORIENTED_EDGE ( 'NONE', *, *, #1842, .T. ) ;
#4340 = SURFACE_STYLE_USAGE ( .BOTH. , #4349 ) ;
#4341 = B_SPLINE_CURVE_WITH_KNOTS ( 'NONE', 3,
 ( #2209, #2071, #2180, #2171, #2164, #2154 ),
 .UNSPECIFIED., .F., .F.,
 ( 4, 2, 4 ),
 ( 0.001261082397287617300, 0.001840749285833841900, 0.002420416174380066300 ),
 .UNSPECIFIED. ) ;
#4342 = VERTEX_POINT ( 'NONE', #1445 ) ;
#4343 = DIRECTION ( 'NONE',  ( 0.0000000000000000000, -1.707404996040165000E-016, 1.000000000000000000 ) ) ;
#4344 = CONICAL_SURFACE ( 'NONE', #4052, 0.04312205647723771400, 0.7853981633974604900 ) ;
#4345 = ORIENTED_EDGE ( 'NONE', *, *, #864, .T. ) ;
#4346 = CARTESIAN_POINT ( 'NONE',  ( 0.1503355701760455700, 0.02650971557695650700, -0.008633022084150241200 ) ) ;
#4347 = LINE ( 'NONE', #1830, #2622 ) ;
#4348 = ORIENTED_EDGE ( 'NONE', *, *, #2086, .F. ) ;
#4349 = SURFACE_SIDE_STYLE ('',( #2650 ) ) ;
#4350 = SURFACE_STYLE_FILL_AREA ( #2366 ) ;
#4351 = LINE ( 'NONE', #4538, #1371 ) ;
#4352 = ORIENTED_EDGE ( 'NONE', *, *, #2330, .F. ) ;
#4353 = DIRECTION ( 'NONE',  ( -0.0000000000000000000, 0.0000000000000000000, -1.000000000000000000 ) ) ;
#4354 = ORIENTED_EDGE ( 'NONE', *, *, #1618, .T. ) ;
#4355 = CARTESIAN_POINT ( 'NONE',  ( 0.06133708857155725100, -0.06807509368580705300, -0.07699306392498475600 ) ) ;
#4356 = PLANE ( 'NONE',  #1336 ) ;
#4357 = EDGE_LOOP ( 'NONE', ( #524, #1011, #3300, #4345 ) ) ;
#4358 = STYLED_ITEM ( 'NONE', ( #894 ), #2167 ) ;
#4359 = VECTOR ( 'NONE', #3195, 39.37007874015748100 ) ;
#4360 =( LENGTH_UNIT ( ) NAMED_UNIT ( * ) SI_UNIT ( $, .METRE. ) );
#4361 = CARTESIAN_POINT ( 'NONE',  ( 0.0008018504559324932600, -0.07449028442304324300, -0.008633022084150081600 ) ) ;
#4362 = ORIENTED_EDGE ( 'NONE', *, *, #1290, .T. ) ;
#4363 = COLOUR_RGB ( '',0.8000000000000000400, 0.8039215686274510100, 0.8000000000000000400 ) ;
#4365 = PRESENTATION_LAYER_ASSIGNMENT (  '', '', ( #3671 ) ) ;
#4364 = CARTESIAN_POINT ( 'NONE',  ( 0.1503355701760455700, 0.1225097155769563200, -0.008633022084150241200 ) ) ;
#4366 = ORIENTED_EDGE ( 'NONE', *, *, #1857, .T. ) ;
#4367 = UNCERTAINTY_MEASURE_WITH_UNIT (LENGTH_MEASURE( 1.000000000000000100E-005 ), #1124, 'distance_accuracy_value', 'NONE');
#4368 = VECTOR ( 'NONE', #3349, 39.37007874015748100 ) ;
#4369 = LINE ( 'NONE', #3259, #4368 ) ;
#4370 =( BOUNDED_CURVE ( )  B_SPLINE_CURVE ( 2, ( #4551, #4570, #4557, #4544, #4537, #4521, #4511, #4505, #4497, #4491, #4486, #4483, #4476, #4469, #4463, #4449, #4445, #4437, #4434, #4429, #4419, #4412, #4410, #4395, #3318 ),
 .UNSPECIFIED., .F., .F. ) 
 B_SPLINE_CURVE_WITH_KNOTS ( ( 3, 2, 2, 2, 2, 2, 2, 2, 2, 2, 2, 2, 3 ),
 ( 0.0000000000000000000, 0.08333333333333332900, 0.1666666666666666600, 0.2500000000000000000, 0.3333333333333333100, 0.4166666666666666900, 0.5000000000000000000, 0.5833333333333333700, 0.6666666666666666300, 0.7500000000000000000, 0.8333333333333333700, 0.9166666666666666300, 1.000000000000000000 ),
 .UNSPECIFIED. ) 
 CURVE ( )  GEOMETRIC_REPRESENTATION_ITEM ( )  RATIONAL_B_SPLINE_CURVE ( ( 1.000000000000000000, 0.8660254037844387100, 1.000000000000000000, 0.8660254037844387100, 1.000000000000000000, 0.8660254037844387100, 1.000000000000000000, 0.8660254037844387100, 1.000000000000000000, 0.8660254037844387100, 1.000000000000000000, 0.8660254037844387100, 1.000000000000000000, 0.8660254037844387100, 1.000000000000000000, 0.8660254037844387100, 1.000000000000000000, 0.8660254037844387100, 1.000000000000000000, 0.8660254037844387100, 1.000000000000000000, 0.8660254037844387100, 1.000000000000000000, 0.8660254037844387100, 1.000000000000000000 ) ) 
 REPRESENTATION_ITEM ( '' )  );
#4371 = CARTESIAN_POINT ( 'NONE',  ( 0.03090856660175189700, 0.1308430489102900800, -0.03925090141294557800 ) ) ;
#4372 = SURFACE_STYLE_USAGE ( .BOTH. , #4398 ) ;
#4373 = CARTESIAN_POINT ( 'NONE',  ( 0.0008018504559324932600, -0.04249028442304331200, -0.008633022084150081600 ) ) ;
#4374 = CARTESIAN_POINT ( 'NONE',  ( -0.03805971078076162600, -0.07549028442304323000, -0.1370582189345438100 ) ) ;
#4375 = DIRECTION ( 'NONE',  ( 0.0000000000000000000, 0.0000000000000000000, 1.000000000000000000 ) ) ;
#4376 = ADVANCED_FACE ( 'NONE', ( #4132, #4560 ), #333, .F. ) ;
#4377 = SURFACE_SIDE_STYLE ('',( #4904 ) ) ;
#4378 = STYLED_ITEM ( 'NONE', ( #657 ), #1476 ) ;
#4379 = ORIENTED_EDGE ( 'NONE', *, *, #2201, .T. ) ;
#4380 = CARTESIAN_POINT ( 'NONE',  ( 0.2059402892192384900, -0.04249028442304322900, -0.07705821893454381500 ) ) ;
#4381 = MECHANICAL_DESIGN_GEOMETRIC_PRESENTATION_REPRESENTATION (  '', ( #4875 ), #4870 ) ;
#4382 = ORIENTED_EDGE ( 'NONE', *, *, #774, .T. ) ;
#4383 = AXIS2_PLACEMENT_3D ( 'NONE', #1072, #1054, #1038 ) ;
#4384 = CARTESIAN_POINT ( 'NONE',  ( 0.01323132572925637800, 0.1287597155769566700, -0.008633022084150173600 ) ) ;
#4385 = LENGTH_MEASURE_WITH_UNIT ( LENGTH_MEASURE( 0.02539999999999999900 ), #1040 );
#4386 = DIRECTION ( 'NONE',  ( 0.0000000000000000000, -1.000000000000000000, 0.0000000000000000000 ) ) ;
#4387 = PRESENTATION_LAYER_ASSIGNMENT (  '', '', ( #4448 ) ) ;
#4388 = ORIENTED_EDGE ( 'NONE', *, *, #822, .F. ) ;
#4389 = CARTESIAN_POINT ( 'NONE',  ( -0.02305971078076154600, 0.1205097155769567100, -0.1636330220841501200 ) ) ;
#4390 = FILL_AREA_STYLE_COLOUR ( '', #2304 ) ;
#4391 = LINE ( 'NONE', #3836, #3560 ) ;
#4392 = VERTEX_POINT ( 'NONE', #1460 ) ;
#4393 = LENGTH_MEASURE_WITH_UNIT ( LENGTH_MEASURE( 0.02539999999999999900 ), #966 );
#4394 = VERTEX_POINT ( 'NONE', #732 ) ;
#4395 = CARTESIAN_POINT ( 'NONE',  ( 0.1192947709642295800, 0.1454263822436233600, 0.05260273657344066000 ) ) ;
#4396 = ORIENTED_EDGE ( 'NONE', *, *, #1850, .T. ) ;
#4397 = CARTESIAN_POINT ( 'NONE',  ( 0.03090856660175187900, 0.1266763822436233500, 0.02198485724464525900 ) ) ;
#4398 = SURFACE_SIDE_STYLE ('',( #3843 ) ) ;
#4399 = CIRCLE ( 'NONE', #237, 0.06878373842592597200 ) ;
#4400 = DIRECTION ( 'NONE',  ( 1.000000000000000000, 0.0000000000000000000, 0.0000000000000000000 ) ) ;
#4401 = LENGTH_MEASURE_WITH_UNIT ( LENGTH_MEASURE( 0.02539999999999999900 ), #4589 );
#4402 = VERTEX_POINT ( 'NONE', #877 ) ;
#4403 = LENGTH_MEASURE_WITH_UNIT ( LENGTH_MEASURE( 0.02539999999999999900 ), #2974 );
#4404 = ORIENTED_EDGE ( 'NONE', *, *, #2103, .F. ) ;
#4405 = DIRECTION ( 'NONE',  ( -0.0000000000000000000, -0.0000000000000000000, -1.000000000000000000 ) ) ;
#4406 = CIRCLE ( 'NONE', #3651, 0.04312205647723771400 ) ;
#4407 = ORIENTED_EDGE ( 'NONE', *, *, #2411, .T. ) ;
#4408 = LINE ( 'NONE', #4701, #4290 ) ;
#4409 = DIRECTION ( 'NONE',  ( 0.0000000000000000000, 0.0000000000000000000, 1.000000000000000000 ) ) ;
#4410 = CARTESIAN_POINT ( 'NONE',  ( 0.1369720118367250500, 0.1433430489102900100, 0.02198485724464525900 ) ) ;
#4411 = ORIENTED_EDGE ( 'NONE', *, *, #1167, .F. ) ;
#4412 = CARTESIAN_POINT ( 'NONE',  ( 0.1546492527092205000, 0.1412597155769567100, -0.008633022084150135400 ) ) ;
#4413 = VECTOR ( 'NONE', #4762, 39.37007874015748900 ) ;
#4414 = AXIS2_PLACEMENT_3D ( 'NONE', #4877, #3659, #3536 ) ;
#4415 = ORIENTED_EDGE ( 'NONE', *, *, #2264, .T. ) ;
#4416 = CARTESIAN_POINT ( 'NONE',  ( 0.04858580747424740000, 0.1245930489102900100, 0.05260273657344073000 ) ) ;
#4417 = LINE ( 'NONE', #3217, #110 ) ;
#4418 = DIRECTION ( 'NONE',  ( 0.0000000000000000000, 0.0000000000000000000, 1.000000000000000000 ) ) ;
#4419 = CARTESIAN_POINT ( 'NONE',  ( 0.1369720118367249700, 0.1391763822436233600, -0.03925090141294564800 ) ) ;
#4420 = CARTESIAN_POINT ( 'NONE',  ( 0.2059402892192384600, 0.1205097155769567100, 0.1463669779158498500 ) ) ;
#4421 = ADVANCED_FACE ( 'NONE', ( #4122 ), #896, .T. ) ;
#4422 = DIRECTION ( 'NONE',  ( 0.0000000000000000000, 0.0000000000000000000, -1.000000000000000000 ) ) ;
#4423 = ADVANCED_FACE ( 'NONE', ( #3606 ), #2900, .F. ) ;
#4424 = VECTOR ( 'NONE', #3284, 39.37007874015748100 ) ;
#4425 = VECTOR ( 'NONE', #2365, 39.37007874015748100 ) ;
#4426 = FILL_AREA_STYLE ('',( #1328 ) ) ;
#4427 = DIMENSIONAL_EXPONENTS ( 1.000000000000000000, 0.0000000000000000000, 0.0000000000000000000, 0.0000000000000000000, 0.0000000000000000000, 0.0000000000000000000, 0.0000000000000000000 ) ;
#4428 = DIRECTION ( 'NONE',  ( 0.0000000000000000000, 0.0000000000000000000, 1.000000000000000000 ) ) ;
#4429 = CARTESIAN_POINT ( 'NONE',  ( 0.1192947709642294500, 0.1370930489102900600, -0.06986878074174102100 ) ) ;
#4430 = CIRCLE ( 'NONE', #1755, 0.02999999999999998800 ) ;
#4431 = CARTESIAN_POINT ( 'NONE',  ( 0.08394028921923843400, 0.1205097155769563700, 0.09236697791584985700 ) ) ;
#4432 = B_SPLINE_CURVE_WITH_KNOTS ( 'NONE', 3,
 ( #2137, #2101, #2026, #2017, #2012, #2007 ),
 .UNSPECIFIED., .F., .F.,
 ( 4, 2, 4 ),
 ( 0.001261082397287619400, 0.001840749285833843200, 0.002420416174380066700 ),
 .UNSPECIFIED. ) ;
#4433 = CARTESIAN_POINT ( 'NONE',  ( 0.05074264874083504000, -0.02615695108970999800, -0.06613302208415011700 ) ) ;
#4434 = CARTESIAN_POINT ( 'NONE',  ( 0.08394028921923846200, 0.1350097155769567100, -0.06986878074174100700 ) ) ;
#4435 = CARTESIAN_POINT ( 'NONE',  ( 0.08394028921923849000, 0.1100097155769567800, -0.06986878074174100700 ) ) ;
#4436 = CARTESIAN_POINT ( 'NONE',  ( 0.2059402892192384600, 0.1205097155769567100, 0.1463669779158498500 ) ) ;
#4437 = CARTESIAN_POINT ( 'NONE',  ( 0.04858580747424734400, 0.1329263822436234100, -0.06986878074174098000 ) ) ;
#4438 = CARTESIAN_POINT ( 'NONE',  ( 0.1921738212767177000, 0.1355097155769549300, 0.01508342320796947700 ) ) ;
#4439 = DIRECTION ( 'NONE',  ( 0.0000000000000000000, -1.000000000000000000, 0.0000000000000000000 ) ) ;
#4440 = CARTESIAN_POINT ( 'NONE',  ( 0.2439402892192384400, -0.04249028442304322900, -0.07705821893454381500 ) ) ;
#4441 = CARTESIAN_POINT ( 'NONE',  ( 0.03414382850163333300, -0.02882361775637665200, -0.03738302208415009800 ) ) ;
#4442 =( GEOMETRIC_REPRESENTATION_CONTEXT ( 3 ) GLOBAL_UNCERTAINTY_ASSIGNED_CONTEXT ( ( #4305 ) ) GLOBAL_UNIT_ASSIGNED_CONTEXT ( ( #3182, #3162, #3141 ) ) REPRESENTATION_CONTEXT ( 'NONE', 'WORKASPACE' ) );
#4443 = CARTESIAN_POINT ( 'NONE',  ( 0.1337367499368437600, 0.02384304891028985600, -0.03738302208415023700 ) ) ;
#4444 = CARTESIAN_POINT ( 'NONE',  ( 0.2379402892192384900, -0.2424902844230432100, 0.08979217476624358500 ) ) ;
#4446 = VECTOR ( 'NONE', #4428, 39.37007874015748100 ) ;
#4445 = CARTESIAN_POINT ( 'NONE',  ( 0.03090856660175187200, 0.1308430489102900800, -0.03925090141294554400 ) ) ;
#4447 = CARTESIAN_POINT ( 'NONE',  ( 0.03330558357245615900, 0.2460724400868460300, 0.01286697791584984600 ) ) ;
#4448 = STYLED_ITEM ( 'NONE', ( #4582 ), #2121 ) ;
#4449 = CARTESIAN_POINT ( 'NONE',  ( 0.01323132572925638000, 0.1287597155769566700, -0.008633022084150095500 ) ) ;
#4450 = EDGE_LOOP ( 'NONE', ( #4529 ) ) ;
#4451 = MANIFOLD_SOLID_BREP ( '7782-1-solid1', #2752 ) ;
#4452 = CARTESIAN_POINT ( 'NONE',  ( 0.08394028921923843400, 0.1225097155769567100, 0.05260273657344072300 ) ) ;
#4453 = FILL_AREA_STYLE_COLOUR ( '', #4114 ) ;
#4454 = CARTESIAN_POINT ( 'NONE',  ( 0.02158646014675904400, -0.04515695108970997600, 0.02736697791584989700 ) ) ;
#4455 = CARTESIAN_POINT ( 'NONE',  ( 0.1909402892192384200, 0.1205097155769567100, 0.1463669779158498500 ) ) ;
#4456 =( GEOMETRIC_REPRESENTATION_CONTEXT ( 3 ) GLOBAL_UNCERTAINTY_ASSIGNED_CONTEXT ( ( #1609 ) ) GLOBAL_UNIT_ASSIGNED_CONTEXT ( ( #3580, #3559, #3544 ) ) REPRESENTATION_CONTEXT ( 'NONE', 'WORKASPACE' ) );
#4457 = PRESENTATION_STYLE_ASSIGNMENT (( #494 ) ) ;
#4458 = ORIENTED_EDGE ( 'NONE', *, *, #2403, .F. ) ;
#4459 = CARTESIAN_POINT ( 'NONE',  ( 0.01754500826243164000, -0.03149028442304330900, -0.008633022084150085100 ) ) ;
#4460 = UNCERTAINTY_MEASURE_WITH_UNIT (LENGTH_MEASURE( 1.000000000000000100E-005 ), #2803, 'distance_accuracy_value', 'NONE');
#4461 = CARTESIAN_POINT ( 'NONE',  ( 0.08394028921923865600, 0.03450971557695650700, 0.04886697791584983900 ) ) ;
#4462 = CARTESIAN_POINT ( 'NONE',  ( 0.1909402892192384200, 0.1355097155769566800, 0.1463669779158498500 ) ) ;
#4463 = CARTESIAN_POINT ( 'NONE',  ( 0.03090856660175189000, 0.1266763822436233500, 0.02198485724464529000 ) ) ;
#4464 = VECTOR ( 'NONE', #806, 39.37007874015748100 ) ;
#4465 = VERTEX_POINT ( 'NONE', #4682 ) ;
#4466 = VECTOR ( 'NONE', #2653, 39.37007874015748100 ) ;
#4467 = SURFACE_SIDE_STYLE ('',( #3434 ) ) ;
#4468 = ORIENTED_EDGE ( 'NONE', *, *, #2530, .T. ) ;
#4469 = CARTESIAN_POINT ( 'NONE',  ( 0.04858580747424744200, 0.1245930489102900200, 0.05260273657344077100 ) ) ;
#4470 = VERTEX_POINT ( 'NONE', #1183 ) ;
#4471 = VECTOR ( 'NONE', #4927, 39.37007874015748100 ) ;
#4472 = VERTEX_POINT ( 'NONE', #4447 ) ;
#4473 = CARTESIAN_POINT ( 'NONE',  ( 0.1192947709642295100, 0.1204263822436234400, 0.05260273657344073000 ) ) ;
#4474 = FILL_AREA_STYLE ('',( #4453 ) ) ;
#4475 = CARTESIAN_POINT ( 'NONE',  ( 0.02158646014675904400, -0.07715695108970989400, 0.02736697791584989700 ) ) ;
#4476 = CARTESIAN_POINT ( 'NONE',  ( 0.08394028921923844800, 0.1225097155769567100, 0.05260273657344072300 ) ) ;
#4477 = ORIENTED_EDGE ( 'NONE', *, *, #1963, .T. ) ;
#4478 =( NAMED_UNIT ( * ) SI_UNIT ( $, .STERADIAN. ) SOLID_ANGLE_UNIT ( ) );
#4479 = CARTESIAN_POINT ( 'NONE',  ( 0.1337367499368437600, 0.1198430489102896700, -0.03738302208415023700 ) ) ;
#4480 = FILL_AREA_STYLE ('',( #4390 ) ) ;
#4481 = ORIENTED_EDGE ( 'NONE', *, *, #1826, .T. ) ;
#4482 =( GEOMETRIC_REPRESENTATION_CONTEXT ( 3 ) GLOBAL_UNCERTAINTY_ASSIGNED_CONTEXT ( ( #784 ) ) GLOBAL_UNIT_ASSIGNED_CONTEXT ( ( #1049, #1044, #1024 ) ) REPRESENTATION_CONTEXT ( 'NONE', 'WORKASPACE' ) );
#4483 = CARTESIAN_POINT ( 'NONE',  ( 0.1192947709642295100, 0.1204263822436234400, 0.05260273657344073700 ) ) ;
#4484 = LINE ( 'NONE', #3243, #4359 ) ;
#4485 =( NAMED_UNIT ( * ) SI_UNIT ( $, .STERADIAN. ) SOLID_ANGLE_UNIT ( ) );
#4486 = CARTESIAN_POINT ( 'NONE',  ( 0.1369720118367250300, 0.1183430489102900700, 0.02198485724464529000 ) ) ;
#4487 = STYLED_ITEM ( 'NONE', ( #388 ), #2096 ) ;
#4488 = CARTESIAN_POINT ( 'NONE',  ( 0.1369720118367250300, 0.1183430489102900700, 0.02198485724464529000 ) ) ;
#4489 = DIRECTION ( 'NONE',  ( -0.0000000000000000000, -0.0000000000000000000, -1.000000000000000000 ) ) ;
#4490 = B_SPLINE_CURVE_WITH_KNOTS ( 'NONE', 3,
 ( #1948, #1614, #1628, #1603, #1559, #1546 ),
 .UNSPECIFIED., .F., .F.,
 ( 4, 2, 4 ),
 ( 0.001261082397287619900, 0.001840749285833845800, 0.002420416174380071900 ),
 .UNSPECIFIED. ) ;
#4491 = CARTESIAN_POINT ( 'NONE',  ( 0.1546492527092205000, 0.1162597155769567900, -0.008633022084150095500 ) ) ;
#4492 = VECTOR ( 'NONE', #3271, 39.37007874015748100 ) ;
#4493 = CARTESIAN_POINT ( 'NONE',  ( 0.03414382850163340300, 0.1898430489102895200, 0.02011697791584989700 ) ) ;
#4494 = CARTESIAN_POINT ( 'NONE',  ( 0.1171379296976420000, 0.1171763822436229800, -0.06613302208415021400 ) ) ;
#4495 = CARTESIAN_POINT ( 'NONE',  ( 0.1909402892192384200, 0.1675097155769567100, -0.1636330220841501200 ) ) ;
#4496 = UNCERTAINTY_MEASURE_WITH_UNIT (LENGTH_MEASURE( 1.000000000000000100E-005 ), #1699, 'distance_accuracy_value', 'NONE');
#4497 = CARTESIAN_POINT ( 'NONE',  ( 0.1369720118367250300, 0.1141763822436234200, -0.03925090141294559200 ) ) ;
#4498 = CARTESIAN_POINT ( 'NONE',  ( 0.03414382850163340300, -0.03415695108970997300, 0.02011697791584989700 ) ) ;
#4499 = PRESENTATION_STYLE_ASSIGNMENT (( #2306 ) ) ;
#4500 = DIMENSIONAL_EXPONENTS ( 1.000000000000000000, 0.0000000000000000000, 0.0000000000000000000, 0.0000000000000000000, 0.0000000000000000000, 0.0000000000000000000, 0.0000000000000000000 ) ;
#4501 = CARTESIAN_POINT ( 'NONE',  ( 0.1546492527092205000, 0.1162597155769567900, -0.008633022084150095500 ) ) ;
#4502 = DIRECTION ( 'NONE',  ( -1.000000000000000000, 0.0000000000000000000, 0.0000000000000000000 ) ) ;
#4503 = CARTESIAN_POINT ( 'NONE',  ( 0.04237106983758561600, -0.04782361775637664100, 0.06336697791584985900 ) ) ;
#4504 = ORIENTED_EDGE ( 'NONE', *, *, #1179, .F. ) ;
#4505 = CARTESIAN_POINT ( 'NONE',  ( 0.1192947709642295100, 0.1120930489102901500, -0.06986878074174100700 ) ) ;
#4506 = CARTESIAN_POINT ( 'NONE',  ( 0.1909402892192603500, 0.1355097155769566800, 0.01973596597335907900 ) ) ;
#4507 = DIMENSIONAL_EXPONENTS ( 1.000000000000000000, 0.0000000000000000000, 0.0000000000000000000, 0.0000000000000000000, 0.0000000000000000000, 0.0000000000000000000, 0.0000000000000000000 ) ;
#4508 = COLOUR_RGB ( '',0.8000000000000000400, 0.8039215686274510100, 0.8000000000000000400 ) ;
#4509 = ORIENTED_EDGE ( 'NONE', *, *, #2279, .F. ) ;
#4510 = CARTESIAN_POINT ( 'NONE',  ( 0.08394028921923851700, 0.1145097155769563100, -0.06613302208415015900 ) ) ;
#4511 = CARTESIAN_POINT ( 'NONE',  ( 0.08394028921923849000, 0.1100097155769567800, -0.06986878074174100700 ) ) ;
#4512 = SURFACE_SIDE_STYLE ('',( #4608 ) ) ;
#4513 = ORIENTED_EDGE ( 'NONE', *, *, #643, .F. ) ;
#4514 = ORIENTED_EDGE ( 'NONE', *, *, #2097, .F. ) ;
#4515 = COLOUR_RGB ( '',0.8000000000000000400, 0.8039215686274510100, 0.8000000000000000400 ) ;
#4516 = ORIENTED_EDGE ( 'NONE', *, *, #1136, .T. ) ;
#4517 = DIRECTION ( 'NONE',  ( -0.0000000000000000000, 1.000000000000000000, 0.0000000000000000000 ) ) ;
#4518 = CARTESIAN_POINT ( 'NONE',  ( 0.1369720118367250300, 0.1141763822436234200, -0.03925090141294559200 ) ) ;
#4519 = DIRECTION ( 'NONE',  ( -0.0000000000000000000, 0.0000000000000000000, -1.000000000000000000 ) ) ;
#4520 = COLOUR_RGB ( '',0.8000000000000000400, 0.8039215686274510100, 0.8000000000000000400 ) ;
#4521 = CARTESIAN_POINT ( 'NONE',  ( 0.04858580747424742100, 0.1079263822436234000, -0.06986878074174100700 ) ) ;
#4522 = ORIENTED_EDGE ( 'NONE', *, *, #1765, .T. ) ;
#4523 = COLOUR_RGB ( '',0.7921568627450980000, 0.8196078431372548800, 0.9333333333333333500 ) ;
#4524 = VECTOR ( 'NONE', #2895, 39.37007874015748100 ) ;
#4525 = VECTOR ( 'NONE', #265, 39.37007874015748100 ) ;
#4526 = ORIENTED_EDGE ( 'NONE', *, *, #828, .T. ) ;
#4527 = CARTESIAN_POINT ( 'NONE',  ( 0.08394028921923865600, -0.03949028442304328800, 0.04886697791584983900 ) ) ;
#4528 = DIMENSIONAL_EXPONENTS ( 1.000000000000000000, 0.0000000000000000000, 0.0000000000000000000, 0.0000000000000000000, 0.0000000000000000000, 0.0000000000000000000, 0.0000000000000000000 ) ;
#4529 = ORIENTED_EDGE ( 'NONE', *, *, #1251, .F. ) ;
#4530 = CARTESIAN_POINT ( 'NONE',  ( 0.1171379296976420000, 0.02117638224362318800, -0.06613302208415021400 ) ) ;
#4531 = DIRECTION ( 'NONE',  ( 1.000000000000000000, 0.0000000000000000000, 0.0000000000000000000 ) ) ;
#4532 = VERTEX_POINT ( 'NONE', #1669 ) ;
#4533 = ORIENTED_EDGE ( 'NONE', *, *, #1997, .F. ) ;
#4534 = CARTESIAN_POINT ( 'NONE',  ( 0.1192947709642295100, 0.1120930489102901200, -0.06986878074174100700 ) ) ;
#4535 = CARTESIAN_POINT ( 'NONE',  ( 0.2059402892192384600, 0.1205097155769567100, -0.1636330220841501200 ) ) ;
#4536 = LINE ( 'NONE', #3414, #4492 ) ;
#4537 = CARTESIAN_POINT ( 'NONE',  ( 0.03090856660175189700, 0.1058430489102900700, -0.03925090141294557800 ) ) ;
#4538 = CARTESIAN_POINT ( 'NONE',  ( -0.07005971078076161900, 0.1205097155769567100, -0.1636330220841501200 ) ) ;
#4539 = ORIENTED_EDGE ( 'NONE', *, *, #694, .F. ) ;
#4540 = CARTESIAN_POINT ( 'NONE',  ( 0.1171379296976421800, -0.04215695108970995300, 0.04886697791584979100 ) ) ;
#4541 = CARTESIAN_POINT ( 'NONE',  ( 0.05074264874083504000, 0.1118430489102896800, -0.06613302208415011700 ) ) ;
#4542 = DIRECTION ( 'NONE',  ( -1.000000000000000000, 0.0000000000000000000, 0.0000000000000000000 ) ) ;
#4543 = MECHANICAL_DESIGN_GEOMETRIC_PRESENTATION_REPRESENTATION (  '', ( #4777 ), #4293 ) ;
#4544 = CARTESIAN_POINT ( 'NONE',  ( 0.01323132572925638000, 0.1037597155769567500, -0.008633022084150173600 ) ) ;
#4545 = PRESENTATION_LAYER_ASSIGNMENT (  '', '', ( #3017 ) ) ;
#4546 = AXIS2_PLACEMENT_3D ( 'NONE', #1209, #4906, #4888 ) ;
#4547 =( BOUNDED_CURVE ( )  B_SPLINE_CURVE ( 2, ( #3120, #3343, #3046, #3031, #3016, #2999, #2956, #2943, #2928, #2909, #2896, #2864, #2857, #2842, #2827, #2808, #2789, #2779, #2772, #2753, #2745, #2723, #2703, #2668, #2654 ),
 .UNSPECIFIED., .F., .T. ) 
 B_SPLINE_CURVE_WITH_KNOTS ( ( 3, 2, 2, 2, 2, 2, 2, 2, 2, 2, 2, 2, 3 ),
 ( 0.0000000000000000000, 0.08333333333333332900, 0.1666666666666666600, 0.2500000000000000000, 0.3333333333333333100, 0.4166666666666666900, 0.5000000000000000000, 0.5833333333333333700, 0.6666666666666666300, 0.7500000000000000000, 0.8333333333333333700, 0.9166666666666666300, 1.000000000000000000 ),
 .UNSPECIFIED. ) 
 CURVE ( )  GEOMETRIC_REPRESENTATION_ITEM ( )  RATIONAL_B_SPLINE_CURVE ( ( 1.000000000000000000, 0.8660254037844387100, 1.000000000000000000, 0.8660254037844387100, 1.000000000000000000, 0.8660254037844387100, 1.000000000000000000, 0.8660254037844387100, 1.000000000000000000, 0.8660254037844387100, 1.000000000000000000, 0.8660254037844387100, 1.000000000000000000, 0.8660254037844387100, 1.000000000000000000, 0.8660254037844387100, 1.000000000000000000, 0.8660254037844387100, 1.000000000000000000, 0.8660254037844387100, 1.000000000000000000, 0.8660254037844387100, 1.000000000000000000, 0.8660254037844387100, 1.000000000000000000 ) ) 
 REPRESENTATION_ITEM ( '' )  );
#4548 = DIMENSIONAL_EXPONENTS ( 1.000000000000000000, 0.0000000000000000000, 0.0000000000000000000, 0.0000000000000000000, 0.0000000000000000000, 0.0000000000000000000, 0.0000000000000000000 ) ;
#4549 = CARTESIAN_POINT ( 'NONE',  ( 0.04858580747424742100, 0.1079263822436234000, -0.06986878074174100700 ) ) ;
#4550 =( NAMED_UNIT ( * ) SI_UNIT ( $, .STERADIAN. ) SOLID_ANGLE_UNIT ( ) );
#4551 = CARTESIAN_POINT ( 'NONE',  ( 0.08394028921923843400, 0.09750971557695677100, 0.05260273657344072300 ) ) ;
#4552 = LENGTH_MEASURE_WITH_UNIT ( LENGTH_MEASURE( 0.02539999999999999900 ), #3858 );
#4553 = DIRECTION ( 'NONE',  ( 1.000000000000000000, 0.0000000000000000000, 0.0000000000000000000 ) ) ;
#4554 =( NAMED_UNIT ( * ) PLANE_ANGLE_UNIT ( ) SI_UNIT ( $, .RADIAN. ) );
#4555 = SURFACE_SIDE_STYLE ('',( #522 ) ) ;
#4556 = CARTESIAN_POINT ( 'NONE',  ( -0.02305971078076154600, -0.07549028442304323000, -0.1636330220841501200 ) ) ;
#4557 = CARTESIAN_POINT ( 'NONE',  ( 0.03090856660175187900, 0.1016763822436234200, 0.02198485724464525900 ) ) ;
#4558 = SURFACE_STYLE_FILL_AREA ( #3247 ) ;
#4559 =( NAMED_UNIT ( * ) PLANE_ANGLE_UNIT ( ) SI_UNIT ( $, .RADIAN. ) );
#4560 = FACE_OUTER_BOUND ( 'NONE', #366, .T. ) ;
#4561 = ORIENTED_EDGE ( 'NONE', *, *, #1618, .F. ) ;
#4562 = CARTESIAN_POINT ( 'NONE',  ( 0.03090856660175189700, 0.1058430489102900700, -0.03925090141294557800 ) ) ;
#4563 =( CONVERSION_BASED_UNIT ( 'INCH', #4005 ) LENGTH_UNIT ( ) NAMED_UNIT ( #1952 ) );
#4564 = LENGTH_MEASURE_WITH_UNIT ( LENGTH_MEASURE( 0.02539999999999999900 ), #4035 );
#4565 =( NAMED_UNIT ( * ) SI_UNIT ( $, .STERADIAN. ) SOLID_ANGLE_UNIT ( ) );
#4566 = ORIENTED_EDGE ( 'NONE', *, *, #1548, .F. ) ;
#4567 =( NAMED_UNIT ( * ) PLANE_ANGLE_UNIT ( ) SI_UNIT ( $, .RADIAN. ) );
#4568 =( NAMED_UNIT ( * ) PLANE_ANGLE_UNIT ( ) SI_UNIT ( $, .RADIAN. ) );
#4569 = FACE_OUTER_BOUND ( 'NONE', #98, .T. ) ;
#4570 = CARTESIAN_POINT ( 'NONE',  ( 0.04858580747424740000, 0.09959304891029009700, 0.05260273657344073700 ) ) ;
#4571 = SURFACE_STYLE_FILL_AREA ( #627 ) ;
#4572 =( NAMED_UNIT ( * ) PLANE_ANGLE_UNIT ( ) SI_UNIT ( $, .RADIAN. ) );
#4573 = VERTEX_POINT ( 'NONE', #2228 ) ;
#4574 = AXIS2_PLACEMENT_3D ( 'NONE', #3240, #3356, #3169 ) ;
#4575 = ORIENTED_EDGE ( 'NONE', *, *, #1002, .F. ) ;
#4576 = ORIENTED_EDGE ( 'NONE', *, *, #1457, .T. ) ;
#4577 = VERTEX_POINT ( 'NONE', #3470 ) ;
#4578 = DIRECTION ( 'NONE',  ( 0.0000000000000000000, 0.0000000000000000000, 1.000000000000000000 ) ) ;
#4579 = CARTESIAN_POINT ( 'NONE',  ( 0.01323132572925637800, 0.1037597155769567500, -0.008633022084150173600 ) ) ;
#4580 =( LENGTH_UNIT ( ) NAMED_UNIT ( * ) SI_UNIT ( $, .METRE. ) );
#4581 = CARTESIAN_POINT ( 'NONE',  ( 0.07234560439805184900, -0.06723408380111893500, -0.08063302208415015800 ) ) ;
#4582 = PRESENTATION_STYLE_ASSIGNMENT (( #3117 ) ) ;
#4583 =( CONVERSION_BASED_UNIT ( 'INCH', #4401 ) LENGTH_UNIT ( ) NAMED_UNIT ( #2686 ) );
#4584 = ORIENTED_EDGE ( 'NONE', *, *, #2086, .T. ) ;
#4585 = ORIENTED_EDGE ( 'NONE', *, *, #2210, .F. ) ;
#4586 = SURFACE_STYLE_USAGE ( .BOTH. , #4596 ) ;
#4587 =( CONVERSION_BASED_UNIT ( 'INCH', #2936 ) LENGTH_UNIT ( ) NAMED_UNIT ( #4507 ) );
#4588 = CARTESIAN_POINT ( 'NONE',  ( -0.02374496934912841100, 0.2333825455615081700, 0.01286697791584985400 ) ) ;
#4589 =( LENGTH_UNIT ( ) NAMED_UNIT ( * ) SI_UNIT ( $, .METRE. ) );
#4590 = DIRECTION ( 'NONE',  ( 0.0000000000000000000, 1.000000000000000000, 0.0000000000000000000 ) ) ;
#4591 = VERTEX_POINT ( 'NONE', #699 ) ;
#4592 = LINE ( 'NONE', #3480, #223 ) ;
#4593 =( LENGTH_UNIT ( ) NAMED_UNIT ( * ) SI_UNIT ( $, .METRE. ) );
#4594 = CIRCLE ( 'NONE', #1142, 0.07802134273295985300 ) ;
#4595 = CARTESIAN_POINT ( 'NONE',  ( 0.03090856660175187900, 0.1016763822436234200, 0.02198485724464525900 ) ) ;
#4596 = SURFACE_SIDE_STYLE ('',( #1191 ) ) ;
#4597 = DIRECTION ( 'NONE',  ( -8.901224656559795000E-014, -0.6043864813742319000, 0.7966912709023962200 ) ) ;
#4598 = SURFACE_STYLE_USAGE ( .BOTH. , #4611 ) ;
#4599 = PLANE ( 'NONE',  #1432 ) ;
#4600 = CARTESIAN_POINT ( 'NONE',  ( 0.04858580747424740000, 0.09959304891029009700, 0.05260273657344073000 ) ) ;
#4601 = DIRECTION ( 'NONE',  ( -1.000000000000000000, 0.0000000000000000000, 0.0000000000000000000 ) ) ;
#4602 = AXIS2_PLACEMENT_3D ( 'NONE', #360, #351, #336 ) ;
#4603 = CARTESIAN_POINT ( 'NONE',  ( 0.06133708857155725100, -0.06807509368580706700, -0.07699306392498475600 ) ) ;
#4604 = SURFACE_STYLE_USAGE ( .BOTH. , #4646 ) ;
#4605 = UNCERTAINTY_MEASURE_WITH_UNIT (LENGTH_MEASURE( 1.000000000000000100E-005 ), #3573, 'distance_accuracy_value', 'NONE');
#4606 = ORIENTED_EDGE ( 'NONE', *, *, #2160, .T. ) ;
#4607 = PRESENTATION_LAYER_ASSIGNMENT (  '', '', ( #3767 ) ) ;
#4608 = SURFACE_STYLE_FILL_AREA ( #4885 ) ;
#4609 = COLOUR_RGB ( '',0.9882352941176471000, 1.000000000000000000, 0.9882352941176471000 ) ;
#4610 = ORIENTED_EDGE ( 'NONE', *, *, #978, .F. ) ;
#4611 = SURFACE_SIDE_STYLE ('',( #4794 ) ) ;
#4612 = LENGTH_MEASURE_WITH_UNIT ( LENGTH_MEASURE( 0.02539999999999999900 ), #3077 );
#4613 = DIMENSIONAL_EXPONENTS ( 1.000000000000000000, 0.0000000000000000000, 0.0000000000000000000, 0.0000000000000000000, 0.0000000000000000000, 0.0000000000000000000, 0.0000000000000000000 ) ;
#4614 = ORIENTED_EDGE ( 'NONE', *, *, #2110, .T. ) ;
#4615 = DIMENSIONAL_EXPONENTS ( 1.000000000000000000, 0.0000000000000000000, 0.0000000000000000000, 0.0000000000000000000, 0.0000000000000000000, 0.0000000000000000000, 0.0000000000000000000 ) ;
#4616 = CARTESIAN_POINT ( 'NONE',  ( -0.05093848898613820300, 0.2226714166775719000, 0.01286697791584984000 ) ) ;
#4617 =( NAMED_UNIT ( * ) SI_UNIT ( $, .STERADIAN. ) SOLID_ANGLE_UNIT ( ) );
#4618 = ORIENTED_EDGE ( 'NONE', *, *, #928, .F. ) ;
#4619 = SURFACE_STYLE_USAGE ( .BOTH. , #3448 ) ;
#4620 =( NAMED_UNIT ( * ) SI_UNIT ( $, .STERADIAN. ) SOLID_ANGLE_UNIT ( ) );
#4621 = CARTESIAN_POINT ( 'NONE',  ( 0.08394028921923223100, 0.1845097155769568100, 0.04886697791584983900 ) ) ;
#4622 = VERTEX_POINT ( 'NONE', #2251 ) ;
#4623 = FILL_AREA_STYLE ('',( #4771 ) ) ;
#4624 = MECHANICAL_DESIGN_GEOMETRIC_PRESENTATION_REPRESENTATION (  '', ( #3767 ), #3982 ) ;
#4625 = UNCERTAINTY_MEASURE_WITH_UNIT (LENGTH_MEASURE( 1.000000000000000100E-005 ), #1561, 'distance_accuracy_value', 'NONE');
#4626 = MECHANICAL_DESIGN_GEOMETRIC_PRESENTATION_REPRESENTATION (  '', ( #4378 ), #772 ) ;
#4627 = ORIENTED_EDGE ( 'NONE', *, *, #1179, .T. ) ;
#4628 =( NAMED_UNIT ( * ) PLANE_ANGLE_UNIT ( ) SI_UNIT ( $, .RADIAN. ) );
#4629 = PRESENTATION_STYLE_ASSIGNMENT (( #550 ) ) ;
#4630 = CARTESIAN_POINT ( 'NONE',  ( 0.08394028921923223100, 0.1625097155769568100, 0.04886697791584983900 ) ) ;
#4631 = CARTESIAN_POINT ( 'NONE',  ( 0.1909402892192603500, 0.1355097155769566800, 0.01973596597335907900 ) ) ;
#4632 = LINE ( 'NONE', #344, #2620 ) ;
#4633 = ORIENTED_EDGE ( 'NONE', *, *, #1813, .F. ) ;
#4634 = AXIS2_PLACEMENT_3D ( 'NONE', #153, #140, #133 ) ;
#4635 = LINE ( 'NONE', #327, #1871 ) ;
#4636 = ORIENTED_EDGE ( 'NONE', *, *, #1109, .T. ) ;
#4637 = B_SPLINE_CURVE_WITH_KNOTS ( 'NONE', 3,
 ( #2039, #2027, #2020, #1977, #1968, #1964 ),
 .UNSPECIFIED., .F., .F.,
 ( 4, 2, 4 ),
 ( 0.05852918469349366300, 0.05963950730931259800, 0.06074982992513153200 ),
 .UNSPECIFIED. ) ;
#4638 =( CONVERSION_BASED_UNIT ( 'INCH', #1912 ) LENGTH_UNIT ( ) NAMED_UNIT ( #4048 ) );
#4639 = ORIENTED_EDGE ( 'NONE', *, *, #2568, .T. ) ;
#4640 =( LENGTH_UNIT ( ) NAMED_UNIT ( * ) SI_UNIT ( $, .METRE. ) );
#4641 = ORIENTED_EDGE ( 'NONE', *, *, #2037, .F. ) ;
#4642 =( CONVERSION_BASED_UNIT ( 'INCH', #2378 ) LENGTH_UNIT ( ) NAMED_UNIT ( #1467 ) );
#4643 = SURFACE_STYLE_USAGE ( .BOTH. , #4653 ) ;
#4644 = DIRECTION ( 'NONE',  ( 0.0000000000000000000, -0.0000000000000000000, -1.000000000000000000 ) ) ;
#4645 = VERTEX_POINT ( 'NONE', #2901 ) ;
#4646 = SURFACE_SIDE_STYLE ('',( #832 ) ) ;
#4647 = LENGTH_MEASURE_WITH_UNIT ( LENGTH_MEASURE( 0.02539999999999999900 ), #3310 );
#4648 =( NAMED_UNIT ( * ) SI_UNIT ( $, .STERADIAN. ) SOLID_ANGLE_UNIT ( ) );
#4649 = DIMENSIONAL_EXPONENTS ( 1.000000000000000000, 0.0000000000000000000, 0.0000000000000000000, 0.0000000000000000000, 0.0000000000000000000, 0.0000000000000000000, 0.0000000000000000000 ) ;
#4650 = VERTEX_POINT ( 'NONE', #1905 ) ;
#4651 = DIRECTION ( 'NONE',  ( 0.0000000000000000000, -1.000000000000000000, 0.0000000000000000000 ) ) ;
#4652 = DIRECTION ( 'NONE',  ( -0.0000000000000000000, 1.000000000000000000, -0.0000000000000000000 ) ) ;
#4653 = SURFACE_SIDE_STYLE ('',( #2597 ) ) ;
#4654 = ORIENTED_EDGE ( 'NONE', *, *, #587, .F. ) ;
#4655 = DIMENSIONAL_EXPONENTS ( 1.000000000000000000, 0.0000000000000000000, 0.0000000000000000000, 0.0000000000000000000, 0.0000000000000000000, 0.0000000000000000000, 0.0000000000000000000 ) ;
#4656 =( LENGTH_UNIT ( ) NAMED_UNIT ( * ) SI_UNIT ( $, .METRE. ) );
#4657 = FILL_AREA_STYLE ('',( #4680 ) ) ;
#4658 = UNCERTAINTY_MEASURE_WITH_UNIT (LENGTH_MEASURE( 1.000000000000000100E-005 ), #403, 'distance_accuracy_value', 'NONE');
#4660 = VECTOR ( 'NONE', #1134, 39.37007874015748100 ) ;
#4659 = CARTESIAN_POINT ( 'NONE',  ( 0.2439402892192384400, -0.07549028442304323000, 0.1197921747662435300 ) ) ;
#4661 = DIRECTION ( 'NONE',  ( 0.0000000000000000000, -1.000000000000000000, 0.0000000000000000000 ) ) ;
#4662 = CARTESIAN_POINT ( 'NONE',  ( -0.02305971078076154600, 0.1355097155769566800, 0.1463669779158498500 ) ) ;
#4663 = ORIENTED_EDGE ( 'NONE', *, *, #971, .T. ) ;
#4664 = CARTESIAN_POINT ( 'NONE',  ( -0.05096681052227258800, 0.2223222413288309900, 0.01286697791584984000 ) ) ;
#4665 = CARTESIAN_POINT ( 'NONE',  ( 0.03414382850163333300, 0.1091763822436230000, -0.03738302208415009800 ) ) ;
#4666 = CARTESIAN_POINT ( 'NONE',  ( 0.2379402892192384900, 0.1205097155769567100, 0.05979217476624348900 ) ) ;
#4667 = SURFACE_STYLE_FILL_AREA ( #4873 ) ;
#4668 = VERTEX_POINT ( 'NONE', #4856 ) ;
#4669 = ORIENTED_EDGE ( 'NONE', *, *, #2521, .F. ) ;
#4670 = SURFACE_STYLE_USAGE ( .BOTH. , #4717 ) ;
#4671 = FILL_AREA_STYLE_COLOUR ( '', #1249 ) ;
#4672 = FACE_OUTER_BOUND ( 'NONE', #4859, .T. ) ;
#4673 = CARTESIAN_POINT ( 'NONE',  ( 0.08394028921923865600, -0.05049028442304329100, 0.06336697791584983100 ) ) ;
#4674 = DIRECTION ( 'NONE',  ( -2.449212707644754500E-016, 1.000000000000000000, 0.0000000000000000000 ) ) ;
#4675 =( NAMED_UNIT ( * ) SI_UNIT ( $, .STERADIAN. ) SOLID_ANGLE_UNIT ( ) );
#4676 = FILL_AREA_STYLE ('',( #4706 ) ) ;
#4677 = CARTESIAN_POINT ( 'NONE',  ( 0.01754500826243164000, 0.1065097155769563600, -0.008633022084150085100 ) ) ;
#4678 = LENGTH_MEASURE_WITH_UNIT ( LENGTH_MEASURE( 0.02539999999999999900 ), #2876 );
#4679 = ORIENTED_EDGE ( 'NONE', *, *, #2186, .F. ) ;
#4680 = FILL_AREA_STYLE_COLOUR ( '', #1176 ) ;
#4681 = VERTEX_POINT ( 'NONE', #2647 ) ;
#4682 = CARTESIAN_POINT ( 'NONE',  ( 0.2379402892192384900, -0.2424902844230432100, -0.1370582189345438100 ) ) ;
#4683 =( NAMED_UNIT ( * ) PLANE_ANGLE_UNIT ( ) SI_UNIT ( $, .RADIAN. ) );
#4684 = VECTOR ( 'NONE', #2466, 39.37007874015748100 ) ;
#4685 = LENGTH_MEASURE_WITH_UNIT ( LENGTH_MEASURE( 0.02539999999999999900 ), #1452 );
#4686 = VERTEX_POINT ( 'NONE', #4860 ) ;
#4687 = B_SPLINE_CURVE_WITH_KNOTS ( 'NONE', 3,
 ( #1515, #1530, #1496, #3177, #1481, #1461 ),
 .UNSPECIFIED., .F., .F.,
 ( 4, 2, 4 ),
 ( 0.001192502276692680300, 0.001776704706261768500, 0.002360907135830856700 ),
 .UNSPECIFIED. ) ;
#4688 = CARTESIAN_POINT ( 'NONE',  ( 0.2059402892192384600, 0.1205097155769567100, -0.1636330220841501200 ) ) ;
#4689 = ORIENTED_EDGE ( 'NONE', *, *, #2355, .T. ) ;
#4690 = FILL_AREA_STYLE ('',( #4212 ) ) ;
#4691 = VECTOR ( 'NONE', #3451, 39.37007874015748100 ) ;
#4692 = DIRECTION ( 'NONE',  ( 0.0000000000000000000, -1.000000000000000000, 1.707404996040165000E-016 ) ) ;
#4693 = ORIENTED_EDGE ( 'NONE', *, *, #783, .F. ) ;
#4694 =( CONVERSION_BASED_UNIT ( 'INCH', #534 ) LENGTH_UNIT ( ) NAMED_UNIT ( #256 ) );
#4695 = EDGE_LOOP ( 'NONE', ( #3558 ) ) ;
#4697 =( GEOMETRIC_REPRESENTATION_CONTEXT ( 3 ) GLOBAL_UNCERTAINTY_ASSIGNED_CONTEXT ( ( #4658 ) ) GLOBAL_UNIT_ASSIGNED_CONTEXT ( ( #403, #395, #382 ) ) REPRESENTATION_CONTEXT ( 'NONE', 'WORKASPACE' ) );
#4696 = CARTESIAN_POINT ( 'NONE',  ( 0.03414382850163340300, 0.1038430489102896800, 0.02011697791584989700 ) ) ;
#4698 = EDGE_LOOP ( 'NONE', ( #3880, #4083, #1250, #3792, #2627 ) ) ;
#4699 =( CONVERSION_BASED_UNIT ( 'INCH', #3788 ) LENGTH_UNIT ( ) NAMED_UNIT ( #2859 ) );
#4700 = ORIENTED_EDGE ( 'NONE', *, *, #1309, .T. ) ;
#4701 = CARTESIAN_POINT ( 'NONE',  ( 0.006940289219238612200, 0.1885097155769567500, -0.03013302208415016800 ) ) ;
#4702 =( NAMED_UNIT ( * ) PLANE_ANGLE_UNIT ( ) SI_UNIT ( $, .RADIAN. ) );
#4703 = LINE ( 'NONE', #3595, #4310 ) ;
#4704 =( LENGTH_UNIT ( ) NAMED_UNIT ( * ) SI_UNIT ( $, .METRE. ) );
#4705 = ADVANCED_FACE ( 'NONE', ( #4569 ), #4165, .F. ) ;
#4706 = FILL_AREA_STYLE_COLOUR ( '', #2064 ) ;
#4707 = ADVANCED_FACE ( 'NONE', ( #3901 ), #1330, .F. ) ;
#4708 = CARTESIAN_POINT ( 'NONE',  ( 0.05074264874083517900, 0.1011763822436230200, 0.04886697791584988100 ) ) ;
#4709 = LINE ( 'NONE', #3275, #4424 ) ;
#4710 = CARTESIAN_POINT ( 'NONE',  ( 0.08394028921923857300, 0.2460724400868460300, -0.008633022084150159700 ) ) ;
#4711 = PRESENTATION_LAYER_ASSIGNMENT (  '', '', ( #4787 ) ) ;
#4712 = ORIENTED_EDGE ( 'NONE', *, *, #1648, .F. ) ;
#4713 = SURFACE_STYLE_USAGE ( .BOTH. , #4722 ) ;
#4714 = DIMENSIONAL_EXPONENTS ( 1.000000000000000000, 0.0000000000000000000, 0.0000000000000000000, 0.0000000000000000000, 0.0000000000000000000, 0.0000000000000000000, 0.0000000000000000000 ) ;
#4715 = CARTESIAN_POINT ( 'NONE',  ( 0.2379402892192384900, -0.04249028442304322900, 0.05979217476624352400 ) ) ;
#4716 = B_SPLINE_CURVE_WITH_KNOTS ( 'NONE', 3,
 ( #2547, #2575, #2520, #1607, #2512, #2507 ),
 .UNSPECIFIED., .F., .F.,
 ( 4, 2, 4 ),
 ( 0.05633599896558625500, 0.05745036419883808900, 0.05856472943208992200 ),
 .UNSPECIFIED. ) ;
#4717 = SURFACE_SIDE_STYLE ('',( #1984 ) ) ;
#4718 = DIRECTION ( 'NONE',  ( 2.307304048702925600E-016, 0.0000000000000000000, 1.000000000000000000 ) ) ;
#4719 = EDGE_LOOP ( 'NONE', ( #2836, #1247, #4654, #3345 ) ) ;
#4720 = CARTESIAN_POINT ( 'NONE',  ( 0.1670787279825446900, -0.02649028442304335000, -0.008633022084150246400 ) ) ;
#4721 = AXIS2_PLACEMENT_3D ( 'NONE', #987, #1125, #849 ) ;
#4722 = SURFACE_SIDE_STYLE ('',( #773 ) ) ;
#4723 = DIRECTION ( 'NONE',  ( 1.000000000000000000, 0.0000000000000000000, 0.0000000000000000000 ) ) ;
#4724 = CARTESIAN_POINT ( 'NONE',  ( 0.08394028921923865600, 0.09850971557695636900, 0.04886697791584983900 ) ) ;
#4725 = DIRECTION ( 'NONE',  ( 0.0000000000000000000, 0.0000000000000000000, 1.000000000000000000 ) ) ;
#4726 = FILL_AREA_STYLE ('',( #4774 ) ) ;
#4727 = CYLINDRICAL_SURFACE ( 'NONE', #437, 0.02999999999999998800 ) ;
#4728 = CARTESIAN_POINT ( 'NONE',  ( 0.08394028921923843400, 0.08924547423454733100, 0.06036697791584985700 ) ) ;
#4729 = ORIENTED_EDGE ( 'NONE', *, *, #1997, .T. ) ;
#4730 = FILL_AREA_STYLE ('',( #3703 ) ) ;
#4731 = DIRECTION ( 'NONE',  ( -1.000000000000000000, 0.0000000000000000000, 2.307304048702925600E-016 ) ) ;
#4732 = ORIENTED_EDGE ( 'NONE', *, *, #2131, .F. ) ;
#4733 = CARTESIAN_POINT ( 'NONE',  ( 0.08394028921923865600, -0.08249028442304320900, 0.06336697791584983100 ) ) ;
#4734 = CARTESIAN_POINT ( 'NONE',  ( 0.2059402892192384900, -0.07549028442304323000, 0.1463669779158498500 ) ) ;
#4735 = DIRECTION ( 'NONE',  ( 0.0000000000000000000, 0.0000000000000000000, 1.000000000000000000 ) ) ;
#4736 = COLOUR_RGB ( '',0.8000000000000000400, 0.8039215686274510100, 0.8000000000000000400 ) ;
#4737 = VECTOR ( 'NONE', #2953, 39.37007874015748100 ) ;
#4738 = ORIENTED_EDGE ( 'NONE', *, *, #1940, .F. ) ;
#4739 = CARTESIAN_POINT ( 'NONE',  ( -0.03805971078076162600, 0.1205097155769567100, 0.1463669779158498500 ) ) ;
#4740 = SURFACE_STYLE_FILL_AREA ( #1555 ) ;
#4741 = VERTEX_POINT ( 'NONE', #2550 ) ;
#4742 = UNCERTAINTY_MEASURE_WITH_UNIT (LENGTH_MEASURE( 1.000000000000000100E-005 ), #1729, 'distance_accuracy_value', 'NONE');
#4743 = SURFACE_STYLE_FILL_AREA ( #1355 ) ;
#4744 = CARTESIAN_POINT ( 'NONE',  ( 0.1619616319521982900, 0.1675097155769567100, -0.008633022084150142300 ) ) ;
#4745 = EDGE_LOOP ( 'NONE', ( #2677, #2320, #571, #2690, #1986 ) ) ;
#4746 = PLANE ( 'NONE',  #4295 ) ;
#4747 = CARTESIAN_POINT ( 'NONE',  ( -0.02305971078076154600, -0.07549028442304323000, 0.1463669779158498500 ) ) ;
#4748 = CIRCLE ( 'NONE', #4177, 0.01500000000000004500 ) ;
#4749 = ORIENTED_EDGE ( 'NONE', *, *, #2308, .T. ) ;
#4750 = AXIS2_PLACEMENT_3D ( 'NONE', #631, #624, #621 ) ;
#4751 = FILL_AREA_STYLE_COLOUR ( '', #3467 ) ;
#4752 = CARTESIAN_POINT ( 'NONE',  ( 0.06244028921923864400, 0.1885097155769567500, 0.06836697791584983600 ) ) ;
#4753 = DIRECTION ( 'NONE',  ( 1.000000000000000000, 0.0000000000000000000, -0.0000000000000000000 ) ) ;
#4754 = CARTESIAN_POINT ( 'NONE',  ( -0.02305971078076154600, 0.1205097155769567100, 0.1463669779158498500 ) ) ;
#4755 = ADVANCED_FACE ( 'NONE', ( #3669 ), #3383, .T. ) ;
#4756 = EDGE_LOOP ( 'NONE', ( #2829, #818, #1557, #3807, #1757, #2496 ) ) ;
#4757 = VECTOR ( 'NONE', #3546, 39.37007874015748100 ) ;
#4758 = ADVANCED_FACE ( 'NONE', ( #3439, #3378 ), #3155, .T. ) ;
#4759 = DIMENSIONAL_EXPONENTS ( 1.000000000000000000, 0.0000000000000000000, 0.0000000000000000000, 0.0000000000000000000, 0.0000000000000000000, 0.0000000000000000000, 0.0000000000000000000 ) ;
#4760 = DIRECTION ( 'NONE',  ( 0.0000000000000000000, 1.000000000000000000, -1.707404996040165000E-016 ) ) ;
#4761 = VERTEX_POINT ( 'NONE', #4792 ) ;
#4762 = DIRECTION ( 'NONE',  ( 8.901224656559795000E-014, -0.6043864813742316800, -0.7966912709023962200 ) ) ;
#4763 = LINE ( 'NONE', #3534, #3972 ) ;
#4764 =( NAMED_UNIT ( * ) SI_UNIT ( $, .STERADIAN. ) SOLID_ANGLE_UNIT ( ) );
#4765 = CARTESIAN_POINT ( 'NONE',  ( 0.2249402892192385000, 0.1675097155769567900, -0.008633022084150159700 ) ) ;
#4766 = CARTESIAN_POINT ( 'NONE',  ( 0.1503355701760455700, -0.04749028442304327500, -0.008633022084150241200 ) ) ;
#4767 = LINE ( 'NONE', #4621, #291 ) ;
#4768 = DIRECTION ( 'NONE',  ( 1.000000000000000000, -0.0000000000000000000, -3.076405398270564500E-016 ) ) ;
#4769 = DIRECTION ( 'NONE',  ( 0.0000000000000000000, -1.707404996040165000E-016, -1.000000000000000000 ) ) ;
#4770 = CARTESIAN_POINT ( 'NONE',  ( -0.05088184525507222900, 0.2233697673216185100, -0.03013302208415016100 ) ) ;
#4771 = FILL_AREA_STYLE_COLOUR ( '', #391 ) ;
#4772 = CARTESIAN_POINT ( 'NONE',  ( 0.1337367499368437600, -0.05015695108970993900, -0.03738302208415023700 ) ) ;
#4773 = CARTESIAN_POINT ( 'NONE',  ( 0.2059402892192384900, -0.2424902844230432100, 0.08979217476624358500 ) ) ;
#4774 = FILL_AREA_STYLE_COLOUR ( '', #662 ) ;
#4775 = SURFACE_SIDE_STYLE ('',( #3892 ) ) ;
#4776 = ADVANCED_FACE ( 'NONE', ( #3147 ), #3035, .T. ) ;
#4777 = STYLED_ITEM ( 'NONE', ( #2614 ), #2092 ) ;
#4778 = UNCERTAINTY_MEASURE_WITH_UNIT (LENGTH_MEASURE( 1.000000000000000100E-005 ), #2964, 'distance_accuracy_value', 'NONE');
#4779 = VECTOR ( 'NONE', #163, 39.37007874015748100 ) ;
#4780 = ADVANCED_FACE ( 'NONE', ( #3022 ), #591, .F. ) ;
#4781 = VERTEX_POINT ( 'NONE', #4331 ) ;
#4782 =( NAMED_UNIT ( * ) PLANE_ANGLE_UNIT ( ) SI_UNIT ( $, .RADIAN. ) );
#4783 = CARTESIAN_POINT ( 'NONE',  ( 0.08394028921923843400, 0.09750971557695677100, 0.05260273657344072300 ) ) ;
#4784 =( NAMED_UNIT ( * ) SI_UNIT ( $, .STERADIAN. ) SOLID_ANGLE_UNIT ( ) );
#4785 = LENGTH_MEASURE_WITH_UNIT ( LENGTH_MEASURE( 0.02539999999999999900 ), #1356 );
#4786 = CARTESIAN_POINT ( 'NONE',  ( 0.2439402892192384400, -0.04249028442304322900, 0.05979217476624352400 ) ) ;
#4787 = STYLED_ITEM ( 'NONE', ( #886 ), #1855 ) ;
#4788 = CARTESIAN_POINT ( 'NONE',  ( 0.08394028921923865600, -0.08249028442304320900, -0.008633022084150159700 ) ) ;
#4789 = CARTESIAN_POINT ( 'NONE',  ( 0.1171379296976420000, -0.05282361775637659000, -0.06613302208415021400 ) ) ;
#4790 =( CONVERSION_BASED_UNIT ( 'INCH', #3106 ) LENGTH_UNIT ( ) NAMED_UNIT ( #4649 ) );
#4791 = LENGTH_MEASURE_WITH_UNIT ( LENGTH_MEASURE( 0.02539999999999999900 ), #2645 );
#4792 = CARTESIAN_POINT ( 'NONE',  ( 0.2059402892192384900, -0.2424902844230432100, -0.1370582189345438100 ) ) ;
#4793 = CARTESIAN_POINT ( 'NONE',  ( 0.1157463607266877200, 0.1815097155769577500, 0.03926920975595334100 ) ) ;
#4794 = SURFACE_STYLE_FILL_AREA ( #4623 ) ;
#4795 = CARTESIAN_POINT ( 'NONE',  ( 0.1609402892192387000, 0.1885097155769567500, 0.01286697791584983200 ) ) ;
#4796 =( NAMED_UNIT ( * ) PLANE_ANGLE_UNIT ( ) SI_UNIT ( $, .RADIAN. ) );
#4797 = CARTESIAN_POINT ( 'NONE',  ( 0.08394028921923865600, 0.2165097155769561400, 0.04886697791584983900 ) ) ;
#4798 =( NAMED_UNIT ( * ) SI_UNIT ( $, .STERADIAN. ) SOLID_ANGLE_UNIT ( ) );
#4799 = VECTOR ( 'NONE', #146, 39.37007874015748100 ) ;
#4800 = CARTESIAN_POINT ( 'NONE',  ( 0.1269890835300638800, 0.1802604217612176800, 0.03180427896491855300 ) ) ;
#4801 = VERTEX_POINT ( 'NONE', #4380 ) ;
#4802 = DIRECTION ( 'NONE',  ( 1.000000000000000000, 0.0000000000000000000, 0.0000000000000000000 ) ) ;
#4803 = CARTESIAN_POINT ( 'NONE',  ( 0.1394880222287207300, -0.06811234090028134300, 0.006222931520626904600 ) ) ;
#4804 = VERTEX_POINT ( 'NONE', #956 ) ;
#4805 = CARTESIAN_POINT ( 'NONE',  ( 0.08394028921923851700, -0.05549028442304325400, -0.06613302208415015900 ) ) ;
#4806 = UNCERTAINTY_MEASURE_WITH_UNIT (LENGTH_MEASURE( 1.000000000000000100E-005 ), #1236, 'distance_accuracy_value', 'NONE');
#4807 = DIMENSIONAL_EXPONENTS ( 1.000000000000000000, 0.0000000000000000000, 0.0000000000000000000, 0.0000000000000000000, 0.0000000000000000000, 0.0000000000000000000, 0.0000000000000000000 ) ;
#4808 = ORIENTED_EDGE ( 'NONE', *, *, #948, .F. ) ;
#4809 = CARTESIAN_POINT ( 'NONE',  ( 0.1171379296976421800, 0.09584304891028967700, 0.04886697791584979100 ) ) ;
#4810 =( NAMED_UNIT ( * ) PLANE_ANGLE_UNIT ( ) SI_UNIT ( $, .RADIAN. ) );
#4811 = CARTESIAN_POINT ( 'NONE',  ( 0.1337367499368440600, 0.1791763822436228900, 0.02011697791584940100 ) ) ;
#4812 = EDGE_LOOP ( 'NONE', ( #3391, #4618, #931, #1858 ) ) ;
#4813 = CARTESIAN_POINT ( 'NONE',  ( 0.1503355701760455400, 0.1765097155769562200, -0.008633022084150473700 ) ) ;
#4814 = COLOUR_RGB ( '',0.9882352941176471000, 1.000000000000000000, 0.9882352941176471000 ) ;
#4815 = AXIS2_PLACEMENT_3D ( 'NONE', #3190, #3157, #3149 ) ;
#4816 = EDGE_LOOP ( 'NONE', ( #4352, #3415, #4749, #2398, #3295, #3830, #3636, #1332, #2394, #2067, #3613, #4738 ) ) ;
#4817 = CARTESIAN_POINT ( 'NONE',  ( 0.1054402892192386600, 0.2460724400868460300, 0.04200168356263221700 ) ) ;
#4818 = CARTESIAN_POINT ( 'NONE',  ( 0.1255095086008917400, -0.05315695108970994900, 0.06336697791584976200 ) ) ;
#4819 = CARTESIAN_POINT ( 'NONE',  ( 0.1337367499368435900, 0.1738430489102895900, -0.03738302208415054300 ) ) ;
#4820 = DIRECTION ( 'NONE',  ( 0.0000000000000000000, 0.0000000000000000000, 1.000000000000000000 ) ) ;
#4821 =( LENGTH_UNIT ( ) NAMED_UNIT ( * ) SI_UNIT ( $, .METRE. ) );
#4822 = CARTESIAN_POINT ( 'NONE',  ( 0.03330558357245615900, 0.2460724400868460300, -0.03013302208415017200 ) ) ;
#4823 = CARTESIAN_POINT ( 'NONE',  ( 0.1337367499368438700, 0.09317638224362305400, 0.02011697791584974800 ) ) ;
#4824 = DIRECTION ( 'NONE',  ( 0.0000000000000000000, 1.000000000000000000, 0.0000000000000000000 ) ) ;
#4825 = CARTESIAN_POINT ( 'NONE',  ( 0.1171379296976418800, 0.1711763822436229400, -0.06613302208415027000 ) ) ;
#4826 = LINE ( 'NONE', #3502, #3537 ) ;
#4827 = CARTESIAN_POINT ( 'NONE',  ( 0.08394028921923822600, 0.1685097155769562400, -0.06613302208415015900 ) ) ;
#4828 = CARTESIAN_POINT ( 'NONE',  ( 0.1054402892192386600, 0.2454320690356619500, 0.04642854851588524400 ) ) ;
#4829 =( CONVERSION_BASED_UNIT ( 'INCH', #1415 ) LENGTH_UNIT ( ) NAMED_UNIT ( #3874 ) );
#4830 = CARTESIAN_POINT ( 'NONE',  ( 0.1462941182917182300, -0.05582361775637661300, 0.02736697791584973400 ) ) ;
#4831 = CARTESIAN_POINT ( 'NONE',  ( 0.05074264874083457600, 0.1658430489102895900, -0.06613302208414984000 ) ) ;
#4832 = CARTESIAN_POINT ( 'NONE',  ( 0.1909402892192384200, 0.1205097155769567100, -0.1636330220841501200 ) ) ;
#4833 = CARTESIAN_POINT ( 'NONE',  ( -0.07005971078076161900, -0.07549028442304323000, 0.1197921747662435300 ) ) ;
#4834 = CARTESIAN_POINT ( 'NONE',  ( 0.05074264874083504000, -0.05815695108970992500, -0.06613302208415011700 ) ) ;
#4835 = AXIS2_PLACEMENT_3D ( 'NONE', #1282, #1273, #1267 ) ;
#4836 = CARTESIAN_POINT ( 'NONE',  ( 0.1503355701760455700, 0.09050971557695639000, -0.008633022084150241200 ) ) ;
#4837 = CARTESIAN_POINT ( 'NONE',  ( 0.03414382850163321500, 0.1631763822436229400, -0.03738302208414989700 ) ) ;
#4838 = LENGTH_MEASURE_WITH_UNIT ( LENGTH_MEASURE( 0.02539999999999999900 ), #3723 );
#4839 = PRESENTATION_LAYER_ASSIGNMENT (  '', '', ( #4846 ) ) ;
#4840 = CARTESIAN_POINT ( 'NONE',  ( 0.01754500826243164000, 0.1605097155769563100, -0.008633022084149616700 ) ) ;
#4841 = AXIS2_PLACEMENT_3D ( 'NONE', #3751, #3634, #3615 ) ;
#4842 = SURFACE_STYLE_FILL_AREA ( #2923 ) ;
#4843 = COLOUR_RGB ( '',0.9882352941176471000, 1.000000000000000000, 0.9882352941176471000 ) ;
#4844 = CARTESIAN_POINT ( 'NONE',  ( 0.1054402892192386500, 0.2447113752813951700, 0.05083544871242097500 ) ) ;
#4845 = CARTESIAN_POINT ( 'NONE',  ( 0.04237106983758561600, -0.07982361775637657200, 0.06336697791584985900 ) ) ;
#4846 = STYLED_ITEM ( 'NONE', ( #580 ), #1751 ) ;
#4847 = CARTESIAN_POINT ( 'NONE',  ( 0.03414382850163347900, 0.1578430489102896100, 0.02011697791585003900 ) ) ;
#4848 = VECTOR ( 'NONE', #1879, 39.37007874015748100 ) ;
#4849 = ORIENTED_EDGE ( 'NONE', *, *, #2469, .T. ) ;
#4850 = CARTESIAN_POINT ( 'NONE',  ( 0.08394028921923851700, 0.01850971557695654100, -0.06613302208415015900 ) ) ;
#4851 =( CONVERSION_BASED_UNIT ( 'INCH', #1891 ) LENGTH_UNIT ( ) NAMED_UNIT ( #985 ) );
#4852 = ORIENTED_EDGE ( 'NONE', *, *, #711, .T. ) ;
#4853 = CARTESIAN_POINT ( 'NONE',  ( 0.05074264874083551200, 0.1551763822436229300, 0.04886697791585006100 ) ) ;
#4854 = SURFACE_STYLE_USAGE ( .BOTH. , #4872 ) ;
#4855 = SURFACE_STYLE_FILL_AREA ( #3136 ) ;
#4856 = CARTESIAN_POINT ( 'NONE',  ( -0.03805971078076162600, -0.2424902844230432100, 0.05979217476624355800 ) ) ;
#4857 = ORIENTED_EDGE ( 'NONE', *, *, #1185, .F. ) ;
#4858 = ORIENTED_EDGE ( 'NONE', *, *, #671, .T. ) ;
#4859 = EDGE_LOOP ( 'NONE', ( #2765, #4289, #1232, #3159 ) ) ;
#4860 = CARTESIAN_POINT ( 'NONE',  ( 0.08394028921923650500, 0.1515097155769567200, 0.06015071634177583000 ) ) ;
#4861 = CARTESIAN_POINT ( 'NONE',  ( 0.1054402892192386900, 0.2431080598046782800, 0.05962380667839724300 ) ) ;
#4862 =( LENGTH_UNIT ( ) NAMED_UNIT ( * ) SI_UNIT ( $, .METRE. ) );
#4863 = CARTESIAN_POINT ( 'NONE',  ( 0.1670787279825446900, -0.05849028442304326400, -0.008633022084150246400 ) ) ;
#4864 = CARTESIAN_POINT ( 'NONE',  ( 0.1171379296976423900, 0.1498430489102896300, 0.04886697791584964500 ) ) ;
#4865 = CARTESIAN_POINT ( 'NONE',  ( 0.08394028921923843400, 0.1057739569193662200, 0.06036697791584985700 ) ) ;
#4866 = CIRCLE ( 'NONE', #3747, 0.1106968810916178900 ) ;
#4867 = ORIENTED_EDGE ( 'NONE', *, *, #685, .F. ) ;
#4868 = CARTESIAN_POINT ( 'NONE',  ( 0.1337367499368437600, 0.08784304891028971200, -0.03738302208415023700 ) ) ;
#4869 =( LENGTH_UNIT ( ) NAMED_UNIT ( * ) SI_UNIT ( $, .METRE. ) );
#4870 =( GEOMETRIC_REPRESENTATION_CONTEXT ( 3 ) GLOBAL_UNCERTAINTY_ASSIGNED_CONTEXT ( ( #1920 ) ) GLOBAL_UNIT_ASSIGNED_CONTEXT ( ( #900, #884, #872 ) ) REPRESENTATION_CONTEXT ( 'NONE', 'WORKASPACE' ) );
#4871 = CARTESIAN_POINT ( 'NONE',  ( 0.1337367499368440600, 0.1471763822436229800, 0.02011697791584941100 ) ) ;
#4872 = SURFACE_SIDE_STYLE ('',( #1943 ) ) ;
#4873 = FILL_AREA_STYLE ('',( #238 ) ) ;
#4874 = LENGTH_MEASURE_WITH_UNIT ( LENGTH_MEASURE( 0.02539999999999999900 ), #3663 );
#4875 = STYLED_ITEM ( 'NONE', ( #3690 ), #1777 ) ;
#4876 = CARTESIAN_POINT ( 'NONE',  ( 0.08394028921923846200, 0.08750971557695702600, 0.06036697791584985000 ) ) ;
#4877 = CARTESIAN_POINT ( 'NONE',  ( 0.08394028921923843400, 0.1675097155769567100, -0.008633022084150142300 ) ) ;
#4878 = SURFACE_STYLE_USAGE ( .BOTH. , #4881 ) ;
#4879 = CARTESIAN_POINT ( 'NONE',  ( 0.1503355701760455400, 0.1445097155769563000, -0.008633022084150456300 ) ) ;
#4880 = DIRECTION ( 'NONE',  ( 0.0000000000000000000, -1.000000000000000000, 0.0000000000000000000 ) ) ;
#4881 = SURFACE_SIDE_STYLE ('',( #2924 ) ) ;
#4882 = CARTESIAN_POINT ( 'NONE',  ( 0.1171379296976420000, 0.08517638224362307500, -0.06613302208415021400 ) ) ;
#4883 = SURFACE_STYLE_USAGE ( .BOTH. , #4911 ) ;
#4884 = CARTESIAN_POINT ( 'NONE',  ( 0.1171379296976418800, 0.1391763822436230000, -0.06613302208415025600 ) ) ;
#4885 = FILL_AREA_STYLE ('',( #1650 ) ) ;
#4886 = CARTESIAN_POINT ( 'NONE',  ( 0.03414382850163333300, -0.06082361775637657600, -0.03738302208415009800 ) ) ;
#4887 =( BOUNDED_CURVE ( )  B_SPLINE_CURVE ( 2, ( #2477, #2490, #2372, #2345, #2336, #2328, #2322, #2303, #2296, #2288, #2269, #2261, #2253, #2247, #2230, #2225, #2222, #2205, #2195, #2188, #2182, #2172, #2165, #2159, #2156 ),
 .UNSPECIFIED., .F., .T. ) 
 B_SPLINE_CURVE_WITH_KNOTS ( ( 3, 2, 2, 2, 2, 2, 2, 2, 2, 2, 2, 2, 3 ),
 ( 0.0000000000000000000, 0.08333333333333332900, 0.1666666666666666600, 0.2500000000000000000, 0.3333333333333333100, 0.4166666666666666900, 0.5000000000000000000, 0.5833333333333333700, 0.6666666666666666300, 0.7499999999999998900, 0.8333333333333333700, 0.9166666666666666300, 0.9228740396386017100 ),
 .UNSPECIFIED. ) 
 CURVE ( )  GEOMETRIC_REPRESENTATION_ITEM ( )  RATIONAL_B_SPLINE_CURVE ( ( 1.000000000000000000, 0.8660254037844387100, 1.000000000000000000, 0.8660254037844387100, 1.000000000000000000, 0.8660254037844387100, 1.000000000000000000, 0.8660254037844387100, 1.000000000000000000, 0.8660254037844387100, 1.000000000000000000, 0.8660254037844387100, 1.000000000000000000, 0.8660254037844387100, 1.000000000000000000, 0.8660254037844387100, 1.000000000000000000, 0.8660254037844387100, 1.000000000000000000, 0.8660254037844387100, 1.000000000000000000, 0.8660254037844387100, 1.000000000000000000, 0.9900204365503072500, 0.9815275980389185400 ) ) 
 REPRESENTATION_ITEM ( '' )  );
#4888 = DIRECTION ( 'NONE',  ( 1.000000000000000000, 0.0000000000000000000, 0.0000000000000000000 ) ) ;
#4889 = PLANE ( 'NONE',  #1595 ) ;
#4890 = CARTESIAN_POINT ( 'NONE',  ( 0.08394028921923824000, 0.1365097155769563200, -0.06613302208415015900 ) ) ;
#4891 = CARTESIAN_POINT ( 'NONE',  ( 0.2379402892192384900, -0.04249028442304322900, 0.1463669779158498500 ) ) ;
#4892 = DIMENSIONAL_EXPONENTS ( 1.000000000000000000, 0.0000000000000000000, 0.0000000000000000000, 0.0000000000000000000, 0.0000000000000000000, 0.0000000000000000000, 0.0000000000000000000 ) ;
#4893 = STYLED_ITEM ( 'NONE', ( #2145 ), #1076 ) ;
#4894 = CARTESIAN_POINT ( 'NONE',  ( 0.08394028921923851700, 0.08250971557695639700, -0.06613302208415015900 ) ) ;
#4895 = CIRCLE ( 'NONE', #3581, 0.04700000000000003500 ) ;
#4896 = FILL_AREA_STYLE ('',( #1361 ) ) ;
#4897 = COLOUR_RGB ( '',0.9882352941176471000, 1.000000000000000000, 0.9882352941176471000 ) ;
#4898 = DIRECTION ( 'NONE',  ( 2.449212707644754500E-016, -1.000000000000000000, -0.0000000000000000000 ) ) ;
#4899 = FACE_OUTER_BOUND ( 'NONE', #1978, .T. ) ;
#4900 = PRESENTATION_LAYER_ASSIGNMENT (  '', '', ( #4487 ) ) ;
#4901 = ORIENTED_EDGE ( 'NONE', *, *, #1041, .F. ) ;
#4902 = PRESENTATION_STYLE_ASSIGNMENT (( #2893 ) ) ;
#4903 = LINE ( 'NONE', #4865, #949 ) ;
#4904 = SURFACE_STYLE_FILL_AREA ( #4426 ) ;
#4905 = FILL_AREA_STYLE ('',( #2309 ) ) ;
#4906 = DIRECTION ( 'NONE',  ( 2.449212707644754500E-016, -1.000000000000000000, -0.0000000000000000000 ) ) ;
#4907 = CARTESIAN_POINT ( 'NONE',  ( 0.1609402892192386700, 0.2165097155769567800, 0.01286697791584984000 ) ) ;
#4908 = CARTESIAN_POINT ( 'NONE',  ( 0.05074264874083499900, 0.1338430489102896700, -0.06613302208415008900 ) ) ;
#4909 = EDGE_LOOP ( 'NONE', ( #3908, #3964, #827, #4286, #105, #4348, #2263 ) ) ;
#4910 = PRESENTATION_STYLE_ASSIGNMENT (( #3688 ) ) ;
#4911 = SURFACE_SIDE_STYLE ('',( #72 ) ) ;
#4912 = FILL_AREA_STYLE ('',( #4671 ) ) ;
#4913 = CARTESIAN_POINT ( 'NONE',  ( -0.05143824288073677700, 0.2165097155769567800, 0.01286697791584984000 ) ) ;
#4914 = FACE_OUTER_BOUND ( 'NONE', #181, .T. ) ;
#4915 = ORIENTED_EDGE ( 'NONE', *, *, #2428, .F. ) ;
#4916 = ORIENTED_EDGE ( 'NONE', *, *, #728, .T. ) ;
#4917 = DIRECTION ( 'NONE',  ( -1.000000000000000000, 0.0000000000000000000, 0.0000000000000000000 ) ) ;
#4918 = CARTESIAN_POINT ( 'NONE',  ( 0.03414382850163322200, 0.1311763822436229900, -0.03738302208414991100 ) ) ;
#4919 = FILL_AREA_STYLE_COLOUR ( '', #1218 ) ;
#4920 = UNCERTAINTY_MEASURE_WITH_UNIT (LENGTH_MEASURE( 1.000000000000000100E-005 ), #4851, 'distance_accuracy_value', 'NONE');
#4921 = CARTESIAN_POINT ( 'NONE',  ( -0.05128110547132507000, 0.2184472247051325300, 0.01286697791584984000 ) ) ;
#4922 = ORIENTED_EDGE ( 'NONE', *, *, #2476, .T. ) ;
#4923 = ORIENTED_EDGE ( 'NONE', *, *, #1684, .F. ) ;
#4924 = DIMENSIONAL_EXPONENTS ( 1.000000000000000000, 0.0000000000000000000, 0.0000000000000000000, 0.0000000000000000000, 0.0000000000000000000, 0.0000000000000000000, 0.0000000000000000000 ) ;
#4925 = ORIENTED_EDGE ( 'NONE', *, *, #1792, .F. ) ;
#4926 =( CONVERSION_BASED_UNIT ( 'INCH', #2487 ) LENGTH_UNIT ( ) NAMED_UNIT ( #4321 ) );
#4927 = DIRECTION ( 'NONE',  ( -0.0000000000000000000, 1.000000000000000000, -0.0000000000000000000 ) ) ;
#4928 = FACE_OUTER_BOUND ( 'NONE', #561, .T. ) ;
#4929 = CARTESIAN_POINT ( 'NONE',  ( 0.01754500826243164000, 0.1285097155769563700, -0.008633022084149634100 ) ) ;
#4930 = DIRECTION ( 'NONE',  ( 0.0000000000000000000, 0.0000000000000000000, 1.000000000000000000 ) ) ;
#4931 = FILL_AREA_STYLE ('',( #345 ) ) ;
#4932 = ORIENTED_EDGE ( 'NONE', *, *, #1430, .T. ) ;
#4933 = CARTESIAN_POINT ( 'NONE',  ( -0.05112396137527963600, 0.2203847332910154100, 0.01286697791584984000 ) ) ;
ENDSEC;
END-ISO-10303-21;
